# Blender 4.4.1
# www.blender.org
o Cube
v 0.303202 0.303202 -0.498709
v 0.303202 0.498709 -0.303202
v 0.498709 0.303202 -0.303202
v 0.303228 0.468631 -0.494335
v 0.303158 0.484062 -0.484062
v 0.468631 0.303228 -0.494335
v 0.468342 0.468342 -0.490201
v 0.467664 0.481764 -0.481764
v 0.478234 0.478234 -0.478234
v 0.468631 0.494335 -0.303228
v 0.484061 0.484062 -0.303158
v 0.303228 0.494335 -0.468631
v 0.468342 0.490201 -0.468342
v 0.481764 0.481764 -0.467664
v 0.494335 0.303228 -0.468631
v 0.484061 0.303158 -0.484062
v 0.494335 0.468631 -0.303228
v 0.490201 0.468342 -0.468342
v 0.481764 0.467664 -0.481764
v 0.303202 -0.498709 -0.303202
v 0.303202 -0.303202 -0.498709
v 0.498709 -0.303202 -0.303202
v 0.303228 -0.494335 -0.468631
v 0.303158 -0.484062 -0.484062
v 0.468631 -0.494335 -0.303228
v 0.468342 -0.490201 -0.468342
v 0.467664 -0.481764 -0.481764
v 0.478234 -0.478234 -0.478234
v 0.468631 -0.303228 -0.494335
v 0.484061 -0.303158 -0.484062
v 0.303228 -0.468631 -0.494335
v 0.468342 -0.468342 -0.490201
v 0.481764 -0.467664 -0.481764
v 0.494335 -0.468631 -0.303228
v 0.484061 -0.484062 -0.303158
v 0.494335 -0.303228 -0.468631
v 0.490201 -0.468342 -0.468342
v 0.481764 -0.481764 -0.467664
v 0.498709 0.303202 0.303202
v 0.303202 0.498709 0.303202
v 0.303202 0.303202 0.498709
v 0.494335 0.468631 0.303228
v 0.484062 0.484061 0.303158
v 0.494335 0.303228 0.468631
v 0.490201 0.468342 0.468342
v 0.481764 0.481764 0.467664
v 0.478234 0.478234 0.478234
v 0.303228 0.494335 0.468631
v 0.303158 0.484062 0.484062
v 0.468631 0.494335 0.303228
v 0.468342 0.490201 0.468342
v 0.467664 0.481764 0.481764
v 0.468631 0.303228 0.494335
v 0.484062 0.303158 0.484061
v 0.303228 0.468631 0.494335
v 0.468342 0.468342 0.490201
v 0.481764 0.467664 0.481764
v 0.498709 -0.303202 0.303202
v 0.303202 -0.303202 0.498709
v 0.303202 -0.498709 0.303202
v 0.494335 -0.303228 0.468631
v 0.484062 -0.303158 0.484061
v 0.494335 -0.468631 0.303228
v 0.490201 -0.468342 0.468342
v 0.481764 -0.467664 0.481764
v 0.478234 -0.478234 0.478234
v 0.303228 -0.468631 0.494335
v 0.303158 -0.484062 0.484062
v 0.468631 -0.303228 0.494335
v 0.468342 -0.468342 0.490201
v 0.467664 -0.481764 0.481764
v 0.468631 -0.494335 0.303228
v 0.484062 -0.484061 0.303158
v 0.303228 -0.494335 0.468631
v 0.468342 -0.490201 0.468342
v 0.481764 -0.481764 0.467664
v -0.303202 0.303202 -0.498709
v -0.498709 0.303202 -0.303202
v -0.303202 0.498709 -0.303202
v -0.468631 0.303228 -0.494335
v -0.484062 0.303158 -0.484062
v -0.303228 0.468631 -0.494335
v -0.468342 0.468342 -0.490201
v -0.481764 0.467664 -0.481764
v -0.478234 0.478234 -0.478234
v -0.494335 0.468631 -0.303228
v -0.484062 0.484062 -0.303158
v -0.494335 0.303228 -0.468631
v -0.490201 0.468342 -0.468342
v -0.481764 0.481764 -0.467664
v -0.303228 0.494335 -0.468631
v -0.303158 0.484062 -0.484062
v -0.468631 0.494335 -0.303228
v -0.468342 0.490201 -0.468342
v -0.467664 0.481764 -0.481764
v -0.498709 -0.303202 -0.303202
v -0.303202 -0.303202 -0.498709
v -0.303202 -0.498709 -0.303202
v -0.494335 -0.303228 -0.468631
v -0.484062 -0.303158 -0.484062
v -0.494335 -0.468631 -0.303228
v -0.490201 -0.468342 -0.468342
v -0.481764 -0.467664 -0.481764
v -0.478234 -0.478234 -0.478234
v -0.303228 -0.468631 -0.494335
v -0.303158 -0.484062 -0.484062
v -0.468631 -0.303228 -0.494335
v -0.468342 -0.468342 -0.490201
v -0.467664 -0.481764 -0.481764
v -0.468631 -0.494335 -0.303228
v -0.484062 -0.484062 -0.303158
v -0.303228 -0.494335 -0.468631
v -0.468342 -0.490201 -0.468342
v -0.481764 -0.481764 -0.467664
v -0.498709 0.303202 0.303202
v -0.303202 0.303202 0.498709
v -0.303202 0.498709 0.303202
v -0.494335 0.303228 0.468631
v -0.484062 0.303158 0.484062
v -0.494335 0.468631 0.303228
v -0.490201 0.468342 0.468342
v -0.481764 0.467664 0.481764
v -0.478234 0.478234 0.478234
v -0.303228 0.468631 0.494335
v -0.303158 0.484062 0.484062
v -0.468631 0.303228 0.494335
v -0.468342 0.468342 0.490201
v -0.467664 0.481764 0.481764
v -0.468631 0.494335 0.303228
v -0.484062 0.484062 0.303158
v -0.303228 0.494335 0.468631
v -0.468342 0.490201 0.468342
v -0.481764 0.481764 0.467664
v -0.303202 -0.498709 0.303202
v -0.303202 -0.303202 0.498709
v -0.498709 -0.303202 0.303202
v -0.303228 -0.494335 0.468631
v -0.303158 -0.484062 0.484062
v -0.468631 -0.494335 0.303228
v -0.468342 -0.490201 0.468342
v -0.467664 -0.481764 0.481764
v -0.478234 -0.478234 0.478234
v -0.468631 -0.303228 0.494335
v -0.484062 -0.303158 0.484062
v -0.303228 -0.468631 0.494335
v -0.468342 -0.468342 0.490201
v -0.481764 -0.467664 0.481764
v -0.494335 -0.468631 0.303228
v -0.484062 -0.484062 0.303158
v -0.494335 -0.303228 0.468631
v -0.490201 -0.468342 0.468342
v -0.481764 -0.481764 0.467664
v 0.461871 0.303232 -0.495941
v 0.441185 0.303226 -0.497178
v 0.392864 0.303214 -0.498087
v 0.303214 0.392864 -0.498087
v 0.303226 0.441184 -0.497178
v 0.303232 0.461871 -0.495941
v 0.392907 0.468612 -0.493691
v 0.441209 0.468569 -0.492788
v 0.461800 0.468485 -0.491625
v 0.468485 0.461800 -0.491625
v 0.468569 0.441209 -0.492788
v 0.468612 0.392907 -0.493691
v 0.303211 0.472884 -0.492329
v 0.303188 0.476891 -0.489935
v 0.303167 0.480626 -0.487172
v 0.392769 0.483691 -0.483691
v 0.440959 0.483179 -0.483179
v 0.461376 0.482534 -0.482534
v 0.467737 0.478916 -0.484305
v 0.467914 0.475743 -0.486551
v 0.468136 0.472225 -0.488513
v 0.480626 0.303167 -0.487172
v 0.476891 0.303188 -0.489935
v 0.472884 0.303211 -0.492329
v 0.472225 0.468136 -0.488513
v 0.475743 0.467914 -0.486551
v 0.478916 0.467736 -0.484305
v 0.482534 0.461376 -0.482534
v 0.483179 0.440959 -0.483179
v 0.483691 0.392769 -0.483691
v 0.471190 0.480883 -0.480883
v 0.474197 0.479933 -0.479933
v 0.476633 0.478978 -0.478978
v 0.478978 0.476633 -0.478978
v 0.479933 0.474197 -0.479933
v 0.480883 0.471190 -0.480883
v 0.303232 0.495941 -0.461871
v 0.303226 0.497178 -0.441185
v 0.303214 0.498087 -0.392864
v 0.392864 0.498087 -0.303214
v 0.441184 0.497178 -0.303226
v 0.461871 0.495941 -0.303232
v 0.468612 0.493691 -0.392907
v 0.468569 0.492788 -0.441209
v 0.468485 0.491625 -0.461800
v 0.461800 0.491625 -0.468485
v 0.441209 0.492788 -0.468569
v 0.392907 0.493691 -0.468612
v 0.472884 0.492329 -0.303211
v 0.476891 0.489935 -0.303188
v 0.480626 0.487172 -0.303167
v 0.483691 0.483691 -0.392769
v 0.483179 0.483179 -0.440959
v 0.482534 0.482534 -0.461376
v 0.478916 0.484305 -0.467736
v 0.475743 0.486551 -0.467914
v 0.472225 0.488513 -0.468136
v 0.303167 0.487172 -0.480626
v 0.303188 0.489935 -0.476891
v 0.303211 0.492329 -0.472884
v 0.468136 0.488513 -0.472225
v 0.467914 0.486551 -0.475743
v 0.467736 0.484305 -0.478916
v 0.480883 0.480883 -0.471190
v 0.479933 0.479933 -0.474197
v 0.478978 0.478978 -0.476633
v 0.495941 0.461871 -0.303232
v 0.497178 0.441185 -0.303226
v 0.498087 0.392864 -0.303214
v 0.498087 0.303214 -0.392864
v 0.497178 0.303226 -0.441184
v 0.495941 0.303232 -0.461871
v 0.493691 0.392907 -0.468612
v 0.492788 0.441209 -0.468569
v 0.491625 0.461800 -0.468485
v 0.491625 0.468485 -0.461800
v 0.492788 0.468569 -0.441209
v 0.493691 0.468612 -0.392907
v 0.492329 0.303211 -0.472884
v 0.489935 0.303188 -0.476891
v 0.487172 0.303167 -0.480626
v 0.484305 0.467736 -0.478916
v 0.486551 0.467914 -0.475743
v 0.488513 0.468136 -0.472225
v 0.487172 0.480626 -0.303167
v 0.489935 0.476891 -0.303188
v 0.492329 0.472884 -0.303211
v 0.488513 0.472225 -0.468136
v 0.486551 0.475743 -0.467914
v 0.484305 0.478916 -0.467736
v 0.461871 -0.495941 -0.303232
v 0.441185 -0.497178 -0.303226
v 0.392864 -0.498087 -0.303214
v 0.303214 -0.498087 -0.392864
v 0.303226 -0.497178 -0.441184
v 0.303232 -0.495941 -0.461871
v 0.392907 -0.493691 -0.468612
v 0.441209 -0.492788 -0.468569
v 0.461800 -0.491625 -0.468485
v 0.468485 -0.491625 -0.461800
v 0.468569 -0.492788 -0.441209
v 0.468612 -0.493691 -0.392907
v 0.303211 -0.492329 -0.472884
v 0.303188 -0.489935 -0.476891
v 0.303167 -0.487172 -0.480626
v 0.392769 -0.483691 -0.483691
v 0.440959 -0.483179 -0.483179
v 0.461376 -0.482534 -0.482534
v 0.467737 -0.484305 -0.478916
v 0.467914 -0.486551 -0.475743
v 0.468136 -0.488513 -0.472225
v 0.480626 -0.487172 -0.303167
v 0.476891 -0.489935 -0.303188
v 0.472884 -0.492329 -0.303211
v 0.472225 -0.488513 -0.468136
v 0.475743 -0.486551 -0.467914
v 0.478916 -0.484305 -0.467736
v 0.482534 -0.482534 -0.461376
v 0.483179 -0.483179 -0.440959
v 0.483691 -0.483691 -0.392769
v 0.471190 -0.480883 -0.480883
v 0.474197 -0.479933 -0.479933
v 0.476633 -0.478978 -0.478978
v 0.478978 -0.478978 -0.476633
v 0.479933 -0.479933 -0.474197
v 0.480883 -0.480883 -0.471190
v 0.303232 -0.461871 -0.495941
v 0.303226 -0.441185 -0.497178
v 0.303214 -0.392864 -0.498087
v 0.392864 -0.303214 -0.498087
v 0.441184 -0.303226 -0.497178
v 0.461871 -0.303232 -0.495941
v 0.468612 -0.392907 -0.493691
v 0.468569 -0.441209 -0.492788
v 0.468485 -0.461800 -0.491625
v 0.461800 -0.468485 -0.491625
v 0.441209 -0.468569 -0.492788
v 0.392907 -0.468612 -0.493691
v 0.472884 -0.303211 -0.492329
v 0.476891 -0.303188 -0.489935
v 0.480626 -0.303167 -0.487172
v 0.483691 -0.392769 -0.483691
v 0.483179 -0.440959 -0.483179
v 0.482534 -0.461376 -0.482534
v 0.478916 -0.467736 -0.484305
v 0.475743 -0.467914 -0.486551
v 0.472225 -0.468136 -0.488513
v 0.303167 -0.480626 -0.487172
v 0.303188 -0.476891 -0.489935
v 0.303211 -0.472884 -0.492329
v 0.468136 -0.472225 -0.488513
v 0.467914 -0.475743 -0.486551
v 0.467736 -0.478916 -0.484305
v 0.480883 -0.471190 -0.480883
v 0.479933 -0.474197 -0.479933
v 0.478978 -0.476633 -0.478978
v 0.495941 -0.303232 -0.461871
v 0.497178 -0.303226 -0.441185
v 0.498087 -0.303214 -0.392864
v 0.498087 -0.392864 -0.303214
v 0.497178 -0.441184 -0.303226
v 0.495941 -0.461871 -0.303232
v 0.493691 -0.468612 -0.392907
v 0.492788 -0.468569 -0.441209
v 0.491625 -0.468485 -0.461800
v 0.491625 -0.461800 -0.468485
v 0.492788 -0.441209 -0.468569
v 0.493691 -0.392907 -0.468612
v 0.492329 -0.472884 -0.303211
v 0.489935 -0.476891 -0.303188
v 0.487172 -0.480626 -0.303167
v 0.484305 -0.478916 -0.467736
v 0.486551 -0.475743 -0.467914
v 0.488513 -0.472225 -0.468136
v 0.487172 -0.303167 -0.480626
v 0.489935 -0.303188 -0.476891
v 0.492329 -0.303211 -0.472884
v 0.488513 -0.468136 -0.472225
v 0.486551 -0.467914 -0.475743
v 0.484305 -0.467736 -0.478916
v 0.495941 0.303232 0.461871
v 0.497178 0.303226 0.441185
v 0.498087 0.303214 0.392864
v 0.498087 0.392864 0.303214
v 0.497178 0.441184 0.303226
v 0.495941 0.461871 0.303232
v 0.493691 0.468612 0.392907
v 0.492788 0.468569 0.441209
v 0.491625 0.468485 0.461800
v 0.491625 0.461800 0.468485
v 0.492788 0.441209 0.468569
v 0.493691 0.392907 0.468612
v 0.492329 0.472884 0.303211
v 0.489935 0.476891 0.303188
v 0.487172 0.480626 0.303167
v 0.483691 0.483691 0.392769
v 0.483179 0.483179 0.440959
v 0.482534 0.482534 0.461376
v 0.484305 0.478916 0.467736
v 0.486551 0.475743 0.467914
v 0.488513 0.472225 0.468136
v 0.487172 0.303167 0.480626
v 0.489935 0.303188 0.476891
v 0.492329 0.303211 0.472884
v 0.488513 0.468136 0.472225
v 0.486551 0.467914 0.475743
v 0.484305 0.467736 0.478916
v 0.482534 0.461376 0.482534
v 0.483179 0.440959 0.483179
v 0.483691 0.392769 0.483691
v 0.480883 0.480883 0.471190
v 0.479933 0.479933 0.474197
v 0.478978 0.478978 0.476633
v 0.478978 0.476633 0.478978
v 0.479933 0.474197 0.479933
v 0.480883 0.471190 0.480883
v 0.461871 0.495941 0.303232
v 0.441185 0.497178 0.303226
v 0.392864 0.498087 0.303214
v 0.303214 0.498087 0.392864
v 0.303226 0.497178 0.441184
v 0.303232 0.495941 0.461871
v 0.392907 0.493691 0.468612
v 0.441209 0.492788 0.468569
v 0.461800 0.491625 0.468485
v 0.468485 0.491625 0.461800
v 0.468569 0.492788 0.441209
v 0.468612 0.493691 0.392907
v 0.303211 0.492329 0.472884
v 0.303188 0.489935 0.476891
v 0.303167 0.487172 0.480626
v 0.392769 0.483691 0.483691
v 0.440959 0.483179 0.483179
v 0.461376 0.482534 0.482534
v 0.467737 0.484305 0.478916
v 0.467914 0.486551 0.475743
v 0.468136 0.488513 0.472225
v 0.480626 0.487172 0.303167
v 0.476891 0.489935 0.303188
v 0.472884 0.492329 0.303211
v 0.472225 0.488513 0.468136
v 0.475743 0.486551 0.467914
v 0.478916 0.484305 0.467736
v 0.471190 0.480883 0.480883
v 0.474197 0.479933 0.479933
v 0.476633 0.478978 0.478978
v 0.303232 0.461871 0.495941
v 0.303226 0.441185 0.497178
v 0.303214 0.392864 0.498087
v 0.392864 0.303214 0.498087
v 0.441184 0.303226 0.497178
v 0.461871 0.303232 0.495941
v 0.468612 0.392907 0.493691
v 0.468569 0.441209 0.492788
v 0.468485 0.461800 0.491625
v 0.461800 0.468485 0.491625
v 0.441209 0.468569 0.492788
v 0.392907 0.468612 0.493691
v 0.472884 0.303211 0.492329
v 0.476891 0.303188 0.489935
v 0.480626 0.303167 0.487172
v 0.478916 0.467736 0.484305
v 0.475743 0.467914 0.486551
v 0.472225 0.468136 0.488513
v 0.303167 0.480626 0.487172
v 0.303188 0.476891 0.489935
v 0.303211 0.472884 0.492329
v 0.468136 0.472225 0.488513
v 0.467914 0.475743 0.486551
v 0.467736 0.478916 0.484305
v 0.495941 -0.461871 0.303232
v 0.497178 -0.441185 0.303226
v 0.498087 -0.392864 0.303214
v 0.498087 -0.303214 0.392864
v 0.497178 -0.303226 0.441184
v 0.495941 -0.303232 0.461871
v 0.493691 -0.392907 0.468612
v 0.492788 -0.441209 0.468569
v 0.491625 -0.461800 0.468485
v 0.491625 -0.468485 0.461800
v 0.492788 -0.468569 0.441209
v 0.493691 -0.468612 0.392907
v 0.492329 -0.303211 0.472884
v 0.489935 -0.303188 0.476891
v 0.487172 -0.303167 0.480626
v 0.483691 -0.392769 0.483691
v 0.483179 -0.440959 0.483179
v 0.482534 -0.461376 0.482534
v 0.484305 -0.467736 0.478916
v 0.486551 -0.467914 0.475743
v 0.488513 -0.468136 0.472225
v 0.487172 -0.480626 0.303167
v 0.489935 -0.476891 0.303188
v 0.492329 -0.472884 0.303211
v 0.488513 -0.472225 0.468136
v 0.486551 -0.475743 0.467914
v 0.484305 -0.478916 0.467736
v 0.482534 -0.482534 0.461376
v 0.483179 -0.483179 0.440959
v 0.483691 -0.483691 0.392769
v 0.480883 -0.471190 0.480883
v 0.479933 -0.474197 0.479933
v 0.478978 -0.476633 0.478978
v 0.478978 -0.478978 0.476633
v 0.479933 -0.479933 0.474197
v 0.480883 -0.480883 0.471190
v 0.461871 -0.303232 0.495941
v 0.441185 -0.303226 0.497178
v 0.392864 -0.303214 0.498087
v 0.303214 -0.392864 0.498087
v 0.303226 -0.441184 0.497178
v 0.303232 -0.461871 0.495941
v 0.392907 -0.468612 0.493691
v 0.441209 -0.468569 0.492788
v 0.461800 -0.468485 0.491625
v 0.468485 -0.461800 0.491625
v 0.468569 -0.441209 0.492788
v 0.468612 -0.392907 0.493691
v 0.303211 -0.472884 0.492329
v 0.303188 -0.476891 0.489935
v 0.303167 -0.480626 0.487172
v 0.392769 -0.483691 0.483691
v 0.440959 -0.483179 0.483179
v 0.461376 -0.482534 0.482534
v 0.467737 -0.478916 0.484305
v 0.467914 -0.475743 0.486551
v 0.468136 -0.472225 0.488513
v 0.480626 -0.303167 0.487172
v 0.476891 -0.303188 0.489935
v 0.472884 -0.303211 0.492329
v 0.472225 -0.468136 0.488513
v 0.475743 -0.467914 0.486551
v 0.478916 -0.467736 0.484305
v 0.471190 -0.480883 0.480883
v 0.474197 -0.479933 0.479933
v 0.476633 -0.478978 0.478978
v 0.303232 -0.495941 0.461871
v 0.303226 -0.497178 0.441185
v 0.303214 -0.498087 0.392864
v 0.392864 -0.498087 0.303214
v 0.441184 -0.497178 0.303226
v 0.461871 -0.495941 0.303232
v 0.468612 -0.493691 0.392907
v 0.468569 -0.492788 0.441209
v 0.468485 -0.491625 0.461800
v 0.461800 -0.491625 0.468485
v 0.441209 -0.492788 0.468569
v 0.392907 -0.493691 0.468612
v 0.472884 -0.492329 0.303211
v 0.476891 -0.489935 0.303188
v 0.480626 -0.487172 0.303167
v 0.478916 -0.484305 0.467736
v 0.475743 -0.486551 0.467914
v 0.472225 -0.488513 0.468136
v 0.303167 -0.487172 0.480626
v 0.303188 -0.489935 0.476891
v 0.303211 -0.492329 0.472884
v 0.468136 -0.488513 0.472225
v 0.467914 -0.486551 0.475743
v 0.467736 -0.484305 0.478916
v -0.303232 0.461871 -0.495941
v -0.303226 0.441185 -0.497178
v -0.303214 0.392864 -0.498087
v -0.392864 0.303214 -0.498087
v -0.441184 0.303226 -0.497178
v -0.461871 0.303232 -0.495941
v -0.468612 0.392907 -0.493691
v -0.468569 0.441209 -0.492788
v -0.468485 0.461800 -0.491625
v -0.461800 0.468485 -0.491625
v -0.441209 0.468569 -0.492788
v -0.392907 0.468612 -0.493691
v -0.472884 0.303211 -0.492329
v -0.476891 0.303188 -0.489935
v -0.480626 0.303167 -0.487172
v -0.483691 0.392769 -0.483691
v -0.483179 0.440959 -0.483179
v -0.482534 0.461376 -0.482534
v -0.478916 0.467737 -0.484305
v -0.475743 0.467914 -0.486551
v -0.472225 0.468136 -0.488513
v -0.303167 0.480626 -0.487172
v -0.303188 0.476891 -0.489935
v -0.303211 0.472884 -0.492329
v -0.468136 0.472225 -0.488513
v -0.467914 0.475743 -0.486551
v -0.467736 0.478916 -0.484305
v -0.461376 0.482534 -0.482534
v -0.440959 0.483179 -0.483179
v -0.392769 0.483691 -0.483691
v -0.480883 0.471190 -0.480883
v -0.479933 0.474197 -0.479933
v -0.478978 0.476633 -0.478978
v -0.476633 0.478978 -0.478978
v -0.474197 0.479933 -0.479933
v -0.471190 0.480883 -0.480883
v -0.495941 0.303232 -0.461871
v -0.497178 0.303226 -0.441185
v -0.498087 0.303214 -0.392864
v -0.498087 0.392864 -0.303214
v -0.497178 0.441184 -0.303226
v -0.495941 0.461871 -0.303232
v -0.493691 0.468612 -0.392907
v -0.492788 0.468569 -0.441209
v -0.491625 0.468485 -0.461800
v -0.491625 0.461800 -0.468485
v -0.492788 0.441209 -0.468569
v -0.493691 0.392907 -0.468612
v -0.492329 0.472884 -0.303211
v -0.489935 0.476891 -0.303188
v -0.487172 0.480626 -0.303167
v -0.483691 0.483691 -0.392769
v -0.483179 0.483179 -0.440959
v -0.482534 0.482534 -0.461376
v -0.484305 0.478916 -0.467737
v -0.486551 0.475743 -0.467914
v -0.488513 0.472225 -0.468136
v -0.487172 0.303167 -0.480626
v -0.489935 0.303188 -0.476891
v -0.492329 0.303211 -0.472884
v -0.488513 0.468136 -0.472225
v -0.486551 0.467914 -0.475743
v -0.484305 0.467736 -0.478916
v -0.480883 0.480883 -0.471190
v -0.479933 0.479933 -0.474197
v -0.478978 0.478978 -0.476633
v -0.461871 0.495941 -0.303232
v -0.441185 0.497178 -0.303226
v -0.392864 0.498087 -0.303214
v -0.303214 0.498087 -0.392864
v -0.303226 0.497178 -0.441184
v -0.303232 0.495941 -0.461871
v -0.392907 0.493691 -0.468612
v -0.441209 0.492788 -0.468569
v -0.461800 0.491625 -0.468485
v -0.468485 0.491625 -0.461800
v -0.468569 0.492788 -0.441209
v -0.468612 0.493691 -0.392907
v -0.303211 0.492329 -0.472884
v -0.303188 0.489935 -0.476891
v -0.303167 0.487172 -0.480626
v -0.467737 0.484305 -0.478916
v -0.467914 0.486551 -0.475743
v -0.468136 0.488513 -0.472225
v -0.480626 0.487172 -0.303167
v -0.476891 0.489935 -0.303188
v -0.472884 0.492329 -0.303211
v -0.472225 0.488513 -0.468136
v -0.475743 0.486551 -0.467914
v -0.478916 0.484305 -0.467736
v -0.495941 -0.461871 -0.303232
v -0.497178 -0.441185 -0.303226
v -0.498087 -0.392864 -0.303214
v -0.498087 -0.303214 -0.392864
v -0.497178 -0.303226 -0.441184
v -0.495941 -0.303232 -0.461871
v -0.493691 -0.392907 -0.468612
v -0.492788 -0.441209 -0.468569
v -0.491625 -0.461800 -0.468485
v -0.491625 -0.468485 -0.461800
v -0.492788 -0.468569 -0.441209
v -0.493691 -0.468612 -0.392907
v -0.492329 -0.303211 -0.472884
v -0.489935 -0.303188 -0.476891
v -0.487172 -0.303167 -0.480626
v -0.483691 -0.392769 -0.483691
v -0.483179 -0.440959 -0.483179
v -0.482534 -0.461376 -0.482534
v -0.484305 -0.467737 -0.478916
v -0.486551 -0.467914 -0.475743
v -0.488513 -0.468136 -0.472225
v -0.487172 -0.480626 -0.303167
v -0.489935 -0.476891 -0.303188
v -0.492329 -0.472884 -0.303211
v -0.488513 -0.472225 -0.468136
v -0.486551 -0.475743 -0.467914
v -0.484305 -0.478916 -0.467736
v -0.482534 -0.482534 -0.461376
v -0.483179 -0.483179 -0.440959
v -0.483691 -0.483691 -0.392769
v -0.480883 -0.471190 -0.480883
v -0.479933 -0.474197 -0.479933
v -0.478978 -0.476633 -0.478978
v -0.478978 -0.478978 -0.476633
v -0.479933 -0.479933 -0.474197
v -0.480883 -0.480883 -0.471190
v -0.461871 -0.303232 -0.495941
v -0.441185 -0.303226 -0.497178
v -0.392864 -0.303214 -0.498087
v -0.303214 -0.392864 -0.498087
v -0.303226 -0.441184 -0.497178
v -0.303232 -0.461871 -0.495941
v -0.392907 -0.468612 -0.493691
v -0.441209 -0.468569 -0.492788
v -0.461800 -0.468485 -0.491625
v -0.468485 -0.461800 -0.491625
v -0.468569 -0.441209 -0.492788
v -0.468612 -0.392907 -0.493691
v -0.303211 -0.472884 -0.492329
v -0.303188 -0.476891 -0.489935
v -0.303167 -0.480626 -0.487172
v -0.392769 -0.483691 -0.483691
v -0.440959 -0.483179 -0.483179
v -0.461376 -0.482534 -0.482534
v -0.467737 -0.478916 -0.484305
v -0.467914 -0.475743 -0.486551
v -0.468136 -0.472225 -0.488513
v -0.480626 -0.303167 -0.487172
v -0.476891 -0.303188 -0.489935
v -0.472884 -0.303211 -0.492329
v -0.472225 -0.468136 -0.488513
v -0.475743 -0.467914 -0.486551
v -0.478916 -0.467736 -0.484305
v -0.471190 -0.480883 -0.480883
v -0.474197 -0.479933 -0.479933
v -0.476633 -0.478978 -0.478978
v -0.303232 -0.495941 -0.461871
v -0.303226 -0.497178 -0.441185
v -0.303214 -0.498087 -0.392864
v -0.392864 -0.498087 -0.303214
v -0.441184 -0.497178 -0.303226
v -0.461871 -0.495941 -0.303232
v -0.468612 -0.493691 -0.392907
v -0.468569 -0.492788 -0.441209
v -0.468485 -0.491625 -0.461800
v -0.461800 -0.491625 -0.468485
v -0.441209 -0.492788 -0.468569
v -0.392907 -0.493691 -0.468612
v -0.472884 -0.492329 -0.303211
v -0.476891 -0.489935 -0.303188
v -0.480626 -0.487172 -0.303167
v -0.478916 -0.484305 -0.467737
v -0.475743 -0.486551 -0.467914
v -0.472225 -0.488513 -0.468136
v -0.303167 -0.487172 -0.480626
v -0.303188 -0.489935 -0.476891
v -0.303211 -0.492329 -0.472884
v -0.468136 -0.488513 -0.472225
v -0.467914 -0.486551 -0.475743
v -0.467736 -0.484305 -0.478916
v -0.495941 0.461871 0.303232
v -0.497178 0.441185 0.303226
v -0.498087 0.392864 0.303214
v -0.498087 0.303214 0.392864
v -0.497178 0.303226 0.441184
v -0.495941 0.303232 0.461871
v -0.493691 0.392907 0.468612
v -0.492788 0.441209 0.468569
v -0.491625 0.461800 0.468485
v -0.491625 0.468485 0.461800
v -0.492788 0.468569 0.441209
v -0.493691 0.468612 0.392907
v -0.492329 0.303211 0.472884
v -0.489935 0.303188 0.476891
v -0.487172 0.303167 0.480626
v -0.483691 0.392769 0.483691
v -0.483179 0.440959 0.483179
v -0.482534 0.461376 0.482534
v -0.484305 0.467737 0.478916
v -0.486551 0.467914 0.475743
v -0.488513 0.468136 0.472225
v -0.487172 0.480626 0.303167
v -0.489935 0.476891 0.303188
v -0.492329 0.472884 0.303211
v -0.488513 0.472225 0.468136
v -0.486551 0.475743 0.467914
v -0.484305 0.478916 0.467736
v -0.482534 0.482534 0.461376
v -0.483179 0.483179 0.440959
v -0.483691 0.483691 0.392769
v -0.480883 0.471190 0.480883
v -0.479933 0.474197 0.479933
v -0.478978 0.476633 0.478978
v -0.478978 0.478978 0.476633
v -0.479933 0.479933 0.474197
v -0.480883 0.480883 0.471190
v -0.461871 0.303232 0.495941
v -0.441185 0.303226 0.497178
v -0.392864 0.303214 0.498087
v -0.303214 0.392864 0.498087
v -0.303226 0.441184 0.497178
v -0.303232 0.461871 0.495941
v -0.392907 0.468612 0.493691
v -0.441209 0.468569 0.492788
v -0.461800 0.468485 0.491625
v -0.468485 0.461800 0.491625
v -0.468569 0.441209 0.492788
v -0.468612 0.392907 0.493691
v -0.303211 0.472884 0.492329
v -0.303188 0.476891 0.489935
v -0.303167 0.480626 0.487172
v -0.392769 0.483691 0.483691
v -0.440959 0.483179 0.483179
v -0.461376 0.482534 0.482534
v -0.467737 0.478916 0.484305
v -0.467914 0.475743 0.486551
v -0.468136 0.472225 0.488513
v -0.480626 0.303167 0.487172
v -0.476891 0.303188 0.489935
v -0.472884 0.303211 0.492329
v -0.472225 0.468136 0.488513
v -0.475743 0.467914 0.486551
v -0.478916 0.467736 0.484305
v -0.471190 0.480883 0.480883
v -0.474197 0.479933 0.479933
v -0.476633 0.478978 0.478978
v -0.303232 0.495941 0.461871
v -0.303226 0.497178 0.441185
v -0.303214 0.498087 0.392864
v -0.392864 0.498087 0.303214
v -0.441184 0.497178 0.303226
v -0.461871 0.495941 0.303232
v -0.468612 0.493691 0.392907
v -0.468569 0.492788 0.441209
v -0.468485 0.491625 0.461800
v -0.461800 0.491625 0.468485
v -0.441209 0.492788 0.468569
v -0.392907 0.493691 0.468612
v -0.472884 0.492329 0.303211
v -0.476891 0.489935 0.303188
v -0.480626 0.487172 0.303167
v -0.478916 0.484305 0.467737
v -0.475743 0.486551 0.467914
v -0.472225 0.488513 0.468136
v -0.303167 0.487172 0.480626
v -0.303188 0.489935 0.476891
v -0.303211 0.492329 0.472884
v -0.468136 0.488513 0.472225
v -0.467914 0.486551 0.475743
v -0.467736 0.484305 0.478916
v -0.461871 -0.495941 0.303232
v -0.441185 -0.497178 0.303226
v -0.392864 -0.498087 0.303214
v -0.303214 -0.498087 0.392864
v -0.303226 -0.497178 0.441184
v -0.303232 -0.495941 0.461871
v -0.392907 -0.493691 0.468612
v -0.441209 -0.492788 0.468569
v -0.461800 -0.491625 0.468485
v -0.468485 -0.491625 0.461800
v -0.468569 -0.492788 0.441209
v -0.468612 -0.493691 0.392907
v -0.303211 -0.492329 0.472884
v -0.303188 -0.489935 0.476891
v -0.303167 -0.487172 0.480626
v -0.392769 -0.483691 0.483691
v -0.440959 -0.483179 0.483179
v -0.461376 -0.482534 0.482534
v -0.467737 -0.484305 0.478916
v -0.467914 -0.486551 0.475743
v -0.468136 -0.488513 0.472225
v -0.480626 -0.487172 0.303167
v -0.476891 -0.489935 0.303188
v -0.472884 -0.492329 0.303211
v -0.472225 -0.488513 0.468136
v -0.475743 -0.486551 0.467914
v -0.478916 -0.484305 0.467736
v -0.482534 -0.482534 0.461376
v -0.483179 -0.483179 0.440959
v -0.483691 -0.483691 0.392769
v -0.471190 -0.480883 0.480883
v -0.474197 -0.479933 0.479933
v -0.476633 -0.478978 0.478978
v -0.478978 -0.478978 0.476633
v -0.479933 -0.479933 0.474197
v -0.480883 -0.480883 0.471190
v -0.303232 -0.461871 0.495941
v -0.303226 -0.441185 0.497178
v -0.303214 -0.392864 0.498087
v -0.392864 -0.303214 0.498087
v -0.441184 -0.303226 0.497178
v -0.461871 -0.303232 0.495941
v -0.468612 -0.392907 0.493691
v -0.468569 -0.441209 0.492788
v -0.468485 -0.461800 0.491625
v -0.461800 -0.468485 0.491625
v -0.441209 -0.468569 0.492788
v -0.392907 -0.468612 0.493691
v -0.472884 -0.303211 0.492329
v -0.476891 -0.303188 0.489935
v -0.480626 -0.303167 0.487172
v -0.483691 -0.392769 0.483691
v -0.483179 -0.440959 0.483179
v -0.482534 -0.461376 0.482534
v -0.478916 -0.467737 0.484305
v -0.475743 -0.467914 0.486551
v -0.472225 -0.468136 0.488513
v -0.303167 -0.480626 0.487172
v -0.303188 -0.476891 0.489935
v -0.303211 -0.472884 0.492329
v -0.468136 -0.472225 0.488513
v -0.467914 -0.475743 0.486551
v -0.467736 -0.478916 0.484305
v -0.480883 -0.471190 0.480883
v -0.479933 -0.474197 0.479933
v -0.478978 -0.476633 0.478978
v -0.495941 -0.303232 0.461871
v -0.497178 -0.303226 0.441185
v -0.498087 -0.303214 0.392864
v -0.498087 -0.392864 0.303214
v -0.497178 -0.441184 0.303226
v -0.495941 -0.461871 0.303232
v -0.493691 -0.468612 0.392907
v -0.492788 -0.468569 0.441209
v -0.491625 -0.468485 0.461800
v -0.491625 -0.461800 0.468485
v -0.492788 -0.441209 0.468569
v -0.493691 -0.392907 0.468612
v -0.492329 -0.472884 0.303211
v -0.489935 -0.476891 0.303188
v -0.487172 -0.480626 0.303167
v -0.484305 -0.478916 0.467737
v -0.486551 -0.475743 0.467914
v -0.488513 -0.472225 0.468136
v -0.487172 -0.303167 0.480626
v -0.489935 -0.303188 0.476891
v -0.492329 -0.303211 0.472884
v -0.488513 -0.468136 0.472225
v -0.486551 -0.467914 0.475743
v -0.484305 -0.467736 0.478916
v -0.303195 -0.499079 -0.165363
v -0.303192 -0.499202 -0.000000
v -0.303195 -0.499079 0.165363
v -0.468641 -0.494721 0.165374
v -0.468644 -0.494850 -0.000000
v -0.468641 -0.494721 -0.165374
v -0.484285 -0.484285 0.165346
v -0.484359 -0.484359 -0.000000
v -0.484285 -0.484285 -0.165346
v -0.494722 -0.468641 0.165374
v -0.494850 -0.468644 -0.000000
v -0.494722 -0.468641 -0.165374
v -0.499079 -0.303195 0.165363
v -0.499202 -0.303192 0.000000
v -0.499079 -0.303195 -0.165363
v 0.165363 -0.499079 -0.303195
v -0.000000 -0.499202 -0.303192
v -0.165363 -0.499079 -0.303195
v -0.165374 -0.494721 -0.468641
v 0.000000 -0.494850 -0.468644
v 0.165374 -0.494721 -0.468641
v -0.165346 -0.484285 -0.484285
v 0.000000 -0.484359 -0.484359
v 0.165346 -0.484285 -0.484285
v -0.165374 -0.468641 -0.494722
v 0.000000 -0.468644 -0.494850
v 0.165374 -0.468641 -0.494722
v -0.165363 -0.303195 -0.499079
v 0.000000 -0.303192 -0.499202
v 0.165363 -0.303195 -0.499079
v 0.499079 0.165363 -0.303195
v 0.499202 -0.000000 -0.303192
v 0.499079 -0.165363 -0.303195
v 0.494721 -0.165374 -0.468641
v 0.494850 0.000000 -0.468644
v 0.494721 0.165374 -0.468641
v 0.484285 -0.165346 -0.484285
v 0.484359 -0.000000 -0.484359
v 0.484285 0.165346 -0.484285
v 0.468641 -0.165374 -0.494721
v 0.468644 0.000000 -0.494850
v 0.468641 0.165374 -0.494721
v 0.303195 -0.165363 -0.499079
v 0.303192 0.000000 -0.499202
v 0.303195 0.165363 -0.499079
v -0.303195 -0.165363 0.499079
v -0.303192 -0.000000 0.499202
v -0.303195 0.165363 0.499079
v -0.468641 0.165374 0.494721
v -0.468644 -0.000000 0.494850
v -0.468641 -0.165374 0.494721
v -0.484285 0.165346 0.484285
v -0.484359 -0.000000 0.484359
v -0.484285 -0.165346 0.484285
v -0.494722 0.165374 0.468641
v -0.494850 -0.000000 0.468644
v -0.494722 -0.165374 0.468641
v -0.499079 0.165363 0.303195
v -0.499202 -0.000000 0.303192
v -0.499079 -0.165363 0.303195
v 0.303195 0.165363 0.499079
v 0.303192 -0.000000 0.499202
v 0.303195 -0.165363 0.499079
v 0.468641 -0.165374 0.494721
v 0.468644 0.000000 0.494850
v 0.468641 0.165374 0.494721
v 0.484285 -0.165346 0.484285
v 0.484359 -0.000000 0.484359
v 0.484285 0.165346 0.484285
v 0.494721 -0.165374 0.468641
v 0.494850 0.000000 0.468644
v 0.494721 0.165374 0.468641
v 0.499079 -0.165363 0.303195
v 0.499202 -0.000000 0.303192
v 0.499079 0.165363 0.303195
v -0.303195 0.165363 -0.499079
v -0.303192 0.000000 -0.499202
v -0.303195 -0.165363 -0.499079
v -0.468641 -0.165374 -0.494721
v -0.468644 0.000000 -0.494850
v -0.468641 0.165374 -0.494721
v -0.484285 -0.165346 -0.484285
v -0.484359 -0.000000 -0.484359
v -0.484285 0.165346 -0.484285
v -0.494721 -0.165374 -0.468641
v -0.494850 0.000000 -0.468644
v -0.494721 0.165374 -0.468641
v -0.499079 -0.165363 -0.303195
v -0.499202 -0.000000 -0.303192
v -0.499079 0.165363 -0.303195
v 0.165363 0.499079 0.303195
v 0.000000 0.499202 0.303192
v -0.165363 0.499079 0.303195
v -0.165374 0.494721 0.468641
v 0.000000 0.494850 0.468644
v 0.165374 0.494721 0.468641
v -0.165346 0.484285 0.484285
v 0.000000 0.484359 0.484359
v 0.165346 0.484285 0.484285
v -0.165374 0.468641 0.494722
v 0.000000 0.468644 0.494850
v 0.165374 0.468641 0.494722
v -0.165363 0.303195 0.499079
v 0.000000 0.303192 0.499202
v 0.165363 0.303195 0.499079
v 0.303195 0.499079 -0.165363
v 0.303192 0.499202 -0.000000
v 0.303195 0.499079 0.165363
v 0.468641 0.494721 0.165374
v 0.468644 0.494850 -0.000000
v 0.468641 0.494721 -0.165374
v 0.484285 0.484285 0.165346
v 0.484359 0.484359 0.000000
v 0.484285 0.484285 -0.165346
v 0.494721 0.468641 0.165374
v 0.494850 0.468644 -0.000000
v 0.494721 0.468641 -0.165374
v 0.499079 0.303195 0.165363
v 0.499202 0.303192 -0.000000
v 0.499079 0.303195 -0.165363
v -0.165363 -0.499079 0.303195
v -0.000000 -0.499202 0.303192
v 0.165363 -0.499079 0.303195
v 0.165374 -0.494721 0.468641
v -0.000000 -0.494850 0.468644
v -0.165374 -0.494721 0.468641
v 0.165346 -0.484285 0.484285
v -0.000000 -0.484359 0.484359
v -0.165346 -0.484285 0.484285
v 0.165374 -0.468641 0.494722
v -0.000000 -0.468644 0.494850
v -0.165374 -0.468641 0.494722
v 0.165363 -0.303195 0.499079
v 0.000000 -0.303192 0.499202
v -0.165363 -0.303195 0.499079
v -0.303195 0.499079 0.165363
v -0.303192 0.499202 -0.000000
v -0.303195 0.499079 -0.165363
v -0.468641 0.494721 -0.165374
v -0.468644 0.494850 0.000000
v -0.468641 0.494721 0.165374
v -0.484285 0.484285 -0.165346
v -0.484359 0.484359 0.000000
v -0.484285 0.484285 0.165346
v -0.494722 0.468641 -0.165374
v -0.494850 0.468644 0.000000
v -0.494722 0.468641 0.165374
v -0.499079 0.303195 -0.165363
v -0.499202 0.303192 0.000000
v -0.499079 0.303195 0.165363
v -0.165363 0.499079 -0.303195
v 0.000000 0.499202 -0.303192
v 0.165363 0.499079 -0.303195
v 0.165374 0.494721 -0.468641
v -0.000000 0.494850 -0.468644
v -0.165374 0.494721 -0.468641
v 0.165346 0.484285 -0.484285
v -0.000000 0.484359 -0.484359
v -0.165346 0.484285 -0.484285
v 0.165374 0.468641 -0.494722
v -0.000000 0.468644 -0.494850
v -0.165374 0.468641 -0.494722
v 0.165363 0.303195 -0.499079
v -0.000000 0.303192 -0.499202
v -0.165363 0.303195 -0.499079
v 0.303195 -0.499079 0.165363
v 0.303192 -0.499202 -0.000000
v 0.303195 -0.499079 -0.165363
v 0.468641 -0.494721 -0.165374
v 0.468644 -0.494850 0.000000
v 0.468641 -0.494721 0.165374
v 0.484285 -0.484285 -0.165346
v 0.484359 -0.484359 -0.000000
v 0.484285 -0.484285 0.165346
v 0.494721 -0.468641 -0.165374
v 0.494850 -0.468644 0.000000
v 0.494721 -0.468641 0.165374
v 0.499079 -0.303195 -0.165363
v 0.499202 -0.303192 -0.000000
v 0.499079 -0.303195 0.165363
v -0.165360 -0.499441 -0.165360
v 0.000000 -0.499562 -0.165359
v 0.165360 -0.499441 -0.165360
v -0.165359 -0.499562 -0.000000
v 0.000000 -0.499682 -0.000000
v 0.165359 -0.499562 0.000000
v -0.165360 -0.499441 0.165360
v -0.000000 -0.499562 0.165359
v 0.165360 -0.499441 0.165360
v -0.499441 -0.165360 0.165360
v -0.499562 0.000000 0.165359
v -0.499441 0.165360 0.165360
v -0.499562 -0.165359 0.000000
v -0.499682 0.000000 0.000000
v -0.499562 0.165359 -0.000000
v -0.499441 -0.165360 -0.165360
v -0.499562 -0.000000 -0.165359
v -0.499441 0.165360 -0.165360
v 0.165360 -0.165360 0.499441
v 0.165359 0.000000 0.499562
v 0.165360 0.165360 0.499441
v 0.000000 -0.165359 0.499562
v 0.000000 0.000000 0.499682
v -0.000000 0.165359 0.499562
v -0.165360 -0.165360 0.499441
v -0.165359 -0.000000 0.499562
v -0.165360 0.165360 0.499441
v 0.165360 0.499441 -0.165360
v -0.000000 0.499562 -0.165359
v -0.165360 0.499441 -0.165360
v 0.165359 0.499562 -0.000000
v -0.000000 0.499682 -0.000000
v -0.165359 0.499562 0.000000
v 0.165360 0.499441 0.165360
v 0.000000 0.499562 0.165359
v -0.165360 0.499441 0.165360
v 0.499441 -0.165360 -0.165360
v 0.499562 0.000000 -0.165359
v 0.499441 0.165360 -0.165360
v 0.499562 -0.165359 -0.000000
v 0.499682 0.000000 -0.000000
v 0.499562 0.165359 0.000000
v 0.499441 -0.165360 0.165360
v 0.499562 -0.000000 0.165359
v 0.499441 0.165360 0.165360
v 0.392885 0.392885 -0.497449
v 0.392906 0.441210 -0.496525
v 0.392916 0.461886 -0.495283
v 0.441210 0.392906 -0.496525
v 0.441232 0.441232 -0.495590
v 0.441236 0.461891 -0.494352
v 0.461886 0.392916 -0.495283
v 0.461891 0.441236 -0.494352
v 0.461868 0.461868 -0.493136
v 0.392872 0.472801 -0.491724
v 0.392826 0.476721 -0.489391
v 0.392786 0.480356 -0.486708
v 0.441143 0.472672 -0.490883
v 0.441060 0.476477 -0.488639
v 0.440989 0.479980 -0.486068
v 0.461679 0.472484 -0.489810
v 0.461539 0.476153 -0.487689
v 0.461424 0.479500 -0.485264
v 0.472801 0.392872 -0.491724
v 0.472672 0.441143 -0.490883
v 0.472484 0.461679 -0.489810
v 0.476721 0.392826 -0.489391
v 0.476477 0.441060 -0.488640
v 0.476153 0.461539 -0.487689
v 0.480356 0.392786 -0.486708
v 0.479980 0.440989 -0.486068
v 0.479500 0.461424 -0.485264
v 0.471896 0.471896 -0.486991
v 0.471561 0.475257 -0.485229
v 0.471297 0.478244 -0.483202
v 0.475258 0.471561 -0.485229
v 0.474766 0.474766 -0.483709
v 0.474365 0.477546 -0.481965
v 0.478244 0.471297 -0.483202
v 0.477546 0.474365 -0.481965
v 0.476926 0.476926 -0.480590
v 0.392885 0.497449 -0.392885
v 0.441210 0.496525 -0.392906
v 0.461886 0.495283 -0.392916
v 0.392906 0.496525 -0.441210
v 0.441232 0.495590 -0.441232
v 0.461891 0.494352 -0.441236
v 0.392916 0.495283 -0.461886
v 0.441236 0.494352 -0.461891
v 0.461868 0.493136 -0.461868
v 0.472801 0.491724 -0.392872
v 0.476721 0.489391 -0.392826
v 0.480356 0.486708 -0.392786
v 0.472672 0.490883 -0.441143
v 0.476477 0.488640 -0.441060
v 0.479980 0.486068 -0.440989
v 0.472484 0.489810 -0.461679
v 0.476153 0.487689 -0.461539
v 0.479500 0.485264 -0.461424
v 0.392872 0.491724 -0.472801
v 0.441143 0.490883 -0.472672
v 0.461679 0.489810 -0.472484
v 0.392826 0.489391 -0.476721
v 0.441060 0.488639 -0.476477
v 0.461539 0.487689 -0.476153
v 0.392786 0.486708 -0.480356
v 0.440989 0.486068 -0.479980
v 0.461424 0.485264 -0.479500
v 0.471896 0.486991 -0.471896
v 0.475258 0.485229 -0.471561
v 0.478244 0.483202 -0.471297
v 0.471561 0.485229 -0.475257
v 0.474766 0.483709 -0.474766
v 0.477546 0.481965 -0.474365
v 0.471297 0.483202 -0.478244
v 0.474365 0.481965 -0.477546
v 0.476926 0.480590 -0.476926
v 0.497449 0.392885 -0.392885
v 0.496525 0.392906 -0.441210
v 0.495283 0.392916 -0.461886
v 0.496525 0.441210 -0.392906
v 0.495590 0.441232 -0.441232
v 0.494352 0.441236 -0.461891
v 0.495283 0.461886 -0.392916
v 0.494352 0.461891 -0.441236
v 0.493136 0.461868 -0.461868
v 0.491724 0.392872 -0.472801
v 0.489391 0.392826 -0.476721
v 0.486708 0.392786 -0.480356
v 0.490883 0.441143 -0.472672
v 0.488640 0.441060 -0.476477
v 0.486068 0.440989 -0.479980
v 0.489810 0.461679 -0.472484
v 0.487689 0.461539 -0.476153
v 0.485264 0.461424 -0.479500
v 0.491724 0.472801 -0.392872
v 0.490883 0.472672 -0.441143
v 0.489810 0.472484 -0.461679
v 0.489391 0.476721 -0.392826
v 0.488640 0.476477 -0.441060
v 0.487689 0.476153 -0.461539
v 0.486708 0.480356 -0.392786
v 0.486068 0.479980 -0.440989
v 0.485264 0.479500 -0.461424
v 0.486991 0.471896 -0.471896
v 0.485229 0.471561 -0.475258
v 0.483202 0.471297 -0.478244
v 0.485229 0.475258 -0.471561
v 0.483709 0.474766 -0.474766
v 0.481965 0.474365 -0.477546
v 0.483202 0.478244 -0.471297
v 0.481965 0.477546 -0.474365
v 0.480590 0.476926 -0.476926
v 0.392885 -0.497449 -0.392885
v 0.392906 -0.496525 -0.441210
v 0.392916 -0.495283 -0.461886
v 0.441210 -0.496525 -0.392906
v 0.441232 -0.495590 -0.441232
v 0.441236 -0.494352 -0.461891
v 0.461886 -0.495283 -0.392916
v 0.461891 -0.494352 -0.441236
v 0.461868 -0.493136 -0.461868
v 0.392872 -0.491724 -0.472801
v 0.392826 -0.489391 -0.476721
v 0.392786 -0.486708 -0.480356
v 0.441143 -0.490883 -0.472672
v 0.441060 -0.488639 -0.476477
v 0.440989 -0.486068 -0.479980
v 0.461679 -0.489810 -0.472484
v 0.461539 -0.487689 -0.476153
v 0.461424 -0.485264 -0.479500
v 0.472801 -0.491724 -0.392872
v 0.472672 -0.490883 -0.441143
v 0.472484 -0.489810 -0.461679
v 0.476721 -0.489391 -0.392826
v 0.476477 -0.488640 -0.441060
v 0.476153 -0.487689 -0.461539
v 0.480356 -0.486708 -0.392786
v 0.479980 -0.486068 -0.440989
v 0.479500 -0.485264 -0.461424
v 0.471896 -0.486991 -0.471896
v 0.471561 -0.485229 -0.475257
v 0.471297 -0.483202 -0.478244
v 0.475258 -0.485229 -0.471561
v 0.474766 -0.483709 -0.474766
v 0.474365 -0.481965 -0.477546
v 0.478244 -0.483202 -0.471297
v 0.477546 -0.481965 -0.474365
v 0.476926 -0.480590 -0.476926
v 0.392885 -0.392885 -0.497449
v 0.441210 -0.392906 -0.496525
v 0.461886 -0.392916 -0.495283
v 0.392906 -0.441210 -0.496525
v 0.441232 -0.441232 -0.495590
v 0.461891 -0.441236 -0.494352
v 0.392916 -0.461886 -0.495283
v 0.441236 -0.461891 -0.494352
v 0.461868 -0.461868 -0.493136
v 0.472801 -0.392872 -0.491724
v 0.476721 -0.392826 -0.489391
v 0.480356 -0.392786 -0.486708
v 0.472672 -0.441143 -0.490883
v 0.476477 -0.441060 -0.488640
v 0.479980 -0.440989 -0.486068
v 0.472484 -0.461679 -0.489810
v 0.476153 -0.461539 -0.487689
v 0.479500 -0.461424 -0.485264
v 0.392872 -0.472801 -0.491724
v 0.441143 -0.472672 -0.490883
v 0.461679 -0.472484 -0.489810
v 0.392826 -0.476721 -0.489391
v 0.441060 -0.476477 -0.488639
v 0.461539 -0.476153 -0.487689
v 0.392786 -0.480356 -0.486708
v 0.440989 -0.479980 -0.486068
v 0.461424 -0.479500 -0.485264
v 0.471896 -0.471896 -0.486991
v 0.475258 -0.471561 -0.485229
v 0.478244 -0.471297 -0.483202
v 0.471561 -0.475257 -0.485229
v 0.474766 -0.474766 -0.483709
v 0.477546 -0.474365 -0.481965
v 0.471297 -0.478244 -0.483202
v 0.474365 -0.477546 -0.481965
v 0.476926 -0.476926 -0.480590
v 0.497449 -0.392885 -0.392885
v 0.496525 -0.441210 -0.392906
v 0.495283 -0.461886 -0.392916
v 0.496525 -0.392906 -0.441210
v 0.495590 -0.441232 -0.441232
v 0.494352 -0.461891 -0.441236
v 0.495283 -0.392916 -0.461886
v 0.494352 -0.441236 -0.461891
v 0.493136 -0.461868 -0.461868
v 0.491724 -0.472801 -0.392872
v 0.489391 -0.476721 -0.392826
v 0.486708 -0.480356 -0.392786
v 0.490883 -0.472672 -0.441143
v 0.488640 -0.476477 -0.441060
v 0.486068 -0.479980 -0.440989
v 0.489810 -0.472484 -0.461679
v 0.487689 -0.476153 -0.461539
v 0.485264 -0.479500 -0.461424
v 0.491724 -0.392872 -0.472801
v 0.490883 -0.441143 -0.472672
v 0.489810 -0.461679 -0.472484
v 0.489391 -0.392826 -0.476721
v 0.488640 -0.441060 -0.476477
v 0.487689 -0.461539 -0.476153
v 0.486708 -0.392786 -0.480356
v 0.486068 -0.440989 -0.479980
v 0.485264 -0.461424 -0.479500
v 0.486991 -0.471896 -0.471896
v 0.485229 -0.475258 -0.471561
v 0.483202 -0.478244 -0.471297
v 0.485229 -0.471561 -0.475258
v 0.483709 -0.474766 -0.474766
v 0.481965 -0.477546 -0.474365
v 0.483202 -0.471297 -0.478244
v 0.481965 -0.474365 -0.477546
v 0.480590 -0.476926 -0.476926
v 0.497449 0.392885 0.392885
v 0.496525 0.441210 0.392906
v 0.495283 0.461886 0.392916
v 0.496525 0.392906 0.441210
v 0.495590 0.441232 0.441232
v 0.494352 0.461891 0.441236
v 0.495283 0.392916 0.461886
v 0.494352 0.441236 0.461891
v 0.493136 0.461868 0.461868
v 0.491724 0.472801 0.392872
v 0.489391 0.476721 0.392826
v 0.486708 0.480356 0.392786
v 0.490883 0.472672 0.441143
v 0.488640 0.476477 0.441060
v 0.486068 0.479980 0.440989
v 0.489810 0.472484 0.461679
v 0.487689 0.476153 0.461539
v 0.485264 0.479500 0.461424
v 0.491724 0.392872 0.472801
v 0.490883 0.441143 0.472672
v 0.489810 0.461679 0.472484
v 0.489391 0.392826 0.476721
v 0.488640 0.441060 0.476477
v 0.487689 0.461539 0.476153
v 0.486708 0.392786 0.480356
v 0.486068 0.440989 0.479980
v 0.485264 0.461424 0.479500
v 0.486991 0.471896 0.471896
v 0.485229 0.475258 0.471561
v 0.483202 0.478244 0.471297
v 0.485229 0.471561 0.475258
v 0.483709 0.474766 0.474766
v 0.481965 0.477546 0.474365
v 0.483202 0.471297 0.478244
v 0.481965 0.474365 0.477546
v 0.480590 0.476926 0.476926
v 0.392885 0.497449 0.392885
v 0.392906 0.496525 0.441210
v 0.392916 0.495283 0.461886
v 0.441210 0.496525 0.392906
v 0.441232 0.495590 0.441232
v 0.441236 0.494352 0.461891
v 0.461886 0.495283 0.392916
v 0.461891 0.494352 0.441236
v 0.461868 0.493136 0.461868
v 0.392872 0.491724 0.472801
v 0.392826 0.489391 0.476721
v 0.392786 0.486708 0.480356
v 0.441143 0.490883 0.472672
v 0.441060 0.488639 0.476477
v 0.440989 0.486068 0.479980
v 0.461679 0.489810 0.472484
v 0.461539 0.487689 0.476153
v 0.461424 0.485264 0.479500
v 0.472801 0.491724 0.392872
v 0.472672 0.490883 0.441143
v 0.472484 0.489810 0.461679
v 0.476721 0.489391 0.392826
v 0.476477 0.488640 0.441060
v 0.476153 0.487689 0.461539
v 0.480356 0.486708 0.392786
v 0.479980 0.486068 0.440989
v 0.479500 0.485264 0.461424
v 0.471896 0.486991 0.471896
v 0.471561 0.485229 0.475257
v 0.471297 0.483202 0.478244
v 0.475258 0.485229 0.471561
v 0.474766 0.483709 0.474766
v 0.474365 0.481965 0.477546
v 0.478244 0.483202 0.471297
v 0.477546 0.481965 0.474365
v 0.476926 0.480590 0.476926
v 0.392885 0.392885 0.497449
v 0.441210 0.392906 0.496525
v 0.461886 0.392916 0.495283
v 0.392906 0.441210 0.496525
v 0.441232 0.441232 0.495590
v 0.461891 0.441236 0.494352
v 0.392916 0.461886 0.495283
v 0.441236 0.461891 0.494352
v 0.461868 0.461868 0.493136
v 0.472801 0.392872 0.491724
v 0.476721 0.392826 0.489391
v 0.480356 0.392786 0.486708
v 0.472672 0.441143 0.490883
v 0.476477 0.441060 0.488640
v 0.479980 0.440989 0.486068
v 0.472484 0.461679 0.489810
v 0.476153 0.461539 0.487689
v 0.479500 0.461424 0.485264
v 0.392872 0.472801 0.491724
v 0.441143 0.472672 0.490883
v 0.461679 0.472484 0.489810
v 0.392826 0.476721 0.489391
v 0.441060 0.476477 0.488639
v 0.461539 0.476153 0.487689
v 0.392786 0.480356 0.486708
v 0.440989 0.479980 0.486068
v 0.461424 0.479500 0.485264
v 0.471896 0.471896 0.486991
v 0.475258 0.471561 0.485229
v 0.478244 0.471297 0.483202
v 0.471561 0.475257 0.485229
v 0.474766 0.474766 0.483709
v 0.477546 0.474365 0.481965
v 0.471297 0.478244 0.483202
v 0.474365 0.477546 0.481965
v 0.476926 0.476926 0.480590
v 0.497449 -0.392885 0.392885
v 0.496525 -0.392906 0.441210
v 0.495283 -0.392916 0.461886
v 0.496525 -0.441210 0.392906
v 0.495590 -0.441232 0.441232
v 0.494352 -0.441236 0.461891
v 0.495283 -0.461886 0.392916
v 0.494352 -0.461891 0.441236
v 0.493136 -0.461868 0.461868
v 0.491724 -0.392872 0.472801
v 0.489391 -0.392826 0.476721
v 0.486708 -0.392786 0.480356
v 0.490883 -0.441143 0.472672
v 0.488640 -0.441060 0.476477
v 0.486068 -0.440989 0.479980
v 0.489810 -0.461679 0.472484
v 0.487689 -0.461539 0.476153
v 0.485264 -0.461424 0.479500
v 0.491724 -0.472801 0.392872
v 0.490883 -0.472672 0.441143
v 0.489810 -0.472484 0.461679
v 0.489391 -0.476721 0.392826
v 0.488640 -0.476477 0.441060
v 0.487689 -0.476153 0.461539
v 0.486708 -0.480356 0.392786
v 0.486068 -0.479980 0.440989
v 0.485264 -0.479500 0.461424
v 0.486991 -0.471896 0.471896
v 0.485229 -0.471561 0.475258
v 0.483202 -0.471297 0.478244
v 0.485229 -0.475258 0.471561
v 0.483709 -0.474766 0.474766
v 0.481965 -0.474365 0.477546
v 0.483202 -0.478244 0.471297
v 0.481965 -0.477546 0.474365
v 0.480590 -0.476926 0.476926
v 0.392885 -0.392885 0.497449
v 0.392906 -0.441210 0.496525
v 0.392916 -0.461886 0.495283
v 0.441210 -0.392906 0.496525
v 0.441232 -0.441232 0.495590
v 0.441236 -0.461891 0.494352
v 0.461886 -0.392916 0.495283
v 0.461891 -0.441236 0.494352
v 0.461868 -0.461868 0.493136
v 0.392872 -0.472801 0.491724
v 0.392826 -0.476721 0.489391
v 0.392786 -0.480356 0.486708
v 0.441143 -0.472672 0.490883
v 0.441060 -0.476477 0.488639
v 0.440989 -0.479980 0.486068
v 0.461679 -0.472484 0.489810
v 0.461539 -0.476153 0.487689
v 0.461424 -0.479500 0.485264
v 0.472801 -0.392872 0.491724
v 0.472672 -0.441143 0.490883
v 0.472484 -0.461679 0.489810
v 0.476721 -0.392826 0.489391
v 0.476477 -0.441060 0.488640
v 0.476153 -0.461539 0.487689
v 0.480356 -0.392786 0.486708
v 0.479980 -0.440989 0.486068
v 0.479500 -0.461424 0.485264
v 0.471896 -0.471896 0.486991
v 0.471561 -0.475257 0.485229
v 0.471297 -0.478244 0.483202
v 0.475258 -0.471561 0.485229
v 0.474766 -0.474766 0.483709
v 0.474365 -0.477546 0.481965
v 0.478244 -0.471297 0.483202
v 0.477546 -0.474365 0.481965
v 0.476926 -0.476926 0.480590
v 0.392885 -0.497449 0.392885
v 0.441210 -0.496525 0.392906
v 0.461886 -0.495283 0.392916
v 0.392906 -0.496525 0.441210
v 0.441232 -0.495590 0.441232
v 0.461891 -0.494352 0.441236
v 0.392916 -0.495283 0.461886
v 0.441236 -0.494352 0.461891
v 0.461868 -0.493136 0.461868
v 0.472801 -0.491724 0.392872
v 0.476721 -0.489391 0.392826
v 0.480356 -0.486708 0.392786
v 0.472672 -0.490883 0.441143
v 0.476477 -0.488640 0.441060
v 0.479980 -0.486068 0.440989
v 0.472484 -0.489810 0.461679
v 0.476153 -0.487689 0.461539
v 0.479500 -0.485264 0.461424
v 0.392872 -0.491724 0.472801
v 0.441143 -0.490883 0.472672
v 0.461679 -0.489810 0.472484
v 0.392826 -0.489391 0.476721
v 0.441060 -0.488639 0.476477
v 0.461539 -0.487689 0.476153
v 0.392786 -0.486708 0.480356
v 0.440989 -0.486068 0.479980
v 0.461424 -0.485264 0.479500
v 0.471896 -0.486991 0.471896
v 0.475258 -0.485229 0.471561
v 0.478244 -0.483202 0.471297
v 0.471561 -0.485229 0.475257
v 0.474766 -0.483709 0.474766
v 0.477546 -0.481965 0.474365
v 0.471297 -0.483202 0.478244
v 0.474365 -0.481965 0.477546
v 0.476926 -0.480590 0.476926
v -0.392885 0.392885 -0.497449
v -0.441210 0.392906 -0.496525
v -0.461886 0.392916 -0.495283
v -0.392906 0.441210 -0.496525
v -0.441232 0.441232 -0.495590
v -0.461891 0.441236 -0.494352
v -0.392916 0.461886 -0.495283
v -0.441236 0.461891 -0.494352
v -0.461868 0.461868 -0.493136
v -0.472801 0.392872 -0.491724
v -0.476721 0.392826 -0.489391
v -0.480356 0.392786 -0.486708
v -0.472672 0.441143 -0.490883
v -0.476477 0.441060 -0.488639
v -0.479980 0.440989 -0.486068
v -0.472484 0.461679 -0.489810
v -0.476153 0.461539 -0.487689
v -0.479500 0.461424 -0.485264
v -0.392872 0.472801 -0.491724
v -0.441143 0.472672 -0.490883
v -0.461679 0.472484 -0.489810
v -0.392826 0.476721 -0.489391
v -0.441060 0.476477 -0.488639
v -0.461539 0.476153 -0.487689
v -0.392786 0.480356 -0.486708
v -0.440989 0.479980 -0.486068
v -0.461424 0.479500 -0.485264
v -0.471896 0.471896 -0.486991
v -0.475257 0.471561 -0.485229
v -0.478244 0.471297 -0.483202
v -0.471561 0.475257 -0.485229
v -0.474766 0.474766 -0.483709
v -0.477546 0.474365 -0.481965
v -0.471297 0.478244 -0.483202
v -0.474365 0.477546 -0.481965
v -0.476926 0.476926 -0.480590
v -0.497449 0.392885 -0.392885
v -0.496525 0.441210 -0.392906
v -0.495283 0.461886 -0.392916
v -0.496525 0.392906 -0.441210
v -0.495590 0.441232 -0.441232
v -0.494352 0.461891 -0.441236
v -0.495283 0.392916 -0.461886
v -0.494352 0.441236 -0.461891
v -0.493136 0.461868 -0.461868
v -0.491724 0.472801 -0.392872
v -0.489391 0.476721 -0.392826
v -0.486708 0.480356 -0.392786
v -0.490883 0.472672 -0.441143
v -0.488639 0.476477 -0.441060
v -0.486068 0.479980 -0.440989
v -0.489810 0.472484 -0.461679
v -0.487689 0.476153 -0.461539
v -0.485264 0.479500 -0.461424
v -0.491724 0.392872 -0.472801
v -0.490883 0.441143 -0.472672
v -0.489810 0.461679 -0.472484
v -0.489391 0.392826 -0.476721
v -0.488639 0.441060 -0.476477
v -0.487689 0.461539 -0.476153
v -0.486708 0.392786 -0.480356
v -0.486068 0.440989 -0.479980
v -0.485264 0.461424 -0.479500
v -0.486991 0.471896 -0.471896
v -0.485229 0.475257 -0.471561
v -0.483202 0.478244 -0.471297
v -0.485229 0.471561 -0.475257
v -0.483709 0.474766 -0.474766
v -0.481965 0.477546 -0.474365
v -0.483202 0.471297 -0.478244
v -0.481965 0.474365 -0.477546
v -0.480590 0.476926 -0.476926
v -0.392885 0.497449 -0.392885
v -0.392906 0.496525 -0.441210
v -0.392916 0.495283 -0.461886
v -0.441210 0.496525 -0.392906
v -0.441232 0.495590 -0.441232
v -0.441236 0.494352 -0.461891
v -0.461886 0.495283 -0.392916
v -0.461891 0.494352 -0.441236
v -0.461868 0.493136 -0.461868
v -0.392872 0.491724 -0.472801
v -0.392826 0.489391 -0.476721
v -0.392786 0.486708 -0.480356
v -0.441143 0.490883 -0.472672
v -0.441060 0.488639 -0.476477
v -0.440989 0.486068 -0.479980
v -0.461679 0.489810 -0.472484
v -0.461539 0.487689 -0.476153
v -0.461424 0.485264 -0.479500
v -0.472801 0.491724 -0.392872
v -0.472672 0.490883 -0.441143
v -0.472484 0.489810 -0.461679
v -0.476721 0.489391 -0.392826
v -0.476477 0.488639 -0.441060
v -0.476153 0.487689 -0.461539
v -0.480356 0.486708 -0.392786
v -0.479980 0.486068 -0.440989
v -0.479500 0.485264 -0.461424
v -0.471896 0.486991 -0.471896
v -0.471561 0.485229 -0.475257
v -0.471297 0.483202 -0.478244
v -0.475257 0.485229 -0.471561
v -0.474766 0.483709 -0.474766
v -0.474365 0.481965 -0.477546
v -0.478244 0.483202 -0.471297
v -0.477546 0.481965 -0.474365
v -0.476926 0.480590 -0.476926
v -0.497449 -0.392885 -0.392885
v -0.496525 -0.392906 -0.441210
v -0.495283 -0.392916 -0.461886
v -0.496525 -0.441210 -0.392906
v -0.495590 -0.441232 -0.441232
v -0.494352 -0.441236 -0.461891
v -0.495283 -0.461886 -0.392916
v -0.494352 -0.461891 -0.441236
v -0.493136 -0.461868 -0.461868
v -0.491724 -0.392872 -0.472801
v -0.489391 -0.392826 -0.476721
v -0.486708 -0.392786 -0.480356
v -0.490883 -0.441143 -0.472672
v -0.488639 -0.441060 -0.476477
v -0.486068 -0.440989 -0.479980
v -0.489810 -0.461679 -0.472484
v -0.487689 -0.461539 -0.476153
v -0.485264 -0.461424 -0.479500
v -0.491724 -0.472801 -0.392872
v -0.490883 -0.472672 -0.441143
v -0.489810 -0.472484 -0.461679
v -0.489391 -0.476721 -0.392826
v -0.488639 -0.476477 -0.441060
v -0.487689 -0.476153 -0.461539
v -0.486708 -0.480356 -0.392786
v -0.486068 -0.479980 -0.440989
v -0.485264 -0.479500 -0.461424
v -0.486991 -0.471896 -0.471896
v -0.485229 -0.471561 -0.475257
v -0.483202 -0.471297 -0.478244
v -0.485229 -0.475257 -0.471561
v -0.483709 -0.474766 -0.474766
v -0.481965 -0.474365 -0.477546
v -0.483202 -0.478244 -0.471297
v -0.481965 -0.477546 -0.474365
v -0.480590 -0.476926 -0.476926
v -0.392885 -0.392885 -0.497449
v -0.392906 -0.441210 -0.496525
v -0.392916 -0.461886 -0.495283
v -0.441210 -0.392906 -0.496525
v -0.441232 -0.441232 -0.495590
v -0.441236 -0.461891 -0.494352
v -0.461886 -0.392916 -0.495283
v -0.461891 -0.441236 -0.494352
v -0.461868 -0.461868 -0.493136
v -0.392872 -0.472801 -0.491724
v -0.392826 -0.476721 -0.489391
v -0.392786 -0.480356 -0.486708
v -0.441143 -0.472672 -0.490883
v -0.441060 -0.476477 -0.488639
v -0.440989 -0.479980 -0.486068
v -0.461679 -0.472484 -0.489810
v -0.461539 -0.476153 -0.487689
v -0.461424 -0.479500 -0.485264
v -0.472801 -0.392872 -0.491724
v -0.472672 -0.441143 -0.490883
v -0.472484 -0.461679 -0.489810
v -0.476721 -0.392826 -0.489391
v -0.476477 -0.441060 -0.488639
v -0.476153 -0.461539 -0.487689
v -0.480356 -0.392786 -0.486708
v -0.479980 -0.440989 -0.486068
v -0.479500 -0.461424 -0.485264
v -0.471896 -0.471896 -0.486991
v -0.471561 -0.475257 -0.485229
v -0.471297 -0.478244 -0.483202
v -0.475257 -0.471561 -0.485229
v -0.474766 -0.474766 -0.483709
v -0.474365 -0.477546 -0.481965
v -0.478244 -0.471297 -0.483202
v -0.477546 -0.474365 -0.481965
v -0.476926 -0.476926 -0.480590
v -0.392885 -0.497449 -0.392885
v -0.441210 -0.496525 -0.392906
v -0.461886 -0.495283 -0.392916
v -0.392906 -0.496525 -0.441210
v -0.441232 -0.495590 -0.441232
v -0.461891 -0.494352 -0.441236
v -0.392916 -0.495283 -0.461886
v -0.441236 -0.494352 -0.461891
v -0.461868 -0.493136 -0.461868
v -0.472801 -0.491724 -0.392872
v -0.476721 -0.489391 -0.392826
v -0.480356 -0.486708 -0.392786
v -0.472672 -0.490883 -0.441143
v -0.476477 -0.488639 -0.441060
v -0.479980 -0.486068 -0.440989
v -0.472484 -0.489810 -0.461679
v -0.476153 -0.487689 -0.461539
v -0.479500 -0.485264 -0.461424
v -0.392872 -0.491724 -0.472801
v -0.441143 -0.490883 -0.472672
v -0.461679 -0.489810 -0.472484
v -0.392826 -0.489391 -0.476721
v -0.441060 -0.488639 -0.476477
v -0.461539 -0.487689 -0.476153
v -0.392786 -0.486708 -0.480356
v -0.440989 -0.486068 -0.479980
v -0.461424 -0.485264 -0.479500
v -0.471896 -0.486991 -0.471896
v -0.475257 -0.485229 -0.471561
v -0.478244 -0.483202 -0.471297
v -0.471561 -0.485229 -0.475257
v -0.474766 -0.483709 -0.474766
v -0.477546 -0.481965 -0.474365
v -0.471297 -0.483202 -0.478244
v -0.474365 -0.481965 -0.477546
v -0.476926 -0.480590 -0.476926
v -0.497449 0.392885 0.392885
v -0.496525 0.392906 0.441210
v -0.495283 0.392916 0.461886
v -0.496525 0.441210 0.392906
v -0.495590 0.441232 0.441232
v -0.494352 0.441236 0.461891
v -0.495283 0.461886 0.392916
v -0.494352 0.461891 0.441236
v -0.493136 0.461868 0.461868
v -0.491724 0.392872 0.472801
v -0.489391 0.392826 0.476721
v -0.486708 0.392786 0.480356
v -0.490883 0.441143 0.472672
v -0.488639 0.441060 0.476477
v -0.486068 0.440989 0.479980
v -0.489810 0.461679 0.472484
v -0.487689 0.461539 0.476153
v -0.485264 0.461424 0.479500
v -0.491724 0.472801 0.392872
v -0.490883 0.472672 0.441143
v -0.489810 0.472484 0.461679
v -0.489391 0.476721 0.392826
v -0.488639 0.476477 0.441060
v -0.487689 0.476153 0.461539
v -0.486708 0.480356 0.392786
v -0.486068 0.479980 0.440989
v -0.485264 0.479500 0.461424
v -0.486991 0.471896 0.471896
v -0.485229 0.471561 0.475257
v -0.483202 0.471297 0.478244
v -0.485229 0.475257 0.471561
v -0.483709 0.474766 0.474766
v -0.481965 0.474365 0.477546
v -0.483202 0.478244 0.471297
v -0.481965 0.477546 0.474365
v -0.480590 0.476926 0.476926
v -0.392885 0.392885 0.497449
v -0.392906 0.441210 0.496525
v -0.392916 0.461886 0.495283
v -0.441210 0.392906 0.496525
v -0.441232 0.441232 0.495590
v -0.441236 0.461891 0.494352
v -0.461886 0.392916 0.495283
v -0.461891 0.441236 0.494352
v -0.461868 0.461868 0.493136
v -0.392872 0.472801 0.491724
v -0.392826 0.476721 0.489391
v -0.392786 0.480356 0.486708
v -0.441143 0.472672 0.490883
v -0.441060 0.476477 0.488639
v -0.440989 0.479980 0.486068
v -0.461679 0.472484 0.489810
v -0.461539 0.476153 0.487689
v -0.461424 0.479500 0.485264
v -0.472801 0.392872 0.491724
v -0.472672 0.441143 0.490883
v -0.472484 0.461679 0.489810
v -0.476721 0.392826 0.489391
v -0.476477 0.441060 0.488639
v -0.476153 0.461539 0.487689
v -0.480356 0.392786 0.486708
v -0.479980 0.440989 0.486068
v -0.479500 0.461424 0.485264
v -0.471896 0.471896 0.486991
v -0.471561 0.475257 0.485229
v -0.471297 0.478244 0.483202
v -0.475257 0.471561 0.485229
v -0.474766 0.474766 0.483709
v -0.474365 0.477546 0.481965
v -0.478244 0.471297 0.483202
v -0.477546 0.474365 0.481965
v -0.476926 0.476926 0.480590
v -0.392885 0.497449 0.392885
v -0.441210 0.496525 0.392906
v -0.461886 0.495283 0.392916
v -0.392906 0.496525 0.441210
v -0.441232 0.495590 0.441232
v -0.461891 0.494352 0.441236
v -0.392916 0.495283 0.461886
v -0.441236 0.494352 0.461891
v -0.461868 0.493136 0.461868
v -0.472801 0.491724 0.392872
v -0.476721 0.489391 0.392826
v -0.480356 0.486708 0.392786
v -0.472672 0.490883 0.441143
v -0.476477 0.488639 0.441060
v -0.479980 0.486068 0.440989
v -0.472484 0.489810 0.461679
v -0.476153 0.487689 0.461539
v -0.479500 0.485264 0.461424
v -0.392872 0.491724 0.472801
v -0.441143 0.490883 0.472672
v -0.461679 0.489810 0.472484
v -0.392826 0.489391 0.476721
v -0.441060 0.488639 0.476477
v -0.461539 0.487689 0.476153
v -0.392786 0.486708 0.480356
v -0.440989 0.486068 0.479980
v -0.461424 0.485264 0.479500
v -0.471896 0.486991 0.471896
v -0.475257 0.485229 0.471561
v -0.478244 0.483202 0.471297
v -0.471561 0.485229 0.475257
v -0.474766 0.483709 0.474766
v -0.477546 0.481965 0.474365
v -0.471297 0.483202 0.478244
v -0.474365 0.481965 0.477546
v -0.476926 0.480590 0.476926
v -0.392885 -0.497449 0.392885
v -0.392906 -0.496525 0.441210
v -0.392916 -0.495283 0.461886
v -0.441210 -0.496525 0.392906
v -0.441232 -0.495590 0.441232
v -0.441236 -0.494352 0.461891
v -0.461886 -0.495283 0.392916
v -0.461891 -0.494352 0.441236
v -0.461868 -0.493136 0.461868
v -0.392872 -0.491724 0.472801
v -0.392826 -0.489391 0.476721
v -0.392786 -0.486708 0.480356
v -0.441143 -0.490883 0.472672
v -0.441060 -0.488639 0.476477
v -0.440989 -0.486068 0.479980
v -0.461679 -0.489810 0.472484
v -0.461539 -0.487689 0.476153
v -0.461424 -0.485264 0.479500
v -0.472801 -0.491724 0.392872
v -0.472672 -0.490883 0.441143
v -0.472484 -0.489810 0.461679
v -0.476721 -0.489391 0.392826
v -0.476477 -0.488639 0.441060
v -0.476153 -0.487689 0.461539
v -0.480356 -0.486708 0.392786
v -0.479980 -0.486068 0.440989
v -0.479500 -0.485264 0.461424
v -0.471896 -0.486991 0.471896
v -0.471561 -0.485229 0.475257
v -0.471297 -0.483202 0.478244
v -0.475257 -0.485229 0.471561
v -0.474766 -0.483709 0.474766
v -0.474365 -0.481965 0.477546
v -0.478244 -0.483202 0.471297
v -0.477546 -0.481965 0.474365
v -0.476926 -0.480590 0.476926
v -0.392885 -0.392885 0.497449
v -0.441210 -0.392906 0.496525
v -0.461886 -0.392916 0.495283
v -0.392906 -0.441210 0.496525
v -0.441232 -0.441232 0.495590
v -0.461891 -0.441236 0.494352
v -0.392916 -0.461886 0.495283
v -0.441236 -0.461891 0.494352
v -0.461868 -0.461868 0.493136
v -0.472801 -0.392872 0.491724
v -0.476721 -0.392826 0.489391
v -0.480356 -0.392786 0.486708
v -0.472672 -0.441143 0.490883
v -0.476477 -0.441060 0.488639
v -0.479980 -0.440989 0.486068
v -0.472484 -0.461679 0.489810
v -0.476153 -0.461539 0.487689
v -0.479500 -0.461424 0.485264
v -0.392872 -0.472801 0.491724
v -0.441143 -0.472672 0.490883
v -0.461679 -0.472484 0.489810
v -0.392826 -0.476721 0.489391
v -0.441060 -0.476477 0.488639
v -0.461539 -0.476153 0.487689
v -0.392786 -0.480356 0.486708
v -0.440989 -0.479980 0.486068
v -0.461424 -0.479500 0.485264
v -0.471896 -0.471896 0.486991
v -0.475257 -0.471561 0.485229
v -0.478244 -0.471297 0.483202
v -0.471561 -0.475257 0.485229
v -0.474766 -0.474766 0.483709
v -0.477546 -0.474365 0.481965
v -0.471297 -0.478244 0.483202
v -0.474365 -0.477546 0.481965
v -0.476926 -0.476926 0.480590
v -0.497449 -0.392885 0.392885
v -0.496525 -0.441210 0.392906
v -0.495283 -0.461886 0.392916
v -0.496525 -0.392906 0.441210
v -0.495590 -0.441232 0.441232
v -0.494352 -0.461891 0.441236
v -0.495283 -0.392916 0.461886
v -0.494352 -0.441236 0.461891
v -0.493136 -0.461868 0.461868
v -0.491724 -0.472801 0.392872
v -0.489391 -0.476721 0.392826
v -0.486708 -0.480356 0.392786
v -0.490883 -0.472672 0.441143
v -0.488639 -0.476477 0.441060
v -0.486068 -0.479980 0.440989
v -0.489810 -0.472484 0.461679
v -0.487689 -0.476153 0.461539
v -0.485264 -0.479500 0.461424
v -0.491724 -0.392872 0.472801
v -0.490883 -0.441143 0.472672
v -0.489810 -0.461679 0.472484
v -0.489391 -0.392826 0.476721
v -0.488639 -0.441060 0.476477
v -0.487689 -0.461539 0.476153
v -0.486708 -0.392786 0.480356
v -0.486068 -0.440989 0.479980
v -0.485264 -0.461424 0.479500
v -0.486991 -0.471896 0.471896
v -0.485229 -0.475257 0.471561
v -0.483202 -0.478244 0.471297
v -0.485229 -0.471561 0.475257
v -0.483709 -0.474766 0.474766
v -0.481965 -0.477546 0.474365
v -0.483202 -0.471297 0.478244
v -0.481965 -0.474365 0.477546
v -0.480590 -0.476926 0.476926
v -0.392851 -0.498467 -0.165368
v -0.392846 -0.498594 -0.000000
v -0.392851 -0.498467 0.165368
v -0.441168 -0.497568 -0.165373
v -0.441162 -0.497698 -0.000000
v -0.441168 -0.497568 0.165373
v -0.461860 -0.496335 -0.165375
v -0.461857 -0.496466 0.000000
v -0.461860 -0.496335 0.165375
v -0.472933 -0.492693 -0.165367
v -0.472949 -0.492814 -0.000000
v -0.472933 -0.492693 0.165367
v -0.476993 -0.490262 -0.165358
v -0.477027 -0.490371 -0.000000
v -0.476993 -0.490262 0.165358
v -0.480788 -0.487451 -0.165349
v -0.480842 -0.487544 -0.000000
v -0.480788 -0.487451 0.165349
v -0.487451 -0.480788 -0.165349
v -0.487544 -0.480842 -0.000000
v -0.487451 -0.480788 0.165349
v -0.490262 -0.476993 -0.165358
v -0.490371 -0.477027 -0.000000
v -0.490262 -0.476993 0.165358
v -0.492693 -0.472933 -0.165367
v -0.492814 -0.472949 -0.000000
v -0.492693 -0.472933 0.165367
v -0.496335 -0.461860 -0.165375
v -0.496466 -0.461857 0.000000
v -0.496335 -0.461860 0.165375
v -0.497568 -0.441168 -0.165373
v -0.497698 -0.441162 -0.000000
v -0.497568 -0.441168 0.165373
v -0.498467 -0.392851 -0.165368
v -0.498594 -0.392846 -0.000000
v -0.498467 -0.392851 0.165368
v 0.165368 -0.498467 -0.392851
v 0.000000 -0.498594 -0.392846
v -0.165368 -0.498467 -0.392851
v 0.165373 -0.497568 -0.441168
v 0.000000 -0.497698 -0.441162
v -0.165373 -0.497568 -0.441168
v 0.165375 -0.496335 -0.461860
v -0.000000 -0.496466 -0.461857
v -0.165375 -0.496335 -0.461860
v 0.165367 -0.492693 -0.472933
v 0.000000 -0.492814 -0.472949
v -0.165367 -0.492693 -0.472933
v 0.165358 -0.490262 -0.476993
v 0.000000 -0.490371 -0.477027
v -0.165358 -0.490262 -0.476993
v 0.165349 -0.487451 -0.480788
v 0.000000 -0.487544 -0.480842
v -0.165349 -0.487451 -0.480788
v 0.165349 -0.480788 -0.487451
v 0.000000 -0.480842 -0.487544
v -0.165349 -0.480788 -0.487451
v 0.165358 -0.476993 -0.490262
v 0.000000 -0.477027 -0.490371
v -0.165358 -0.476993 -0.490262
v 0.165367 -0.472933 -0.492693
v 0.000000 -0.472949 -0.492814
v -0.165367 -0.472933 -0.492693
v 0.165375 -0.461860 -0.496335
v -0.000000 -0.461857 -0.496466
v -0.165375 -0.461860 -0.496335
v 0.165373 -0.441168 -0.497568
v 0.000000 -0.441162 -0.497698
v -0.165373 -0.441168 -0.497568
v 0.165368 -0.392851 -0.498467
v 0.000000 -0.392846 -0.498594
v -0.165368 -0.392851 -0.498467
v 0.498467 0.165368 -0.392851
v 0.498594 0.000000 -0.392846
v 0.498467 -0.165368 -0.392851
v 0.497568 0.165373 -0.441168
v 0.497698 0.000000 -0.441162
v 0.497568 -0.165373 -0.441168
v 0.496335 0.165375 -0.461860
v 0.496466 -0.000000 -0.461857
v 0.496335 -0.165375 -0.461860
v 0.492693 0.165367 -0.472933
v 0.492814 0.000000 -0.472949
v 0.492693 -0.165367 -0.472933
v 0.490262 0.165358 -0.476993
v 0.490371 0.000000 -0.477027
v 0.490262 -0.165358 -0.476993
v 0.487451 0.165349 -0.480788
v 0.487544 0.000000 -0.480842
v 0.487451 -0.165349 -0.480788
v 0.480788 0.165349 -0.487451
v 0.480842 0.000000 -0.487544
v 0.480788 -0.165349 -0.487451
v 0.476993 0.165358 -0.490262
v 0.477027 0.000000 -0.490371
v 0.476993 -0.165358 -0.490262
v 0.472933 0.165367 -0.492693
v 0.472949 -0.000000 -0.492814
v 0.472933 -0.165367 -0.492693
v 0.461860 0.165375 -0.496335
v 0.461857 -0.000000 -0.496466
v 0.461860 -0.165375 -0.496335
v 0.441168 0.165373 -0.497568
v 0.441162 0.000000 -0.497698
v 0.441168 -0.165373 -0.497568
v 0.392851 0.165368 -0.498467
v 0.392846 0.000000 -0.498594
v 0.392851 -0.165368 -0.498467
v -0.392851 -0.165368 0.498467
v -0.392846 -0.000000 0.498594
v -0.392851 0.165368 0.498467
v -0.441168 -0.165373 0.497568
v -0.441162 -0.000000 0.497698
v -0.441168 0.165373 0.497568
v -0.461860 -0.165375 0.496335
v -0.461857 0.000000 0.496466
v -0.461860 0.165375 0.496335
v -0.472933 -0.165367 0.492693
v -0.472949 -0.000000 0.492814
v -0.472933 0.165367 0.492693
v -0.476993 -0.165358 0.490262
v -0.477027 -0.000000 0.490371
v -0.476993 0.165358 0.490262
v -0.480788 -0.165349 0.487451
v -0.480842 -0.000000 0.487544
v -0.480788 0.165349 0.487451
v -0.487451 -0.165349 0.480788
v -0.487544 -0.000000 0.480842
v -0.487451 0.165349 0.480788
v -0.490262 -0.165358 0.476993
v -0.490371 -0.000000 0.477027
v -0.490262 0.165358 0.476993
v -0.492693 -0.165367 0.472933
v -0.492814 -0.000000 0.472949
v -0.492693 0.165367 0.472933
v -0.496335 -0.165375 0.461860
v -0.496466 0.000000 0.461857
v -0.496335 0.165375 0.461860
v -0.497568 -0.165373 0.441168
v -0.497698 -0.000000 0.441162
v -0.497568 0.165373 0.441168
v -0.498467 -0.165368 0.392851
v -0.498594 -0.000000 0.392846
v -0.498467 0.165368 0.392851
v 0.392851 0.165368 0.498467
v 0.392846 0.000000 0.498594
v 0.392851 -0.165368 0.498467
v 0.441168 0.165373 0.497568
v 0.441162 0.000000 0.497698
v 0.441168 -0.165373 0.497568
v 0.461860 0.165375 0.496335
v 0.461857 -0.000000 0.496466
v 0.461860 -0.165375 0.496335
v 0.472933 0.165367 0.492693
v 0.472949 0.000000 0.492814
v 0.472933 -0.165367 0.492693
v 0.476993 0.165358 0.490262
v 0.477027 0.000000 0.490371
v 0.476993 -0.165358 0.490262
v 0.480788 0.165349 0.487451
v 0.480842 0.000000 0.487544
v 0.480788 -0.165349 0.487451
v 0.487451 0.165349 0.480788
v 0.487544 0.000000 0.480842
v 0.487451 -0.165349 0.480788
v 0.490262 0.165358 0.476993
v 0.490371 0.000000 0.477027
v 0.490262 -0.165358 0.476993
v 0.492693 0.165367 0.472933
v 0.492814 -0.000000 0.472949
v 0.492693 -0.165367 0.472933
v 0.496335 0.165375 0.461860
v 0.496466 -0.000000 0.461857
v 0.496335 -0.165375 0.461860
v 0.497568 0.165373 0.441168
v 0.497698 0.000000 0.441162
v 0.497568 -0.165373 0.441168
v 0.498467 0.165368 0.392851
v 0.498594 0.000000 0.392846
v 0.498467 -0.165368 0.392851
v -0.392851 0.165368 -0.498467
v -0.392846 0.000000 -0.498594
v -0.392851 -0.165368 -0.498467
v -0.441168 0.165373 -0.497568
v -0.441162 0.000000 -0.497698
v -0.441168 -0.165373 -0.497568
v -0.461860 0.165375 -0.496335
v -0.461857 -0.000000 -0.496466
v -0.461860 -0.165375 -0.496335
v -0.472933 0.165367 -0.492693
v -0.472949 0.000000 -0.492814
v -0.472933 -0.165367 -0.492693
v -0.476993 0.165358 -0.490262
v -0.477027 0.000000 -0.490371
v -0.476993 -0.165358 -0.490262
v -0.480788 0.165349 -0.487451
v -0.480842 0.000000 -0.487544
v -0.480788 -0.165349 -0.487451
v -0.487451 0.165349 -0.480788
v -0.487544 0.000000 -0.480842
v -0.487451 -0.165349 -0.480788
v -0.490262 0.165358 -0.476993
v -0.490371 0.000000 -0.477027
v -0.490262 -0.165358 -0.476993
v -0.492693 0.165367 -0.472933
v -0.492814 -0.000000 -0.472949
v -0.492693 -0.165367 -0.472933
v -0.496335 0.165375 -0.461860
v -0.496466 -0.000000 -0.461857
v -0.496335 -0.165375 -0.461860
v -0.497568 0.165373 -0.441168
v -0.497698 0.000000 -0.441162
v -0.497568 -0.165373 -0.441168
v -0.498467 0.165368 -0.392851
v -0.498594 0.000000 -0.392846
v -0.498467 -0.165368 -0.392851
v 0.165368 0.498467 0.392851
v 0.000000 0.498594 0.392846
v -0.165368 0.498467 0.392851
v 0.165373 0.497568 0.441168
v 0.000000 0.497698 0.441162
v -0.165373 0.497568 0.441168
v 0.165375 0.496335 0.461860
v -0.000000 0.496466 0.461857
v -0.165375 0.496335 0.461860
v 0.165367 0.492693 0.472933
v 0.000000 0.492814 0.472949
v -0.165367 0.492693 0.472933
v 0.165358 0.490262 0.476993
v 0.000000 0.490371 0.477027
v -0.165358 0.490262 0.476993
v 0.165349 0.487451 0.480788
v 0.000000 0.487544 0.480842
v -0.165349 0.487451 0.480788
v 0.165349 0.480788 0.487451
v 0.000000 0.480842 0.487544
v -0.165349 0.480788 0.487451
v 0.165358 0.476993 0.490262
v 0.000000 0.477027 0.490371
v -0.165358 0.476993 0.490262
v 0.165367 0.472933 0.492693
v 0.000000 0.472949 0.492814
v -0.165367 0.472933 0.492693
v 0.165375 0.461860 0.496335
v -0.000000 0.461857 0.496466
v -0.165375 0.461860 0.496335
v 0.165373 0.441168 0.497568
v 0.000000 0.441162 0.497698
v -0.165373 0.441168 0.497568
v 0.165368 0.392851 0.498467
v 0.000000 0.392846 0.498594
v -0.165368 0.392851 0.498467
v 0.392851 0.498467 -0.165368
v 0.392846 0.498594 -0.000000
v 0.392851 0.498467 0.165368
v 0.441168 0.497568 -0.165373
v 0.441162 0.497698 -0.000000
v 0.441168 0.497568 0.165373
v 0.461860 0.496335 -0.165375
v 0.461857 0.496466 0.000000
v 0.461860 0.496335 0.165375
v 0.472933 0.492693 -0.165367
v 0.472949 0.492814 -0.000000
v 0.472933 0.492693 0.165367
v 0.476993 0.490262 -0.165358
v 0.477027 0.490371 -0.000000
v 0.476993 0.490262 0.165358
v 0.480788 0.487451 -0.165349
v 0.480842 0.487544 -0.000000
v 0.480788 0.487451 0.165349
v 0.487451 0.480788 -0.165349
v 0.487544 0.480842 -0.000000
v 0.487451 0.480788 0.165349
v 0.490262 0.476993 -0.165358
v 0.490371 0.477027 -0.000000
v 0.490262 0.476993 0.165358
v 0.492693 0.472933 -0.165367
v 0.492814 0.472949 0.000000
v 0.492693 0.472933 0.165367
v 0.496335 0.461860 -0.165375
v 0.496466 0.461857 0.000000
v 0.496335 0.461860 0.165375
v 0.497568 0.441168 -0.165373
v 0.497698 0.441162 -0.000000
v 0.497568 0.441168 0.165373
v 0.498467 0.392851 -0.165368
v 0.498594 0.392846 -0.000000
v 0.498467 0.392851 0.165368
v -0.165368 -0.498467 0.392851
v -0.000000 -0.498594 0.392846
v 0.165368 -0.498467 0.392851
v -0.165373 -0.497568 0.441168
v -0.000000 -0.497698 0.441162
v 0.165373 -0.497568 0.441168
v -0.165375 -0.496335 0.461860
v 0.000000 -0.496466 0.461857
v 0.165375 -0.496335 0.461860
v -0.165367 -0.492693 0.472933
v -0.000000 -0.492814 0.472949
v 0.165367 -0.492693 0.472933
v -0.165358 -0.490262 0.476993
v -0.000000 -0.490371 0.477027
v 0.165358 -0.490262 0.476993
v -0.165349 -0.487451 0.480788
v -0.000000 -0.487544 0.480842
v 0.165349 -0.487451 0.480788
v -0.165349 -0.480788 0.487451
v -0.000000 -0.480842 0.487544
v 0.165349 -0.480788 0.487451
v -0.165358 -0.476993 0.490262
v -0.000000 -0.477027 0.490371
v 0.165358 -0.476993 0.490262
v -0.165367 -0.472933 0.492693
v -0.000000 -0.472949 0.492814
v 0.165367 -0.472933 0.492693
v -0.165375 -0.461860 0.496335
v 0.000000 -0.461857 0.496466
v 0.165375 -0.461860 0.496335
v -0.165373 -0.441168 0.497568
v -0.000000 -0.441162 0.497698
v 0.165373 -0.441168 0.497568
v -0.165368 -0.392851 0.498467
v -0.000000 -0.392846 0.498594
v 0.165368 -0.392851 0.498467
v -0.392851 0.498467 0.165368
v -0.392846 0.498594 0.000000
v -0.392851 0.498467 -0.165368
v -0.441168 0.497568 0.165373
v -0.441162 0.497698 0.000000
v -0.441168 0.497568 -0.165373
v -0.461860 0.496335 0.165375
v -0.461857 0.496466 -0.000000
v -0.461860 0.496335 -0.165375
v -0.472933 0.492693 0.165367
v -0.472949 0.492814 0.000000
v -0.472933 0.492693 -0.165367
v -0.476993 0.490262 0.165358
v -0.477027 0.490371 0.000000
v -0.476993 0.490262 -0.165358
v -0.480788 0.487451 0.165349
v -0.480842 0.487544 0.000000
v -0.480788 0.487451 -0.165349
v -0.487451 0.480788 0.165349
v -0.487544 0.480842 0.000000
v -0.487451 0.480788 -0.165349
v -0.490262 0.476993 0.165358
v -0.490371 0.477027 0.000000
v -0.490262 0.476993 -0.165358
v -0.492693 0.472933 0.165367
v -0.492814 0.472949 0.000000
v -0.492693 0.472933 -0.165367
v -0.496335 0.461860 0.165375
v -0.496466 0.461857 -0.000000
v -0.496335 0.461860 -0.165375
v -0.497568 0.441168 0.165373
v -0.497698 0.441162 0.000000
v -0.497568 0.441168 -0.165373
v -0.498467 0.392851 0.165368
v -0.498594 0.392846 0.000000
v -0.498467 0.392851 -0.165368
v -0.165368 0.498467 -0.392851
v -0.000000 0.498594 -0.392846
v 0.165368 0.498467 -0.392851
v -0.165373 0.497568 -0.441168
v -0.000000 0.497698 -0.441162
v 0.165373 0.497568 -0.441168
v -0.165375 0.496335 -0.461860
v 0.000000 0.496466 -0.461857
v 0.165375 0.496335 -0.461860
v -0.165367 0.492693 -0.472933
v -0.000000 0.492814 -0.472949
v 0.165367 0.492693 -0.472933
v -0.165358 0.490262 -0.476993
v -0.000000 0.490371 -0.477027
v 0.165358 0.490262 -0.476993
v -0.165349 0.487451 -0.480788
v -0.000000 0.487544 -0.480842
v 0.165349 0.487451 -0.480788
v -0.165349 0.480788 -0.487451
v -0.000000 0.480842 -0.487544
v 0.165349 0.480788 -0.487451
v -0.165358 0.476993 -0.490262
v -0.000000 0.477027 -0.490371
v 0.165358 0.476993 -0.490262
v -0.165367 0.472933 -0.492693
v -0.000000 0.472949 -0.492814
v 0.165367 0.472933 -0.492693
v -0.165375 0.461860 -0.496335
v 0.000000 0.461857 -0.496466
v 0.165375 0.461860 -0.496335
v -0.165373 0.441168 -0.497568
v -0.000000 0.441162 -0.497698
v 0.165373 0.441168 -0.497568
v -0.165368 0.392851 -0.498467
v -0.000000 0.392846 -0.498594
v 0.165368 0.392851 -0.498467
v 0.392851 -0.498467 0.165368
v 0.392846 -0.498594 0.000000
v 0.392851 -0.498467 -0.165368
v 0.441168 -0.497568 0.165373
v 0.441162 -0.497698 0.000000
v 0.441168 -0.497568 -0.165373
v 0.461860 -0.496335 0.165375
v 0.461857 -0.496466 -0.000000
v 0.461860 -0.496335 -0.165375
v 0.472933 -0.492693 0.165367
v 0.472949 -0.492814 0.000000
v 0.472933 -0.492693 -0.165367
v 0.476993 -0.490262 0.165358
v 0.477027 -0.490371 0.000000
v 0.476993 -0.490262 -0.165358
v 0.480788 -0.487451 0.165349
v 0.480842 -0.487544 0.000000
v 0.480788 -0.487451 -0.165349
v 0.487451 -0.480788 0.165349
v 0.487544 -0.480842 0.000000
v 0.487451 -0.480788 -0.165349
v 0.490262 -0.476993 0.165358
v 0.490371 -0.477027 0.000000
v 0.490262 -0.476993 -0.165358
v 0.492693 -0.472933 0.165367
v 0.492814 -0.472949 -0.000000
v 0.492693 -0.472933 -0.165367
v 0.496335 -0.461860 0.165375
v 0.496466 -0.461857 -0.000000
v 0.496335 -0.461860 -0.165375
v 0.497568 -0.441168 0.165373
v 0.497698 -0.441162 0.000000
v 0.497568 -0.441168 -0.165373
v 0.498467 -0.392851 0.165368
v 0.498594 -0.392846 0.000000
v 0.498467 -0.392851 -0.165368
v -0.165360 -0.165360 -0.499441
v -0.165359 0.000000 -0.499562
v -0.165360 0.165360 -0.499441
v -0.000000 -0.165359 -0.499562
v -0.000000 0.000000 -0.499682
v 0.000000 0.165359 -0.499562
v 0.165360 -0.165360 -0.499441
v 0.165359 -0.000000 -0.499562
v 0.165360 0.165360 -0.499441
vn 0.0048 0.0048 -1.0000
vn 0.0048 1.0000 -0.0048
vn 1.0000 0.0048 -0.0048
vn 0.0048 0.3304 -0.9438
vn 0.0041 0.7071 -0.7071
vn 0.3305 0.0048 -0.9438
vn 0.3022 0.3022 -0.9041
vn 0.2523 0.6842 -0.6842
vn 0.5774 0.5773 -0.5773
vn 0.3305 0.9438 -0.0048
vn 0.7071 0.7071 -0.0041
vn 0.0048 0.9438 -0.3304
vn 0.3022 0.9041 -0.3022
vn 0.6842 0.6842 -0.2523
vn 0.9438 0.0048 -0.3305
vn 0.7071 0.0041 -0.7071
vn 0.9438 0.3305 -0.0048
vn 0.9041 0.3022 -0.3022
vn 0.6842 0.2523 -0.6842
vn 0.0048 -1.0000 -0.0048
vn 0.0048 -0.0048 -1.0000
vn 1.0000 -0.0048 -0.0048
vn 0.0048 -0.9438 -0.3304
vn 0.0041 -0.7071 -0.7071
vn 0.3305 -0.9438 -0.0048
vn 0.3022 -0.9041 -0.3022
vn 0.2523 -0.6842 -0.6842
vn 0.5774 -0.5774 -0.5774
vn 0.3304 -0.0048 -0.9438
vn 0.7071 -0.0041 -0.7071
vn 0.0048 -0.3304 -0.9438
vn 0.3022 -0.3022 -0.9041
vn 0.6842 -0.2523 -0.6842
vn 0.9438 -0.3304 -0.0048
vn 0.7071 -0.7071 -0.0041
vn 0.9438 -0.0048 -0.3305
vn 0.9041 -0.3022 -0.3022
vn 0.6842 -0.6842 -0.2523
vn 1.0000 0.0048 0.0048
vn 0.0048 1.0000 0.0048
vn 0.0048 0.0048 1.0000
vn 0.9438 0.3304 0.0048
vn 0.7071 0.7071 0.0041
vn 0.9438 0.0048 0.3305
vn 0.9041 0.3022 0.3022
vn 0.6842 0.6842 0.2523
vn 0.5774 0.5774 0.5774
vn 0.0048 0.9438 0.3304
vn 0.0041 0.7071 0.7071
vn 0.3305 0.9438 0.0048
vn 0.3022 0.9041 0.3022
vn 0.2523 0.6842 0.6842
vn 0.3304 0.0048 0.9438
vn 0.7071 0.0041 0.7071
vn 0.0048 0.3304 0.9438
vn 0.3022 0.3022 0.9041
vn 0.6842 0.2523 0.6842
vn 1.0000 -0.0048 0.0048
vn 0.0048 -0.0048 1.0000
vn 0.0048 -1.0000 0.0048
vn 0.9438 -0.0048 0.3305
vn 0.7071 -0.0041 0.7071
vn 0.9438 -0.3305 0.0048
vn 0.9041 -0.3022 0.3022
vn 0.6842 -0.2523 0.6842
vn 0.5773 -0.5774 0.5773
vn 0.0048 -0.3304 0.9438
vn 0.0041 -0.7071 0.7071
vn 0.3304 -0.0048 0.9438
vn 0.3022 -0.3022 0.9041
vn 0.2523 -0.6842 0.6842
vn 0.3305 -0.9438 0.0048
vn 0.7071 -0.7071 0.0041
vn 0.0048 -0.9438 0.3304
vn 0.3022 -0.9041 0.3022
vn 0.6842 -0.6842 0.2523
vn -0.0048 0.0048 -1.0000
vn -1.0000 0.0048 -0.0048
vn -0.0048 1.0000 -0.0048
vn -0.3304 0.0048 -0.9438
vn -0.7071 0.0041 -0.7071
vn -0.0048 0.3304 -0.9438
vn -0.3022 0.3022 -0.9041
vn -0.6842 0.2523 -0.6842
vn -0.5774 0.5774 -0.5774
vn -0.9438 0.3304 -0.0048
vn -0.7071 0.7071 -0.0041
vn -0.9438 0.0048 -0.3304
vn -0.9041 0.3022 -0.3022
vn -0.6842 0.6842 -0.2523
vn -0.0048 0.9438 -0.3304
vn -0.0041 0.7071 -0.7071
vn -0.3304 0.9438 -0.0048
vn -0.3022 0.9041 -0.3022
vn -0.2523 0.6842 -0.6842
vn -1.0000 -0.0048 -0.0048
vn -0.0048 -0.0048 -1.0000
vn -0.0048 -1.0000 -0.0048
vn -0.9438 -0.0048 -0.3304
vn -0.7071 -0.0041 -0.7071
vn -0.9438 -0.3304 -0.0048
vn -0.9041 -0.3022 -0.3022
vn -0.6842 -0.2523 -0.6842
vn -0.5773 -0.5774 -0.5773
vn -0.0048 -0.3304 -0.9438
vn -0.0041 -0.7071 -0.7071
vn -0.3304 -0.0048 -0.9438
vn -0.3022 -0.3022 -0.9041
vn -0.2523 -0.6842 -0.6842
vn -0.3304 -0.9438 -0.0048
vn -0.7071 -0.7071 -0.0041
vn -0.0048 -0.9438 -0.3304
vn -0.3022 -0.9041 -0.3022
vn -0.6842 -0.6842 -0.2523
vn -1.0000 0.0048 0.0048
vn -0.0048 0.0048 1.0000
vn -0.0048 1.0000 0.0048
vn -0.9438 0.0048 0.3304
vn -0.7071 0.0041 0.7071
vn -0.9438 0.3304 0.0048
vn -0.9041 0.3022 0.3022
vn -0.6842 0.2523 0.6842
vn -0.5773 0.5774 0.5773
vn -0.0048 0.3304 0.9438
vn -0.0041 0.7071 0.7071
vn -0.3304 0.0048 0.9438
vn -0.3022 0.3022 0.9041
vn -0.2523 0.6842 0.6842
vn -0.3304 0.9438 0.0048
vn -0.7071 0.7071 0.0041
vn -0.0048 0.9438 0.3304
vn -0.3022 0.9041 0.3022
vn -0.6842 0.6842 0.2523
vn -0.0048 -1.0000 0.0048
vn -0.0048 -0.0048 1.0000
vn -1.0000 -0.0048 0.0048
vn -0.0048 -0.9438 0.3304
vn -0.0041 -0.7071 0.7071
vn -0.3304 -0.9438 0.0048
vn -0.3022 -0.9041 0.3022
vn -0.2523 -0.6842 0.6842
vn -0.5774 -0.5774 0.5774
vn -0.3304 -0.0048 0.9438
vn -0.7071 -0.0041 0.7071
vn -0.0048 -0.3304 0.9438
vn -0.3022 -0.3022 0.9041
vn -0.6842 -0.2523 0.6842
vn -0.9438 -0.3304 0.0048
vn -0.7071 -0.7071 0.0041
vn -0.9438 -0.0048 0.3304
vn -0.9041 -0.3022 0.3022
vn -0.6842 -0.6842 0.2523
vn 0.1459 0.0050 -0.9893
vn 0.0393 0.0050 -0.9992
vn 0.0129 0.0049 -0.9999
vn 0.0049 0.0129 -0.9999
vn 0.0050 0.0393 -0.9992
vn 0.0050 0.1459 -0.9893
vn 0.0124 0.3289 -0.9443
vn 0.0363 0.3254 -0.9449
vn 0.1319 0.3175 -0.9390
vn 0.3175 0.1319 -0.9390
vn 0.3254 0.0363 -0.9449
vn 0.3289 0.0124 -0.9443
vn 0.0044 0.4702 -0.8826
vn 0.0042 0.5544 -0.8322
vn 0.0041 0.6336 -0.7736
vn 0.0104 0.7071 -0.7071
vn 0.0299 0.7068 -0.7068
vn 0.1077 0.7030 -0.7030
vn 0.2566 0.6081 -0.7513
vn 0.2678 0.5246 -0.8081
vn 0.2831 0.4379 -0.8533
vn 0.6336 0.0041 -0.7736
vn 0.5544 0.0042 -0.8323
vn 0.4702 0.0044 -0.8826
vn 0.4379 0.2831 -0.8533
vn 0.5246 0.2678 -0.8081
vn 0.6081 0.2566 -0.7513
vn 0.7030 0.1077 -0.7030
vn 0.7068 0.0299 -0.7068
vn 0.7071 0.0104 -0.7071
vn 0.3715 0.6565 -0.6565
vn 0.4472 0.6325 -0.6325
vn 0.5190 0.6044 -0.6044
vn 0.6044 0.5190 -0.6044
vn 0.6325 0.4472 -0.6325
vn 0.6565 0.3715 -0.6565
vn 0.0050 0.9893 -0.1459
vn 0.0050 0.9992 -0.0393
vn 0.0049 0.9999 -0.0129
vn 0.0129 0.9999 -0.0049
vn 0.0393 0.9992 -0.0050
vn 0.1459 0.9893 -0.0050
vn 0.3289 0.9443 -0.0124
vn 0.3254 0.9449 -0.0363
vn 0.3175 0.9390 -0.1319
vn 0.1319 0.9390 -0.3175
vn 0.0363 0.9449 -0.3254
vn 0.0124 0.9443 -0.3289
vn 0.4702 0.8826 -0.0044
vn 0.5544 0.8323 -0.0042
vn 0.6336 0.7736 -0.0041
vn 0.7071 0.7071 -0.0104
vn 0.7068 0.7068 -0.0299
vn 0.7030 0.7030 -0.1077
vn 0.6081 0.7513 -0.2566
vn 0.5246 0.8081 -0.2678
vn 0.4379 0.8533 -0.2831
vn 0.0041 0.7736 -0.6336
vn 0.0042 0.8322 -0.5544
vn 0.0044 0.8826 -0.4702
vn 0.2831 0.8533 -0.4379
vn 0.2678 0.8081 -0.5246
vn 0.2566 0.7513 -0.6081
vn 0.6565 0.6565 -0.3715
vn 0.6325 0.6325 -0.4472
vn 0.6044 0.6044 -0.5190
vn 0.9893 0.1459 -0.0050
vn 0.9992 0.0393 -0.0050
vn 0.9999 0.0129 -0.0049
vn 0.9999 0.0049 -0.0129
vn 0.9992 0.0050 -0.0393
vn 0.9893 0.0050 -0.1459
vn 0.9443 0.0124 -0.3289
vn 0.9449 0.0363 -0.3254
vn 0.9390 0.1319 -0.3175
vn 0.9390 0.3175 -0.1319
vn 0.9449 0.3254 -0.0363
vn 0.9443 0.3289 -0.0124
vn 0.8826 0.0044 -0.4702
vn 0.8323 0.0042 -0.5544
vn 0.7736 0.0041 -0.6336
vn 0.7513 0.2566 -0.6081
vn 0.8081 0.2678 -0.5246
vn 0.8533 0.2831 -0.4379
vn 0.7736 0.6336 -0.0041
vn 0.8323 0.5544 -0.0042
vn 0.8826 0.4702 -0.0044
vn 0.8533 0.4379 -0.2831
vn 0.8081 0.5246 -0.2678
vn 0.7513 0.6081 -0.2566
vn 0.1459 -0.9893 -0.0050
vn 0.0393 -0.9992 -0.0050
vn 0.0129 -0.9999 -0.0049
vn 0.0049 -0.9999 -0.0129
vn 0.0050 -0.9992 -0.0393
vn 0.0050 -0.9893 -0.1459
vn 0.0124 -0.9443 -0.3289
vn 0.0363 -0.9449 -0.3254
vn 0.1319 -0.9390 -0.3175
vn 0.3175 -0.9390 -0.1319
vn 0.3254 -0.9449 -0.0363
vn 0.3289 -0.9443 -0.0124
vn 0.0044 -0.8826 -0.4702
vn 0.0042 -0.8322 -0.5544
vn 0.0041 -0.7736 -0.6336
vn 0.0104 -0.7071 -0.7071
vn 0.0299 -0.7068 -0.7068
vn 0.1077 -0.7030 -0.7030
vn 0.2566 -0.7513 -0.6081
vn 0.2678 -0.8081 -0.5246
vn 0.2831 -0.8533 -0.4379
vn 0.6336 -0.7736 -0.0041
vn 0.5544 -0.8323 -0.0042
vn 0.4702 -0.8826 -0.0044
vn 0.4379 -0.8533 -0.2831
vn 0.5246 -0.8081 -0.2678
vn 0.6081 -0.7513 -0.2566
vn 0.7030 -0.7030 -0.1077
vn 0.7068 -0.7068 -0.0299
vn 0.7071 -0.7071 -0.0104
vn 0.3715 -0.6565 -0.6565
vn 0.4472 -0.6325 -0.6325
vn 0.5190 -0.6044 -0.6044
vn 0.6044 -0.6044 -0.5190
vn 0.6325 -0.6325 -0.4472
vn 0.6565 -0.6565 -0.3715
vn 0.0050 -0.1459 -0.9893
vn 0.0050 -0.0393 -0.9992
vn 0.0049 -0.0129 -0.9999
vn 0.0129 -0.0049 -0.9999
vn 0.0393 -0.0050 -0.9992
vn 0.1459 -0.0050 -0.9893
vn 0.3289 -0.0124 -0.9443
vn 0.3254 -0.0363 -0.9449
vn 0.3175 -0.1319 -0.9390
vn 0.1319 -0.3175 -0.9390
vn 0.0363 -0.3254 -0.9449
vn 0.0124 -0.3289 -0.9443
vn 0.4702 -0.0044 -0.8826
vn 0.5544 -0.0042 -0.8323
vn 0.6336 -0.0041 -0.7736
vn 0.7071 -0.0104 -0.7071
vn 0.7068 -0.0299 -0.7068
vn 0.7030 -0.1077 -0.7030
vn 0.6081 -0.2566 -0.7513
vn 0.5246 -0.2678 -0.8081
vn 0.4379 -0.2831 -0.8533
vn 0.0041 -0.6336 -0.7736
vn 0.0042 -0.5544 -0.8322
vn 0.0044 -0.4702 -0.8826
vn 0.2831 -0.4379 -0.8533
vn 0.2678 -0.5246 -0.8081
vn 0.2566 -0.6081 -0.7513
vn 0.6565 -0.3715 -0.6565
vn 0.6325 -0.4472 -0.6325
vn 0.6044 -0.5190 -0.6044
vn 0.9893 -0.0050 -0.1459
vn 0.9992 -0.0050 -0.0393
vn 0.9999 -0.0049 -0.0129
vn 0.9999 -0.0129 -0.0049
vn 0.9992 -0.0393 -0.0050
vn 0.9893 -0.1459 -0.0050
vn 0.9443 -0.3289 -0.0124
vn 0.9449 -0.3254 -0.0363
vn 0.9390 -0.3175 -0.1319
vn 0.9390 -0.1319 -0.3175
vn 0.9449 -0.0363 -0.3254
vn 0.9443 -0.0124 -0.3289
vn 0.8826 -0.4702 -0.0044
vn 0.8323 -0.5544 -0.0042
vn 0.7736 -0.6336 -0.0041
vn 0.7513 -0.6081 -0.2566
vn 0.8081 -0.5246 -0.2678
vn 0.8533 -0.4379 -0.2831
vn 0.7736 -0.0041 -0.6336
vn 0.8323 -0.0042 -0.5544
vn 0.8826 -0.0044 -0.4702
vn 0.8533 -0.2831 -0.4379
vn 0.8081 -0.2678 -0.5246
vn 0.7513 -0.2566 -0.6081
vn 0.9893 0.0050 0.1459
vn 0.9992 0.0050 0.0393
vn 0.9999 0.0049 0.0129
vn 0.9999 0.0129 0.0049
vn 0.9992 0.0393 0.0050
vn 0.9893 0.1459 0.0050
vn 0.9443 0.3289 0.0124
vn 0.9449 0.3254 0.0363
vn 0.9390 0.3175 0.1319
vn 0.9390 0.1319 0.3175
vn 0.9449 0.0363 0.3254
vn 0.9443 0.0124 0.3289
vn 0.8826 0.4702 0.0044
vn 0.8323 0.5544 0.0042
vn 0.7736 0.6336 0.0041
vn 0.7071 0.7071 0.0104
vn 0.7068 0.7068 0.0299
vn 0.7030 0.7030 0.1077
vn 0.7513 0.6081 0.2566
vn 0.8081 0.5246 0.2678
vn 0.8533 0.4379 0.2831
vn 0.7736 0.0041 0.6336
vn 0.8323 0.0042 0.5544
vn 0.8826 0.0044 0.4702
vn 0.8533 0.2831 0.4379
vn 0.8081 0.2678 0.5246
vn 0.7513 0.2566 0.6081
vn 0.7030 0.1077 0.7030
vn 0.7068 0.0299 0.7068
vn 0.7071 0.0104 0.7071
vn 0.6565 0.6565 0.3715
vn 0.6325 0.6325 0.4472
vn 0.6044 0.6044 0.5190
vn 0.6044 0.5190 0.6044
vn 0.6325 0.4472 0.6325
vn 0.6565 0.3715 0.6565
vn 0.1459 0.9893 0.0050
vn 0.0393 0.9992 0.0050
vn 0.0129 0.9999 0.0049
vn 0.0049 0.9999 0.0129
vn 0.0050 0.9992 0.0393
vn 0.0050 0.9893 0.1459
vn 0.0124 0.9443 0.3289
vn 0.0363 0.9449 0.3254
vn 0.1319 0.9390 0.3175
vn 0.3175 0.9390 0.1319
vn 0.3254 0.9449 0.0363
vn 0.3289 0.9443 0.0124
vn 0.0044 0.8826 0.4702
vn 0.0042 0.8322 0.5544
vn 0.0041 0.7736 0.6336
vn 0.0104 0.7071 0.7071
vn 0.0299 0.7068 0.7068
vn 0.1077 0.7030 0.7030
vn 0.2566 0.7513 0.6081
vn 0.2678 0.8081 0.5246
vn 0.2831 0.8533 0.4379
vn 0.6336 0.7736 0.0041
vn 0.5544 0.8323 0.0042
vn 0.4702 0.8826 0.0044
vn 0.4379 0.8533 0.2831
vn 0.5246 0.8081 0.2678
vn 0.6081 0.7513 0.2566
vn 0.3715 0.6565 0.6565
vn 0.4472 0.6325 0.6325
vn 0.5190 0.6044 0.6044
vn 0.0050 0.1459 0.9893
vn 0.0050 0.0393 0.9992
vn 0.0049 0.0129 0.9999
vn 0.0129 0.0049 0.9999
vn 0.0393 0.0050 0.9992
vn 0.1459 0.0050 0.9893
vn 0.3289 0.0124 0.9443
vn 0.3254 0.0363 0.9449
vn 0.3175 0.1319 0.9390
vn 0.1319 0.3175 0.9390
vn 0.0363 0.3254 0.9449
vn 0.0124 0.3289 0.9443
vn 0.4702 0.0044 0.8826
vn 0.5544 0.0042 0.8323
vn 0.6336 0.0041 0.7736
vn 0.6081 0.2566 0.7513
vn 0.5246 0.2678 0.8081
vn 0.4379 0.2831 0.8533
vn 0.0041 0.6336 0.7736
vn 0.0042 0.5544 0.8322
vn 0.0044 0.4702 0.8826
vn 0.2831 0.4379 0.8533
vn 0.2678 0.5246 0.8081
vn 0.2566 0.6081 0.7513
vn 0.9893 -0.1459 0.0050
vn 0.9992 -0.0393 0.0050
vn 0.9999 -0.0129 0.0049
vn 0.9999 -0.0049 0.0129
vn 0.9992 -0.0050 0.0393
vn 0.9893 -0.0050 0.1459
vn 0.9443 -0.0124 0.3289
vn 0.9449 -0.0363 0.3254
vn 0.9390 -0.1319 0.3175
vn 0.9390 -0.3175 0.1319
vn 0.9449 -0.3254 0.0363
vn 0.9443 -0.3289 0.0124
vn 0.8826 -0.0044 0.4702
vn 0.8322 -0.0042 0.5544
vn 0.7736 -0.0041 0.6336
vn 0.7071 -0.0104 0.7071
vn 0.7068 -0.0299 0.7068
vn 0.7030 -0.1077 0.7030
vn 0.7513 -0.2566 0.6081
vn 0.8081 -0.2678 0.5246
vn 0.8533 -0.2831 0.4379
vn 0.7736 -0.6336 0.0041
vn 0.8323 -0.5544 0.0042
vn 0.8826 -0.4702 0.0044
vn 0.8533 -0.4379 0.2831
vn 0.8081 -0.5246 0.2678
vn 0.7513 -0.6081 0.2566
vn 0.7030 -0.7030 0.1077
vn 0.7068 -0.7068 0.0299
vn 0.7071 -0.7071 0.0104
vn 0.6565 -0.3715 0.6565
vn 0.6325 -0.4472 0.6325
vn 0.6044 -0.5190 0.6044
vn 0.6044 -0.6044 0.5190
vn 0.6325 -0.6325 0.4472
vn 0.6565 -0.6565 0.3715
vn 0.1459 -0.0050 0.9893
vn 0.0393 -0.0050 0.9992
vn 0.0129 -0.0049 0.9999
vn 0.0049 -0.0129 0.9999
vn 0.0050 -0.0393 0.9992
vn 0.0050 -0.1459 0.9893
vn 0.0124 -0.3289 0.9443
vn 0.0363 -0.3254 0.9449
vn 0.1319 -0.3175 0.9390
vn 0.3175 -0.1319 0.9390
vn 0.3254 -0.0363 0.9449
vn 0.3289 -0.0124 0.9443
vn 0.0044 -0.4702 0.8826
vn 0.0042 -0.5544 0.8322
vn 0.0041 -0.6336 0.7736
vn 0.0104 -0.7071 0.7071
vn 0.0299 -0.7068 0.7068
vn 0.1077 -0.7030 0.7030
vn 0.2566 -0.6081 0.7513
vn 0.2678 -0.5246 0.8081
vn 0.2831 -0.4379 0.8533
vn 0.6336 -0.0041 0.7736
vn 0.5544 -0.0042 0.8323
vn 0.4702 -0.0044 0.8826
vn 0.4379 -0.2831 0.8533
vn 0.5246 -0.2678 0.8081
vn 0.6081 -0.2566 0.7513
vn 0.3715 -0.6565 0.6565
vn 0.4472 -0.6325 0.6325
vn 0.5190 -0.6044 0.6044
vn 0.0050 -0.9893 0.1459
vn 0.0050 -0.9992 0.0393
vn 0.0049 -0.9999 0.0129
vn 0.0129 -0.9999 0.0049
vn 0.0393 -0.9992 0.0050
vn 0.1459 -0.9893 0.0050
vn 0.3289 -0.9443 0.0124
vn 0.3254 -0.9449 0.0363
vn 0.3175 -0.9390 0.1319
vn 0.1319 -0.9390 0.3175
vn 0.0363 -0.9449 0.3254
vn 0.0124 -0.9443 0.3289
vn 0.4702 -0.8826 0.0044
vn 0.5544 -0.8323 0.0042
vn 0.6336 -0.7736 0.0041
vn 0.6081 -0.7513 0.2566
vn 0.5246 -0.8081 0.2678
vn 0.4379 -0.8533 0.2831
vn 0.0041 -0.7736 0.6336
vn 0.0042 -0.8322 0.5544
vn 0.0044 -0.8826 0.4702
vn 0.2831 -0.8533 0.4379
vn 0.2678 -0.8081 0.5246
vn 0.2566 -0.7513 0.6081
vn -0.0050 0.1459 -0.9893
vn -0.0050 0.0393 -0.9992
vn -0.0049 0.0129 -0.9999
vn -0.0129 0.0049 -0.9999
vn -0.0393 0.0050 -0.9992
vn -0.1459 0.0050 -0.9893
vn -0.3289 0.0124 -0.9443
vn -0.3254 0.0363 -0.9449
vn -0.3175 0.1319 -0.9390
vn -0.1319 0.3175 -0.9390
vn -0.0363 0.3254 -0.9449
vn -0.0124 0.3289 -0.9443
vn -0.4702 0.0044 -0.8826
vn -0.5544 0.0042 -0.8322
vn -0.6336 0.0041 -0.7736
vn -0.7071 0.0104 -0.7071
vn -0.7068 0.0299 -0.7068
vn -0.7030 0.1077 -0.7030
vn -0.6081 0.2566 -0.7513
vn -0.5246 0.2678 -0.8081
vn -0.4379 0.2831 -0.8533
vn -0.0041 0.6336 -0.7736
vn -0.0042 0.5544 -0.8322
vn -0.0044 0.4702 -0.8826
vn -0.2831 0.4379 -0.8533
vn -0.2678 0.5246 -0.8081
vn -0.2566 0.6081 -0.7513
vn -0.1077 0.7030 -0.7030
vn -0.0299 0.7068 -0.7068
vn -0.0104 0.7071 -0.7071
vn -0.6565 0.3715 -0.6565
vn -0.6325 0.4472 -0.6325
vn -0.6044 0.5190 -0.6044
vn -0.5190 0.6044 -0.6044
vn -0.4472 0.6325 -0.6325
vn -0.3715 0.6565 -0.6565
vn -0.9893 0.0050 -0.1459
vn -0.9992 0.0050 -0.0393
vn -0.9999 0.0049 -0.0129
vn -0.9999 0.0129 -0.0049
vn -0.9992 0.0393 -0.0050
vn -0.9893 0.1459 -0.0050
vn -0.9443 0.3289 -0.0124
vn -0.9449 0.3254 -0.0363
vn -0.9390 0.3175 -0.1319
vn -0.9390 0.1319 -0.3175
vn -0.9449 0.0363 -0.3254
vn -0.9443 0.0124 -0.3289
vn -0.8826 0.4702 -0.0044
vn -0.8322 0.5544 -0.0042
vn -0.7736 0.6336 -0.0041
vn -0.7071 0.7071 -0.0104
vn -0.7068 0.7068 -0.0299
vn -0.7030 0.7030 -0.1077
vn -0.7513 0.6081 -0.2566
vn -0.8081 0.5246 -0.2678
vn -0.8533 0.4379 -0.2831
vn -0.7736 0.0041 -0.6336
vn -0.8322 0.0042 -0.5544
vn -0.8826 0.0044 -0.4702
vn -0.8533 0.2831 -0.4379
vn -0.8081 0.2678 -0.5246
vn -0.7513 0.2566 -0.6081
vn -0.6565 0.6565 -0.3715
vn -0.6325 0.6325 -0.4472
vn -0.6044 0.6044 -0.5190
vn -0.1459 0.9893 -0.0050
vn -0.0393 0.9992 -0.0050
vn -0.0129 0.9999 -0.0049
vn -0.0049 0.9999 -0.0129
vn -0.0050 0.9992 -0.0393
vn -0.0050 0.9893 -0.1459
vn -0.0124 0.9443 -0.3289
vn -0.0363 0.9449 -0.3254
vn -0.1319 0.9390 -0.3175
vn -0.3175 0.9390 -0.1319
vn -0.3254 0.9449 -0.0363
vn -0.3289 0.9443 -0.0124
vn -0.0044 0.8826 -0.4702
vn -0.0042 0.8322 -0.5544
vn -0.0041 0.7736 -0.6336
vn -0.2566 0.7513 -0.6081
vn -0.2678 0.8081 -0.5246
vn -0.2831 0.8533 -0.4379
vn -0.6336 0.7736 -0.0041
vn -0.5544 0.8322 -0.0042
vn -0.4702 0.8826 -0.0044
vn -0.4379 0.8533 -0.2831
vn -0.5246 0.8081 -0.2678
vn -0.6081 0.7513 -0.2566
vn -0.9893 -0.1459 -0.0050
vn -0.9992 -0.0393 -0.0050
vn -0.9999 -0.0129 -0.0049
vn -0.9999 -0.0049 -0.0129
vn -0.9992 -0.0050 -0.0393
vn -0.9893 -0.0050 -0.1459
vn -0.9443 -0.0124 -0.3289
vn -0.9449 -0.0363 -0.3254
vn -0.9390 -0.1319 -0.3175
vn -0.9390 -0.3175 -0.1319
vn -0.9449 -0.3254 -0.0363
vn -0.9443 -0.3289 -0.0124
vn -0.8826 -0.0044 -0.4702
vn -0.8322 -0.0042 -0.5544
vn -0.7736 -0.0041 -0.6336
vn -0.7071 -0.0104 -0.7071
vn -0.7068 -0.0299 -0.7068
vn -0.7030 -0.1077 -0.7030
vn -0.7513 -0.2566 -0.6081
vn -0.8081 -0.2678 -0.5246
vn -0.8533 -0.2831 -0.4379
vn -0.7736 -0.6336 -0.0041
vn -0.8322 -0.5544 -0.0042
vn -0.8826 -0.4702 -0.0044
vn -0.8533 -0.4379 -0.2831
vn -0.8081 -0.5246 -0.2678
vn -0.7513 -0.6081 -0.2566
vn -0.7030 -0.7030 -0.1077
vn -0.7068 -0.7068 -0.0299
vn -0.7071 -0.7071 -0.0104
vn -0.6565 -0.3715 -0.6565
vn -0.6325 -0.4472 -0.6325
vn -0.6044 -0.5190 -0.6044
vn -0.6044 -0.6044 -0.5190
vn -0.6325 -0.6325 -0.4472
vn -0.6565 -0.6565 -0.3715
vn -0.1459 -0.0050 -0.9893
vn -0.0393 -0.0050 -0.9992
vn -0.0129 -0.0049 -0.9999
vn -0.0049 -0.0129 -0.9999
vn -0.0050 -0.0393 -0.9992
vn -0.0050 -0.1459 -0.9893
vn -0.0124 -0.3289 -0.9443
vn -0.0363 -0.3254 -0.9449
vn -0.1319 -0.3175 -0.9390
vn -0.3175 -0.1319 -0.9390
vn -0.3254 -0.0363 -0.9449
vn -0.3289 -0.0124 -0.9443
vn -0.0044 -0.4702 -0.8826
vn -0.0042 -0.5544 -0.8322
vn -0.0041 -0.6336 -0.7736
vn -0.0104 -0.7071 -0.7071
vn -0.0299 -0.7068 -0.7068
vn -0.1077 -0.7030 -0.7030
vn -0.2566 -0.6081 -0.7513
vn -0.2678 -0.5246 -0.8081
vn -0.2831 -0.4379 -0.8533
vn -0.6336 -0.0041 -0.7736
vn -0.5544 -0.0042 -0.8322
vn -0.4702 -0.0044 -0.8826
vn -0.4379 -0.2831 -0.8533
vn -0.5246 -0.2678 -0.8081
vn -0.6081 -0.2566 -0.7513
vn -0.3715 -0.6565 -0.6565
vn -0.4472 -0.6325 -0.6325
vn -0.5190 -0.6044 -0.6044
vn -0.0050 -0.9893 -0.1459
vn -0.0050 -0.9992 -0.0393
vn -0.0049 -0.9999 -0.0129
vn -0.0129 -0.9999 -0.0049
vn -0.0393 -0.9992 -0.0050
vn -0.1459 -0.9893 -0.0050
vn -0.3289 -0.9443 -0.0124
vn -0.3254 -0.9449 -0.0363
vn -0.3175 -0.9390 -0.1319
vn -0.1319 -0.9390 -0.3175
vn -0.0363 -0.9449 -0.3254
vn -0.0124 -0.9443 -0.3289
vn -0.4702 -0.8826 -0.0044
vn -0.5544 -0.8322 -0.0042
vn -0.6336 -0.7736 -0.0041
vn -0.6081 -0.7513 -0.2566
vn -0.5246 -0.8081 -0.2678
vn -0.4379 -0.8533 -0.2831
vn -0.0041 -0.7736 -0.6336
vn -0.0042 -0.8322 -0.5544
vn -0.0044 -0.8826 -0.4702
vn -0.2831 -0.8533 -0.4379
vn -0.2678 -0.8081 -0.5246
vn -0.2566 -0.7513 -0.6081
vn -0.9893 0.1459 0.0050
vn -0.9992 0.0393 0.0050
vn -0.9999 0.0129 0.0049
vn -0.9999 0.0049 0.0129
vn -0.9992 0.0050 0.0393
vn -0.9893 0.0050 0.1459
vn -0.9443 0.0124 0.3289
vn -0.9449 0.0363 0.3254
vn -0.9390 0.1319 0.3175
vn -0.9390 0.3175 0.1319
vn -0.9449 0.3254 0.0363
vn -0.9443 0.3289 0.0124
vn -0.8826 0.0044 0.4702
vn -0.8322 0.0042 0.5544
vn -0.7736 0.0041 0.6336
vn -0.7071 0.0104 0.7071
vn -0.7068 0.0299 0.7068
vn -0.7030 0.1077 0.7030
vn -0.7513 0.2566 0.6081
vn -0.8081 0.2678 0.5246
vn -0.8533 0.2831 0.4379
vn -0.7736 0.6336 0.0041
vn -0.8322 0.5544 0.0042
vn -0.8826 0.4702 0.0044
vn -0.8533 0.4379 0.2831
vn -0.8081 0.5246 0.2678
vn -0.7513 0.6081 0.2566
vn -0.7030 0.7030 0.1077
vn -0.7068 0.7068 0.0299
vn -0.7071 0.7071 0.0104
vn -0.6565 0.3715 0.6565
vn -0.6325 0.4472 0.6325
vn -0.6044 0.5190 0.6044
vn -0.6044 0.6044 0.5190
vn -0.6325 0.6325 0.4472
vn -0.6565 0.6565 0.3715
vn -0.1459 0.0050 0.9893
vn -0.0393 0.0050 0.9992
vn -0.0129 0.0049 0.9999
vn -0.0049 0.0129 0.9999
vn -0.0050 0.0393 0.9992
vn -0.0050 0.1459 0.9893
vn -0.0124 0.3289 0.9443
vn -0.0363 0.3254 0.9449
vn -0.1319 0.3175 0.9390
vn -0.3175 0.1319 0.9390
vn -0.3254 0.0363 0.9449
vn -0.3289 0.0124 0.9443
vn -0.0044 0.4702 0.8826
vn -0.0042 0.5544 0.8322
vn -0.0041 0.6336 0.7736
vn -0.0104 0.7071 0.7071
vn -0.0299 0.7068 0.7068
vn -0.1077 0.7030 0.7030
vn -0.2566 0.6081 0.7513
vn -0.2678 0.5246 0.8081
vn -0.2831 0.4379 0.8533
vn -0.6336 0.0041 0.7736
vn -0.5544 0.0042 0.8322
vn -0.4702 0.0044 0.8826
vn -0.4379 0.2831 0.8533
vn -0.5246 0.2678 0.8081
vn -0.6081 0.2566 0.7513
vn -0.3715 0.6565 0.6565
vn -0.4472 0.6325 0.6325
vn -0.5190 0.6044 0.6044
vn -0.0050 0.9893 0.1459
vn -0.0050 0.9992 0.0393
vn -0.0049 0.9999 0.0129
vn -0.0129 0.9999 0.0049
vn -0.0393 0.9992 0.0050
vn -0.1459 0.9893 0.0050
vn -0.3289 0.9443 0.0124
vn -0.3254 0.9449 0.0363
vn -0.3175 0.9390 0.1319
vn -0.1319 0.9390 0.3175
vn -0.0363 0.9449 0.3254
vn -0.0124 0.9443 0.3289
vn -0.4702 0.8826 0.0044
vn -0.5544 0.8322 0.0042
vn -0.6336 0.7736 0.0041
vn -0.6081 0.7513 0.2566
vn -0.5246 0.8081 0.2678
vn -0.4379 0.8533 0.2831
vn -0.0041 0.7736 0.6336
vn -0.0042 0.8322 0.5544
vn -0.0044 0.8826 0.4702
vn -0.2831 0.8533 0.4379
vn -0.2678 0.8081 0.5246
vn -0.2566 0.7513 0.6081
vn -0.1459 -0.9893 0.0050
vn -0.0393 -0.9992 0.0050
vn -0.0129 -0.9999 0.0049
vn -0.0049 -0.9999 0.0129
vn -0.0050 -0.9992 0.0393
vn -0.0050 -0.9893 0.1459
vn -0.0124 -0.9443 0.3289
vn -0.0363 -0.9449 0.3254
vn -0.1319 -0.9390 0.3175
vn -0.3175 -0.9390 0.1319
vn -0.3254 -0.9449 0.0363
vn -0.3289 -0.9443 0.0124
vn -0.0044 -0.8826 0.4702
vn -0.0042 -0.8322 0.5544
vn -0.0041 -0.7736 0.6336
vn -0.0104 -0.7071 0.7071
vn -0.0299 -0.7068 0.7068
vn -0.1077 -0.7030 0.7030
vn -0.2566 -0.7513 0.6081
vn -0.2678 -0.8081 0.5246
vn -0.2831 -0.8533 0.4379
vn -0.6336 -0.7736 0.0041
vn -0.5544 -0.8322 0.0042
vn -0.4702 -0.8826 0.0044
vn -0.4379 -0.8533 0.2831
vn -0.5246 -0.8081 0.2678
vn -0.6081 -0.7513 0.2566
vn -0.7030 -0.7030 0.1077
vn -0.7068 -0.7068 0.0299
vn -0.7071 -0.7071 0.0104
vn -0.3715 -0.6565 0.6565
vn -0.4472 -0.6325 0.6325
vn -0.5190 -0.6044 0.6044
vn -0.6044 -0.6044 0.5190
vn -0.6325 -0.6325 0.4472
vn -0.6565 -0.6565 0.3715
vn -0.0050 -0.1459 0.9893
vn -0.0050 -0.0393 0.9992
vn -0.0049 -0.0129 0.9999
vn -0.0129 -0.0049 0.9999
vn -0.0393 -0.0050 0.9992
vn -0.1459 -0.0050 0.9893
vn -0.3289 -0.0124 0.9443
vn -0.3254 -0.0363 0.9449
vn -0.3175 -0.1319 0.9390
vn -0.1319 -0.3175 0.9390
vn -0.0363 -0.3254 0.9449
vn -0.0124 -0.3289 0.9443
vn -0.4702 -0.0044 0.8826
vn -0.5544 -0.0042 0.8322
vn -0.6336 -0.0041 0.7736
vn -0.7071 -0.0104 0.7071
vn -0.7068 -0.0299 0.7068
vn -0.7030 -0.1077 0.7030
vn -0.6081 -0.2566 0.7513
vn -0.5246 -0.2678 0.8081
vn -0.4379 -0.2831 0.8533
vn -0.0041 -0.6336 0.7736
vn -0.0042 -0.5544 0.8322
vn -0.0044 -0.4702 0.8826
vn -0.2831 -0.4379 0.8533
vn -0.2678 -0.5246 0.8081
vn -0.2566 -0.6081 0.7513
vn -0.6565 -0.3715 0.6565
vn -0.6325 -0.4472 0.6325
vn -0.6044 -0.5190 0.6044
vn -0.9893 -0.0050 0.1459
vn -0.9992 -0.0050 0.0393
vn -0.9999 -0.0049 0.0129
vn -0.9999 -0.0129 0.0049
vn -0.9992 -0.0393 0.0050
vn -0.9893 -0.1459 0.0050
vn -0.9443 -0.3289 0.0124
vn -0.9449 -0.3254 0.0363
vn -0.9390 -0.3175 0.1319
vn -0.9390 -0.1319 0.3175
vn -0.9449 -0.0363 0.3254
vn -0.9443 -0.0124 0.3289
vn -0.8826 -0.4702 0.0044
vn -0.8322 -0.5544 0.0042
vn -0.7736 -0.6336 0.0041
vn -0.7513 -0.6081 0.2566
vn -0.8081 -0.5246 0.2678
vn -0.8533 -0.4379 0.2831
vn -0.7736 -0.0041 0.6336
vn -0.8322 -0.0042 0.5544
vn -0.8826 -0.0044 0.4702
vn -0.8533 -0.2831 0.4379
vn -0.8081 -0.2678 0.5246
vn -0.7513 -0.2566 0.6081
vn -0.0047 -1.0000 -0.0017
vn -0.0047 -1.0000 -0.0000
vn -0.0047 -1.0000 0.0017
vn -0.3311 -0.9436 0.0017
vn -0.3313 -0.9435 -0.0000
vn -0.3311 -0.9436 -0.0017
vn -0.7071 -0.7071 0.0015
vn -0.7071 -0.7071 -0.0000
vn -0.7071 -0.7071 -0.0015
vn -0.9436 -0.3311 0.0017
vn -0.9435 -0.3313 -0.0000
vn -0.9436 -0.3311 -0.0017
vn -1.0000 -0.0047 0.0017
vn -1.0000 -0.0047 -0.0000
vn -1.0000 -0.0047 -0.0017
vn 0.0017 -1.0000 -0.0047
vn -0.0000 -1.0000 -0.0047
vn -0.0017 -1.0000 -0.0047
vn -0.0017 -0.9436 -0.3311
vn -0.0000 -0.9435 -0.3313
vn 0.0017 -0.9436 -0.3311
vn -0.0015 -0.7071 -0.7071
vn -0.0000 -0.7071 -0.7071
vn 0.0015 -0.7071 -0.7071
vn -0.0017 -0.3311 -0.9436
vn -0.0000 -0.3313 -0.9435
vn 0.0017 -0.3311 -0.9436
vn -0.0017 -0.0047 -1.0000
vn -0.0000 -0.0047 -1.0000
vn 0.0017 -0.0047 -1.0000
vn 1.0000 0.0017 -0.0047
vn 1.0000 -0.0000 -0.0047
vn 1.0000 -0.0017 -0.0047
vn 0.9436 -0.0017 -0.3311
vn 0.9435 -0.0000 -0.3313
vn 0.9436 0.0017 -0.3311
vn 0.7071 -0.0015 -0.7071
vn 0.7071 -0.0000 -0.7071
vn 0.7071 0.0015 -0.7071
vn 0.3311 -0.0017 -0.9436
vn 0.3313 -0.0000 -0.9435
vn 0.3311 0.0017 -0.9436
vn 0.0047 -0.0017 -1.0000
vn 0.0047 -0.0000 -1.0000
vn 0.0047 0.0017 -1.0000
vn -0.0047 -0.0017 1.0000
vn -0.0047 -0.0000 1.0000
vn -0.0047 0.0017 1.0000
vn -0.3311 0.0017 0.9436
vn -0.3313 -0.0000 0.9435
vn -0.3311 -0.0017 0.9436
vn -0.7071 0.0015 0.7071
vn -0.7071 -0.0000 0.7071
vn -0.7071 -0.0015 0.7071
vn -0.9436 0.0017 0.3311
vn -0.9435 -0.0000 0.3313
vn -0.9436 -0.0017 0.3311
vn -1.0000 0.0017 0.0047
vn -1.0000 -0.0000 0.0047
vn -1.0000 -0.0017 0.0047
vn 0.0047 0.0017 1.0000
vn 0.0047 -0.0000 1.0000
vn 0.0047 -0.0017 1.0000
vn 0.3311 -0.0017 0.9436
vn 0.3313 -0.0000 0.9435
vn 0.3311 0.0017 0.9436
vn 0.7071 -0.0015 0.7071
vn 0.7071 -0.0000 0.7071
vn 0.7071 0.0015 0.7071
vn 0.9436 -0.0017 0.3311
vn 0.9435 -0.0000 0.3313
vn 0.9436 0.0017 0.3311
vn 1.0000 -0.0017 0.0047
vn 1.0000 -0.0000 0.0047
vn 1.0000 0.0017 0.0047
vn -0.0047 0.0017 -1.0000
vn -0.0047 -0.0000 -1.0000
vn -0.0047 -0.0017 -1.0000
vn -0.3311 -0.0017 -0.9436
vn -0.3313 -0.0000 -0.9435
vn -0.3311 0.0017 -0.9436
vn -0.7071 -0.0015 -0.7071
vn -0.7071 -0.0000 -0.7071
vn -0.7071 0.0015 -0.7071
vn -0.9436 -0.0017 -0.3311
vn -0.9435 -0.0000 -0.3313
vn -0.9436 0.0017 -0.3311
vn -1.0000 -0.0017 -0.0047
vn -1.0000 -0.0000 -0.0047
vn -1.0000 0.0017 -0.0047
vn 0.0017 1.0000 0.0047
vn -0.0000 1.0000 0.0047
vn -0.0017 1.0000 0.0047
vn -0.0017 0.9436 0.3311
vn -0.0000 0.9435 0.3313
vn 0.0017 0.9436 0.3311
vn -0.0015 0.7071 0.7071
vn -0.0000 0.7071 0.7071
vn 0.0015 0.7071 0.7071
vn -0.0017 0.3311 0.9436
vn -0.0000 0.3313 0.9435
vn 0.0017 0.3311 0.9436
vn -0.0017 0.0047 1.0000
vn -0.0000 0.0047 1.0000
vn 0.0017 0.0047 1.0000
vn 0.0047 1.0000 -0.0017
vn 0.0047 1.0000 -0.0000
vn 0.0047 1.0000 0.0017
vn 0.3311 0.9436 0.0017
vn 0.3313 0.9435 -0.0000
vn 0.3311 0.9436 -0.0017
vn 0.7071 0.7071 0.0015
vn 0.7071 0.7071 -0.0000
vn 0.7071 0.7071 -0.0015
vn 0.9436 0.3311 0.0017
vn 0.9435 0.3313 -0.0000
vn 0.9436 0.3311 -0.0017
vn 1.0000 0.0047 0.0017
vn 1.0000 0.0047 -0.0000
vn 1.0000 0.0047 -0.0017
vn -0.0017 -1.0000 0.0047
vn -0.0000 -1.0000 0.0047
vn 0.0017 -1.0000 0.0047
vn 0.0017 -0.9436 0.3311
vn -0.0000 -0.9435 0.3313
vn -0.0017 -0.9436 0.3311
vn 0.0015 -0.7071 0.7071
vn -0.0000 -0.7071 0.7071
vn -0.0015 -0.7071 0.7071
vn 0.0017 -0.3311 0.9436
vn -0.0000 -0.3313 0.9435
vn -0.0017 -0.3311 0.9436
vn 0.0017 -0.0047 1.0000
vn -0.0000 -0.0047 1.0000
vn -0.0017 -0.0047 1.0000
vn -0.0047 1.0000 0.0017
vn -0.0047 1.0000 -0.0000
vn -0.0047 1.0000 -0.0017
vn -0.3311 0.9436 -0.0017
vn -0.3313 0.9435 -0.0000
vn -0.3311 0.9436 0.0017
vn -0.7071 0.7071 -0.0015
vn -0.7071 0.7071 -0.0000
vn -0.7071 0.7071 0.0015
vn -0.9436 0.3311 -0.0017
vn -0.9435 0.3313 -0.0000
vn -0.9436 0.3311 0.0017
vn -1.0000 0.0047 -0.0017
vn -1.0000 0.0047 -0.0000
vn -1.0000 0.0047 0.0017
vn -0.0017 1.0000 -0.0047
vn -0.0000 1.0000 -0.0047
vn 0.0017 1.0000 -0.0047
vn 0.0017 0.9436 -0.3311
vn -0.0000 0.9435 -0.3313
vn -0.0017 0.9436 -0.3311
vn 0.0015 0.7071 -0.7071
vn -0.0000 0.7071 -0.7071
vn -0.0015 0.7071 -0.7071
vn 0.0017 0.3311 -0.9436
vn -0.0000 0.3313 -0.9435
vn -0.0017 0.3311 -0.9436
vn 0.0017 0.0047 -1.0000
vn -0.0000 0.0047 -1.0000
vn -0.0017 0.0047 -1.0000
vn 0.0047 -1.0000 0.0017
vn 0.0047 -1.0000 -0.0000
vn 0.0047 -1.0000 -0.0017
vn 0.3311 -0.9436 -0.0017
vn 0.3313 -0.9435 -0.0000
vn 0.3311 -0.9436 0.0017
vn 0.7071 -0.7071 -0.0015
vn 0.7071 -0.7071 -0.0000
vn 0.7071 -0.7071 0.0015
vn 0.9436 -0.3311 -0.0017
vn 0.9435 -0.3313 -0.0000
vn 0.9436 -0.3311 0.0017
vn 1.0000 -0.0047 -0.0017
vn 1.0000 -0.0047 -0.0000
vn 1.0000 -0.0047 0.0017
vn -0.0017 -1.0000 -0.0017
vn -0.0000 -1.0000 -0.0017
vn 0.0017 -1.0000 -0.0017
vn -0.0017 -1.0000 -0.0000
vn -0.0000 -1.0000 -0.0000
vn 0.0017 -1.0000 -0.0000
vn -0.0017 -1.0000 0.0017
vn -0.0000 -1.0000 0.0017
vn 0.0017 -1.0000 0.0017
vn -1.0000 -0.0017 0.0017
vn -1.0000 -0.0000 0.0017
vn -1.0000 0.0017 0.0017
vn -1.0000 -0.0017 -0.0000
vn -1.0000 -0.0000 -0.0000
vn -1.0000 0.0017 -0.0000
vn -1.0000 -0.0017 -0.0017
vn -1.0000 -0.0000 -0.0017
vn -1.0000 0.0017 -0.0017
vn 0.0017 -0.0017 1.0000
vn 0.0017 -0.0000 1.0000
vn 0.0017 0.0017 1.0000
vn -0.0000 -0.0017 1.0000
vn -0.0000 -0.0000 1.0000
vn -0.0000 0.0017 1.0000
vn -0.0017 -0.0017 1.0000
vn -0.0017 -0.0000 1.0000
vn -0.0017 0.0017 1.0000
vn 0.0017 1.0000 -0.0017
vn -0.0000 1.0000 -0.0017
vn -0.0017 1.0000 -0.0017
vn 0.0017 1.0000 -0.0000
vn -0.0000 1.0000 -0.0000
vn -0.0017 1.0000 -0.0000
vn 0.0017 1.0000 0.0017
vn -0.0000 1.0000 0.0017
vn -0.0017 1.0000 0.0017
vn 1.0000 -0.0017 -0.0017
vn 1.0000 -0.0000 -0.0017
vn 1.0000 0.0017 -0.0017
vn 1.0000 -0.0017 -0.0000
vn 1.0000 -0.0000 -0.0000
vn 1.0000 0.0017 -0.0000
vn 1.0000 -0.0017 0.0017
vn 1.0000 -0.0000 0.0017
vn 1.0000 0.0017 0.0017
vn 0.0131 0.0131 -0.9998
vn 0.0132 0.0395 -0.9991
vn 0.0131 0.1454 -0.9893
vn 0.0395 0.0132 -0.9991
vn 0.0394 0.0394 -0.9984
vn 0.0386 0.1438 -0.9888
vn 0.1454 0.0131 -0.9893
vn 0.1438 0.0386 -0.9888
vn 0.1399 0.1399 -0.9802
vn 0.0115 0.4683 -0.8835
vn 0.0110 0.5530 -0.8331
vn 0.0106 0.6330 -0.7741
vn 0.0336 0.4644 -0.8850
vn 0.0317 0.5499 -0.8346
vn 0.0303 0.6314 -0.7749
vn 0.1222 0.4561 -0.8815
vn 0.1148 0.5428 -0.8320
vn 0.1096 0.6261 -0.7720
vn 0.4683 0.0115 -0.8835
vn 0.4644 0.0336 -0.8850
vn 0.4561 0.1222 -0.8815
vn 0.5530 0.0110 -0.8331
vn 0.5499 0.0317 -0.8346
vn 0.5428 0.1148 -0.8320
vn 0.6330 0.0106 -0.7741
vn 0.6314 0.0303 -0.7749
vn 0.6261 0.1096 -0.7720
vn 0.4138 0.4138 -0.8109
vn 0.3936 0.4989 -0.7722
vn 0.3777 0.5817 -0.7204
vn 0.4989 0.3936 -0.7722
vn 0.4761 0.4761 -0.7394
vn 0.4558 0.5581 -0.6934
vn 0.5817 0.3777 -0.7204
vn 0.5581 0.4558 -0.6934
vn 0.5327 0.5327 -0.6576
vn 0.0131 0.9998 -0.0131
vn 0.0395 0.9991 -0.0132
vn 0.1454 0.9893 -0.0131
vn 0.0132 0.9991 -0.0395
vn 0.0394 0.9984 -0.0394
vn 0.1438 0.9888 -0.0386
vn 0.0131 0.9893 -0.1454
vn 0.0386 0.9888 -0.1438
vn 0.1399 0.9802 -0.1399
vn 0.4683 0.8835 -0.0115
vn 0.5530 0.8331 -0.0110
vn 0.6330 0.7741 -0.0106
vn 0.4644 0.8850 -0.0336
vn 0.5499 0.8346 -0.0317
vn 0.6314 0.7749 -0.0303
vn 0.4561 0.8815 -0.1222
vn 0.5428 0.8320 -0.1148
vn 0.6261 0.7720 -0.1096
vn 0.0115 0.8835 -0.4683
vn 0.0336 0.8850 -0.4644
vn 0.1222 0.8815 -0.4561
vn 0.0110 0.8331 -0.5530
vn 0.0317 0.8346 -0.5499
vn 0.1148 0.8320 -0.5428
vn 0.0106 0.7741 -0.6330
vn 0.0303 0.7749 -0.6314
vn 0.1096 0.7720 -0.6261
vn 0.4138 0.8109 -0.4138
vn 0.4989 0.7722 -0.3936
vn 0.5817 0.7204 -0.3777
vn 0.3936 0.7721 -0.4989
vn 0.4761 0.7394 -0.4761
vn 0.5581 0.6934 -0.4558
vn 0.3777 0.7204 -0.5817
vn 0.4558 0.6934 -0.5581
vn 0.5327 0.6576 -0.5327
vn 0.9998 0.0131 -0.0131
vn 0.9991 0.0132 -0.0395
vn 0.9893 0.0131 -0.1454
vn 0.9991 0.0395 -0.0132
vn 0.9984 0.0394 -0.0394
vn 0.9888 0.0386 -0.1438
vn 0.9893 0.1454 -0.0131
vn 0.9888 0.1438 -0.0386
vn 0.9802 0.1399 -0.1399
vn 0.8835 0.0115 -0.4683
vn 0.8331 0.0110 -0.5530
vn 0.7741 0.0106 -0.6330
vn 0.8850 0.0336 -0.4644
vn 0.8346 0.0317 -0.5499
vn 0.7749 0.0303 -0.6314
vn 0.8815 0.1222 -0.4561
vn 0.8320 0.1148 -0.5428
vn 0.7720 0.1096 -0.6261
vn 0.8835 0.4683 -0.0115
vn 0.8850 0.4644 -0.0336
vn 0.8815 0.4561 -0.1222
vn 0.8331 0.5530 -0.0110
vn 0.8346 0.5499 -0.0317
vn 0.8320 0.5428 -0.1148
vn 0.7741 0.6330 -0.0106
vn 0.7749 0.6314 -0.0303
vn 0.7720 0.6261 -0.1096
vn 0.8109 0.4138 -0.4138
vn 0.7722 0.3936 -0.4989
vn 0.7204 0.3777 -0.5817
vn 0.7722 0.4989 -0.3936
vn 0.7394 0.4761 -0.4761
vn 0.6934 0.4558 -0.5581
vn 0.7204 0.5817 -0.3777
vn 0.6934 0.5581 -0.4558
vn 0.6576 0.5327 -0.5327
vn 0.0131 -0.9998 -0.0131
vn 0.0132 -0.9991 -0.0395
vn 0.0131 -0.9893 -0.1454
vn 0.0395 -0.9991 -0.0132
vn 0.0394 -0.9984 -0.0394
vn 0.0386 -0.9888 -0.1438
vn 0.1454 -0.9893 -0.0131
vn 0.1438 -0.9888 -0.0386
vn 0.1399 -0.9802 -0.1399
vn 0.0115 -0.8835 -0.4683
vn 0.0110 -0.8331 -0.5530
vn 0.0106 -0.7741 -0.6330
vn 0.0336 -0.8850 -0.4644
vn 0.0317 -0.8346 -0.5499
vn 0.0303 -0.7749 -0.6314
vn 0.1222 -0.8815 -0.4561
vn 0.1148 -0.8320 -0.5428
vn 0.1096 -0.7720 -0.6261
vn 0.4683 -0.8835 -0.0115
vn 0.4644 -0.8850 -0.0336
vn 0.4561 -0.8815 -0.1222
vn 0.5530 -0.8331 -0.0110
vn 0.5499 -0.8346 -0.0317
vn 0.5428 -0.8320 -0.1148
vn 0.6330 -0.7741 -0.0106
vn 0.6314 -0.7749 -0.0303
vn 0.6261 -0.7720 -0.1096
vn 0.4138 -0.8109 -0.4138
vn 0.3936 -0.7722 -0.4989
vn 0.3777 -0.7204 -0.5817
vn 0.4989 -0.7722 -0.3936
vn 0.4761 -0.7394 -0.4761
vn 0.4558 -0.6934 -0.5581
vn 0.5817 -0.7204 -0.3777
vn 0.5581 -0.6934 -0.4558
vn 0.5327 -0.6576 -0.5327
vn 0.0131 -0.0131 -0.9998
vn 0.0395 -0.0132 -0.9991
vn 0.1454 -0.0131 -0.9893
vn 0.0132 -0.0395 -0.9991
vn 0.0394 -0.0394 -0.9984
vn 0.1438 -0.0386 -0.9888
vn 0.0131 -0.1454 -0.9893
vn 0.0386 -0.1438 -0.9888
vn 0.1399 -0.1399 -0.9802
vn 0.4683 -0.0115 -0.8835
vn 0.5530 -0.0110 -0.8331
vn 0.6330 -0.0106 -0.7741
vn 0.4644 -0.0336 -0.8850
vn 0.5499 -0.0317 -0.8346
vn 0.6314 -0.0303 -0.7749
vn 0.4561 -0.1222 -0.8815
vn 0.5428 -0.1148 -0.8320
vn 0.6261 -0.1096 -0.7720
vn 0.0115 -0.4683 -0.8835
vn 0.0336 -0.4644 -0.8850
vn 0.1222 -0.4561 -0.8815
vn 0.0110 -0.5530 -0.8331
vn 0.0317 -0.5499 -0.8346
vn 0.1148 -0.5428 -0.8320
vn 0.0106 -0.6330 -0.7741
vn 0.0303 -0.6314 -0.7749
vn 0.1096 -0.6261 -0.7720
vn 0.4138 -0.4138 -0.8109
vn 0.4989 -0.3936 -0.7721
vn 0.5817 -0.3777 -0.7204
vn 0.3936 -0.4989 -0.7721
vn 0.4761 -0.4761 -0.7394
vn 0.5581 -0.4558 -0.6934
vn 0.3777 -0.5817 -0.7204
vn 0.4558 -0.5581 -0.6934
vn 0.5327 -0.5327 -0.6576
vn 0.9998 -0.0131 -0.0131
vn 0.9991 -0.0395 -0.0132
vn 0.9893 -0.1454 -0.0131
vn 0.9991 -0.0132 -0.0395
vn 0.9984 -0.0394 -0.0394
vn 0.9888 -0.1438 -0.0386
vn 0.9893 -0.0131 -0.1454
vn 0.9888 -0.0386 -0.1438
vn 0.9802 -0.1399 -0.1399
vn 0.8835 -0.4683 -0.0115
vn 0.8331 -0.5530 -0.0110
vn 0.7741 -0.6330 -0.0106
vn 0.8850 -0.4644 -0.0336
vn 0.8346 -0.5499 -0.0317
vn 0.7749 -0.6314 -0.0303
vn 0.8815 -0.4561 -0.1222
vn 0.8320 -0.5428 -0.1148
vn 0.7720 -0.6261 -0.1096
vn 0.8835 -0.0115 -0.4683
vn 0.8850 -0.0336 -0.4644
vn 0.8815 -0.1222 -0.4561
vn 0.8331 -0.0110 -0.5530
vn 0.8346 -0.0317 -0.5499
vn 0.8320 -0.1148 -0.5428
vn 0.7741 -0.0106 -0.6330
vn 0.7749 -0.0303 -0.6314
vn 0.7720 -0.1096 -0.6261
vn 0.8109 -0.4138 -0.4138
vn 0.7721 -0.4989 -0.3936
vn 0.7204 -0.5817 -0.3777
vn 0.7721 -0.3936 -0.4989
vn 0.7394 -0.4761 -0.4761
vn 0.6934 -0.5581 -0.4558
vn 0.7204 -0.3777 -0.5817
vn 0.6934 -0.4558 -0.5581
vn 0.6576 -0.5327 -0.5327
vn 0.9998 0.0131 0.0131
vn 0.9991 0.0395 0.0132
vn 0.9893 0.1454 0.0131
vn 0.9991 0.0132 0.0395
vn 0.9984 0.0394 0.0394
vn 0.9888 0.1438 0.0386
vn 0.9893 0.0131 0.1454
vn 0.9888 0.0386 0.1438
vn 0.9802 0.1399 0.1399
vn 0.8835 0.4683 0.0115
vn 0.8331 0.5530 0.0110
vn 0.7741 0.6330 0.0106
vn 0.8850 0.4644 0.0336
vn 0.8346 0.5499 0.0317
vn 0.7749 0.6314 0.0303
vn 0.8815 0.4561 0.1222
vn 0.8320 0.5428 0.1148
vn 0.7720 0.6261 0.1096
vn 0.8835 0.0115 0.4683
vn 0.8850 0.0336 0.4644
vn 0.8815 0.1222 0.4561
vn 0.8331 0.0110 0.5530
vn 0.8346 0.0317 0.5499
vn 0.8320 0.1148 0.5428
vn 0.7741 0.0106 0.6330
vn 0.7749 0.0303 0.6314
vn 0.7720 0.1096 0.6261
vn 0.8109 0.4138 0.4138
vn 0.7721 0.4989 0.3936
vn 0.7204 0.5817 0.3777
vn 0.7721 0.3936 0.4989
vn 0.7394 0.4761 0.4761
vn 0.6934 0.5581 0.4558
vn 0.7204 0.3777 0.5817
vn 0.6934 0.4558 0.5581
vn 0.6576 0.5327 0.5327
vn 0.0131 0.9998 0.0131
vn 0.0132 0.9991 0.0395
vn 0.0131 0.9893 0.1454
vn 0.0395 0.9991 0.0132
vn 0.0394 0.9984 0.0394
vn 0.0386 0.9888 0.1438
vn 0.1454 0.9893 0.0131
vn 0.1438 0.9888 0.0386
vn 0.1399 0.9802 0.1399
vn 0.0115 0.8835 0.4683
vn 0.0110 0.8331 0.5530
vn 0.0106 0.7741 0.6330
vn 0.0336 0.8850 0.4644
vn 0.0317 0.8346 0.5499
vn 0.0303 0.7749 0.6314
vn 0.1222 0.8815 0.4561
vn 0.1148 0.8320 0.5428
vn 0.1096 0.7720 0.6261
vn 0.4683 0.8835 0.0115
vn 0.4644 0.8850 0.0336
vn 0.4561 0.8815 0.1222
vn 0.5530 0.8331 0.0110
vn 0.5499 0.8346 0.0317
vn 0.5428 0.8320 0.1148
vn 0.6330 0.7741 0.0106
vn 0.6314 0.7749 0.0303
vn 0.6261 0.7720 0.1096
vn 0.4138 0.8109 0.4138
vn 0.3936 0.7722 0.4989
vn 0.3777 0.7204 0.5817
vn 0.4989 0.7722 0.3936
vn 0.4761 0.7394 0.4761
vn 0.4558 0.6934 0.5581
vn 0.5817 0.7204 0.3777
vn 0.5581 0.6934 0.4558
vn 0.5327 0.6576 0.5327
vn 0.0131 0.0131 0.9998
vn 0.0395 0.0132 0.9991
vn 0.1454 0.0131 0.9893
vn 0.0132 0.0395 0.9991
vn 0.0394 0.0394 0.9984
vn 0.1438 0.0386 0.9888
vn 0.0131 0.1454 0.9893
vn 0.0386 0.1438 0.9888
vn 0.1399 0.1399 0.9802
vn 0.4683 0.0115 0.8835
vn 0.5530 0.0110 0.8331
vn 0.6330 0.0106 0.7741
vn 0.4644 0.0336 0.8850
vn 0.5499 0.0317 0.8346
vn 0.6314 0.0303 0.7749
vn 0.4561 0.1222 0.8815
vn 0.5428 0.1148 0.8320
vn 0.6261 0.1096 0.7720
vn 0.0115 0.4683 0.8835
vn 0.0336 0.4644 0.8850
vn 0.1222 0.4561 0.8815
vn 0.0110 0.5530 0.8331
vn 0.0317 0.5499 0.8346
vn 0.1148 0.5428 0.8320
vn 0.0106 0.6330 0.7741
vn 0.0303 0.6314 0.7749
vn 0.1096 0.6261 0.7720
vn 0.4138 0.4138 0.8109
vn 0.4989 0.3936 0.7721
vn 0.5817 0.3777 0.7204
vn 0.3936 0.4989 0.7721
vn 0.4761 0.4761 0.7394
vn 0.5581 0.4558 0.6934
vn 0.3777 0.5817 0.7204
vn 0.4558 0.5581 0.6934
vn 0.5327 0.5327 0.6576
vn 0.9998 -0.0131 0.0131
vn 0.9991 -0.0132 0.0395
vn 0.9893 -0.0131 0.1454
vn 0.9991 -0.0395 0.0132
vn 0.9984 -0.0394 0.0394
vn 0.9888 -0.0386 0.1438
vn 0.9893 -0.1454 0.0131
vn 0.9888 -0.1438 0.0386
vn 0.9802 -0.1399 0.1399
vn 0.8835 -0.0115 0.4683
vn 0.8331 -0.0110 0.5530
vn 0.7741 -0.0106 0.6330
vn 0.8850 -0.0336 0.4644
vn 0.8346 -0.0317 0.5499
vn 0.7749 -0.0303 0.6314
vn 0.8815 -0.1222 0.4561
vn 0.8320 -0.1148 0.5428
vn 0.7720 -0.1096 0.6261
vn 0.8835 -0.4683 0.0115
vn 0.8850 -0.4644 0.0336
vn 0.8815 -0.4561 0.1222
vn 0.8331 -0.5530 0.0110
vn 0.8346 -0.5499 0.0317
vn 0.8320 -0.5428 0.1148
vn 0.7741 -0.6330 0.0106
vn 0.7749 -0.6314 0.0303
vn 0.7720 -0.6261 0.1096
vn 0.8109 -0.4138 0.4138
vn 0.7722 -0.3936 0.4989
vn 0.7204 -0.3777 0.5817
vn 0.7722 -0.4989 0.3936
vn 0.7394 -0.4761 0.4761
vn 0.6934 -0.4558 0.5581
vn 0.7204 -0.5817 0.3777
vn 0.6934 -0.5581 0.4558
vn 0.6576 -0.5327 0.5327
vn 0.0131 -0.0131 0.9998
vn 0.0132 -0.0395 0.9991
vn 0.0131 -0.1454 0.9893
vn 0.0395 -0.0132 0.9991
vn 0.0394 -0.0394 0.9984
vn 0.0386 -0.1438 0.9888
vn 0.1454 -0.0131 0.9893
vn 0.1438 -0.0386 0.9888
vn 0.1399 -0.1399 0.9802
vn 0.0115 -0.4683 0.8835
vn 0.0110 -0.5530 0.8331
vn 0.0106 -0.6330 0.7741
vn 0.0336 -0.4644 0.8850
vn 0.0317 -0.5499 0.8346
vn 0.0303 -0.6314 0.7749
vn 0.1222 -0.4561 0.8815
vn 0.1148 -0.5428 0.8320
vn 0.1096 -0.6261 0.7720
vn 0.4683 -0.0115 0.8835
vn 0.4644 -0.0336 0.8850
vn 0.4561 -0.1222 0.8815
vn 0.5530 -0.0110 0.8331
vn 0.5499 -0.0317 0.8346
vn 0.5428 -0.1148 0.8320
vn 0.6330 -0.0106 0.7741
vn 0.6314 -0.0303 0.7749
vn 0.6261 -0.1096 0.7720
vn 0.4138 -0.4138 0.8109
vn 0.3936 -0.4989 0.7722
vn 0.3777 -0.5817 0.7204
vn 0.4989 -0.3936 0.7722
vn 0.4761 -0.4761 0.7394
vn 0.4558 -0.5581 0.6934
vn 0.5817 -0.3777 0.7204
vn 0.5581 -0.4558 0.6934
vn 0.5327 -0.5327 0.6576
vn 0.0131 -0.9998 0.0131
vn 0.0395 -0.9991 0.0132
vn 0.1454 -0.9893 0.0131
vn 0.0132 -0.9991 0.0395
vn 0.0394 -0.9984 0.0394
vn 0.1438 -0.9888 0.0386
vn 0.0131 -0.9893 0.1454
vn 0.0386 -0.9888 0.1438
vn 0.1399 -0.9802 0.1399
vn 0.4683 -0.8835 0.0115
vn 0.5530 -0.8331 0.0110
vn 0.6330 -0.7741 0.0106
vn 0.4644 -0.8850 0.0336
vn 0.5499 -0.8346 0.0317
vn 0.6314 -0.7749 0.0303
vn 0.4561 -0.8815 0.1222
vn 0.5428 -0.8320 0.1148
vn 0.6261 -0.7720 0.1096
vn 0.0115 -0.8835 0.4683
vn 0.0336 -0.8850 0.4644
vn 0.1222 -0.8815 0.4561
vn 0.0110 -0.8331 0.5530
vn 0.0317 -0.8346 0.5499
vn 0.1148 -0.8320 0.5428
vn 0.0106 -0.7741 0.6330
vn 0.0303 -0.7749 0.6314
vn 0.1096 -0.7720 0.6261
vn 0.4138 -0.8109 0.4138
vn 0.4989 -0.7722 0.3936
vn 0.5817 -0.7204 0.3777
vn 0.3936 -0.7721 0.4989
vn 0.4761 -0.7394 0.4761
vn 0.5581 -0.6934 0.4558
vn 0.3777 -0.7204 0.5817
vn 0.4558 -0.6934 0.5581
vn 0.5327 -0.6576 0.5327
vn -0.0131 0.0131 -0.9998
vn -0.0395 0.0132 -0.9991
vn -0.1454 0.0131 -0.9893
vn -0.0132 0.0395 -0.9991
vn -0.0394 0.0394 -0.9984
vn -0.1438 0.0386 -0.9888
vn -0.0131 0.1454 -0.9893
vn -0.0386 0.1438 -0.9888
vn -0.1399 0.1399 -0.9802
vn -0.4683 0.0115 -0.8835
vn -0.5530 0.0110 -0.8331
vn -0.6330 0.0106 -0.7741
vn -0.4644 0.0336 -0.8850
vn -0.5499 0.0317 -0.8346
vn -0.6314 0.0303 -0.7749
vn -0.4561 0.1222 -0.8815
vn -0.5428 0.1148 -0.8320
vn -0.6261 0.1096 -0.7720
vn -0.0115 0.4683 -0.8835
vn -0.0336 0.4644 -0.8850
vn -0.1222 0.4561 -0.8815
vn -0.0110 0.5530 -0.8331
vn -0.0317 0.5499 -0.8346
vn -0.1148 0.5428 -0.8320
vn -0.0106 0.6330 -0.7741
vn -0.0303 0.6314 -0.7749
vn -0.1096 0.6261 -0.7720
vn -0.4138 0.4138 -0.8109
vn -0.4989 0.3936 -0.7722
vn -0.5817 0.3777 -0.7204
vn -0.3936 0.4989 -0.7722
vn -0.4761 0.4761 -0.7394
vn -0.5581 0.4558 -0.6934
vn -0.3777 0.5817 -0.7204
vn -0.4558 0.5581 -0.6934
vn -0.5327 0.5327 -0.6576
vn -0.9998 0.0131 -0.0131
vn -0.9991 0.0395 -0.0132
vn -0.9893 0.1454 -0.0131
vn -0.9991 0.0132 -0.0395
vn -0.9984 0.0394 -0.0394
vn -0.9888 0.1438 -0.0386
vn -0.9893 0.0131 -0.1454
vn -0.9888 0.0386 -0.1438
vn -0.9802 0.1399 -0.1399
vn -0.8835 0.4683 -0.0115
vn -0.8331 0.5530 -0.0110
vn -0.7741 0.6330 -0.0106
vn -0.8850 0.4644 -0.0336
vn -0.8346 0.5499 -0.0317
vn -0.7749 0.6314 -0.0303
vn -0.8815 0.4561 -0.1222
vn -0.8320 0.5428 -0.1148
vn -0.7720 0.6261 -0.1096
vn -0.8835 0.0115 -0.4683
vn -0.8850 0.0336 -0.4644
vn -0.8815 0.1222 -0.4561
vn -0.8331 0.0110 -0.5530
vn -0.8346 0.0317 -0.5499
vn -0.8320 0.1148 -0.5428
vn -0.7741 0.0106 -0.6330
vn -0.7749 0.0303 -0.6314
vn -0.7720 0.1096 -0.6261
vn -0.8109 0.4138 -0.4138
vn -0.7722 0.4989 -0.3936
vn -0.7204 0.5817 -0.3777
vn -0.7722 0.3936 -0.4989
vn -0.7394 0.4761 -0.4761
vn -0.6934 0.5581 -0.4558
vn -0.7204 0.3777 -0.5817
vn -0.6934 0.4558 -0.5581
vn -0.6576 0.5327 -0.5327
vn -0.0131 0.9998 -0.0131
vn -0.0132 0.9991 -0.0395
vn -0.0131 0.9893 -0.1454
vn -0.0395 0.9991 -0.0132
vn -0.0394 0.9984 -0.0394
vn -0.0386 0.9888 -0.1438
vn -0.1454 0.9893 -0.0131
vn -0.1438 0.9888 -0.0386
vn -0.1399 0.9802 -0.1399
vn -0.0115 0.8835 -0.4683
vn -0.0110 0.8331 -0.5530
vn -0.0106 0.7741 -0.6330
vn -0.0336 0.8850 -0.4644
vn -0.0317 0.8346 -0.5499
vn -0.0303 0.7749 -0.6314
vn -0.1222 0.8815 -0.4561
vn -0.1148 0.8320 -0.5428
vn -0.1096 0.7720 -0.6261
vn -0.4683 0.8835 -0.0115
vn -0.4644 0.8850 -0.0336
vn -0.4561 0.8815 -0.1222
vn -0.5530 0.8331 -0.0110
vn -0.5499 0.8346 -0.0317
vn -0.5428 0.8320 -0.1148
vn -0.6330 0.7741 -0.0106
vn -0.6314 0.7749 -0.0303
vn -0.6261 0.7720 -0.1096
vn -0.4138 0.8109 -0.4138
vn -0.3936 0.7722 -0.4989
vn -0.3777 0.7204 -0.5817
vn -0.4989 0.7721 -0.3936
vn -0.4761 0.7394 -0.4761
vn -0.4558 0.6934 -0.5581
vn -0.5817 0.7204 -0.3777
vn -0.5581 0.6934 -0.4558
vn -0.5327 0.6576 -0.5327
vn -0.9998 -0.0131 -0.0131
vn -0.9991 -0.0132 -0.0395
vn -0.9893 -0.0131 -0.1454
vn -0.9991 -0.0395 -0.0132
vn -0.9984 -0.0394 -0.0394
vn -0.9888 -0.0386 -0.1438
vn -0.9893 -0.1454 -0.0131
vn -0.9888 -0.1438 -0.0386
vn -0.9802 -0.1399 -0.1399
vn -0.8835 -0.0115 -0.4683
vn -0.8331 -0.0110 -0.5530
vn -0.7741 -0.0106 -0.6330
vn -0.8850 -0.0336 -0.4644
vn -0.8346 -0.0317 -0.5499
vn -0.7749 -0.0303 -0.6314
vn -0.8815 -0.1222 -0.4561
vn -0.8320 -0.1148 -0.5428
vn -0.7720 -0.1096 -0.6261
vn -0.8835 -0.4683 -0.0115
vn -0.8850 -0.4644 -0.0336
vn -0.8815 -0.4561 -0.1222
vn -0.8331 -0.5530 -0.0110
vn -0.8346 -0.5499 -0.0317
vn -0.8320 -0.5428 -0.1148
vn -0.7741 -0.6330 -0.0106
vn -0.7749 -0.6314 -0.0303
vn -0.7720 -0.6261 -0.1096
vn -0.8109 -0.4138 -0.4138
vn -0.7722 -0.3936 -0.4989
vn -0.7204 -0.3777 -0.5817
vn -0.7721 -0.4989 -0.3936
vn -0.7394 -0.4761 -0.4761
vn -0.6934 -0.4558 -0.5581
vn -0.7204 -0.5817 -0.3777
vn -0.6934 -0.5581 -0.4558
vn -0.6576 -0.5327 -0.5327
vn -0.0131 -0.0131 -0.9998
vn -0.0132 -0.0395 -0.9991
vn -0.0131 -0.1454 -0.9893
vn -0.0395 -0.0132 -0.9991
vn -0.0394 -0.0394 -0.9984
vn -0.0386 -0.1438 -0.9888
vn -0.1454 -0.0131 -0.9893
vn -0.1438 -0.0386 -0.9888
vn -0.1399 -0.1399 -0.9802
vn -0.0115 -0.4683 -0.8835
vn -0.0110 -0.5530 -0.8331
vn -0.0106 -0.6330 -0.7741
vn -0.0336 -0.4644 -0.8850
vn -0.0317 -0.5499 -0.8346
vn -0.0303 -0.6314 -0.7749
vn -0.1222 -0.4561 -0.8815
vn -0.1148 -0.5428 -0.8320
vn -0.1096 -0.6261 -0.7720
vn -0.4683 -0.0115 -0.8835
vn -0.4644 -0.0336 -0.8850
vn -0.4561 -0.1222 -0.8815
vn -0.5530 -0.0110 -0.8331
vn -0.5499 -0.0317 -0.8346
vn -0.5428 -0.1148 -0.8320
vn -0.6330 -0.0106 -0.7741
vn -0.6314 -0.0303 -0.7749
vn -0.6261 -0.1096 -0.7720
vn -0.4138 -0.4138 -0.8109
vn -0.3936 -0.4989 -0.7722
vn -0.3777 -0.5817 -0.7204
vn -0.4989 -0.3936 -0.7721
vn -0.4761 -0.4761 -0.7394
vn -0.4558 -0.5581 -0.6934
vn -0.5817 -0.3777 -0.7204
vn -0.5581 -0.4558 -0.6934
vn -0.5327 -0.5327 -0.6576
vn -0.0131 -0.9998 -0.0131
vn -0.0395 -0.9991 -0.0132
vn -0.1454 -0.9893 -0.0131
vn -0.0132 -0.9991 -0.0395
vn -0.0394 -0.9984 -0.0394
vn -0.1438 -0.9888 -0.0386
vn -0.0131 -0.9893 -0.1454
vn -0.0386 -0.9888 -0.1438
vn -0.1399 -0.9802 -0.1399
vn -0.4683 -0.8835 -0.0115
vn -0.5530 -0.8331 -0.0110
vn -0.6330 -0.7741 -0.0106
vn -0.4644 -0.8850 -0.0336
vn -0.5499 -0.8346 -0.0317
vn -0.6314 -0.7749 -0.0303
vn -0.4561 -0.8815 -0.1222
vn -0.5428 -0.8320 -0.1148
vn -0.6261 -0.7720 -0.1096
vn -0.0115 -0.8835 -0.4683
vn -0.0336 -0.8850 -0.4644
vn -0.1222 -0.8815 -0.4561
vn -0.0110 -0.8331 -0.5530
vn -0.0317 -0.8346 -0.5499
vn -0.1148 -0.8320 -0.5428
vn -0.0106 -0.7741 -0.6330
vn -0.0303 -0.7749 -0.6314
vn -0.1096 -0.7720 -0.6261
vn -0.4138 -0.8109 -0.4138
vn -0.4989 -0.7722 -0.3936
vn -0.5817 -0.7204 -0.3777
vn -0.3936 -0.7721 -0.4989
vn -0.4761 -0.7394 -0.4761
vn -0.5581 -0.6934 -0.4558
vn -0.3777 -0.7204 -0.5817
vn -0.4558 -0.6934 -0.5581
vn -0.5327 -0.6576 -0.5327
vn -0.9998 0.0131 0.0131
vn -0.9991 0.0132 0.0395
vn -0.9893 0.0131 0.1454
vn -0.9991 0.0395 0.0132
vn -0.9984 0.0394 0.0394
vn -0.9888 0.0386 0.1438
vn -0.9893 0.1454 0.0131
vn -0.9888 0.1438 0.0386
vn -0.9802 0.1399 0.1399
vn -0.8835 0.0115 0.4683
vn -0.8331 0.0110 0.5530
vn -0.7741 0.0106 0.6330
vn -0.8850 0.0336 0.4644
vn -0.8346 0.0317 0.5499
vn -0.7749 0.0303 0.6314
vn -0.8815 0.1222 0.4561
vn -0.8320 0.1148 0.5428
vn -0.7720 0.1096 0.6261
vn -0.8835 0.4683 0.0115
vn -0.8850 0.4644 0.0336
vn -0.8815 0.4561 0.1222
vn -0.8331 0.5530 0.0110
vn -0.8346 0.5499 0.0317
vn -0.8320 0.5428 0.1148
vn -0.7741 0.6330 0.0106
vn -0.7749 0.6314 0.0303
vn -0.7720 0.6261 0.1096
vn -0.8109 0.4138 0.4138
vn -0.7722 0.3936 0.4989
vn -0.7204 0.3777 0.5817
vn -0.7721 0.4989 0.3936
vn -0.7394 0.4761 0.4761
vn -0.6934 0.4558 0.5581
vn -0.7204 0.5817 0.3777
vn -0.6934 0.5581 0.4558
vn -0.6576 0.5327 0.5327
vn -0.0131 0.0131 0.9998
vn -0.0132 0.0395 0.9991
vn -0.0131 0.1454 0.9893
vn -0.0395 0.0132 0.9991
vn -0.0394 0.0394 0.9984
vn -0.0386 0.1438 0.9888
vn -0.1454 0.0131 0.9893
vn -0.1438 0.0386 0.9888
vn -0.1399 0.1399 0.9802
vn -0.0115 0.4683 0.8835
vn -0.0110 0.5530 0.8331
vn -0.0106 0.6330 0.7741
vn -0.0336 0.4644 0.8850
vn -0.0317 0.5499 0.8346
vn -0.0303 0.6314 0.7749
vn -0.1222 0.4561 0.8815
vn -0.1148 0.5428 0.8320
vn -0.1096 0.6261 0.7720
vn -0.4683 0.0115 0.8835
vn -0.4644 0.0336 0.8850
vn -0.4561 0.1222 0.8815
vn -0.5530 0.0110 0.8331
vn -0.5499 0.0317 0.8346
vn -0.5428 0.1148 0.8320
vn -0.6330 0.0106 0.7741
vn -0.6314 0.0303 0.7749
vn -0.6261 0.1096 0.7720
vn -0.4138 0.4138 0.8109
vn -0.3936 0.4989 0.7722
vn -0.3777 0.5817 0.7204
vn -0.4989 0.3936 0.7721
vn -0.4761 0.4761 0.7394
vn -0.4558 0.5581 0.6934
vn -0.5817 0.3777 0.7204
vn -0.5581 0.4558 0.6934
vn -0.5327 0.5327 0.6576
vn -0.0131 0.9998 0.0131
vn -0.0395 0.9991 0.0132
vn -0.1454 0.9893 0.0131
vn -0.0132 0.9991 0.0395
vn -0.0394 0.9984 0.0394
vn -0.1438 0.9888 0.0386
vn -0.0131 0.9893 0.1454
vn -0.0386 0.9888 0.1438
vn -0.1399 0.9802 0.1399
vn -0.4683 0.8835 0.0115
vn -0.5530 0.8331 0.0110
vn -0.6330 0.7741 0.0106
vn -0.4644 0.8850 0.0336
vn -0.5499 0.8346 0.0317
vn -0.6314 0.7749 0.0303
vn -0.4561 0.8815 0.1222
vn -0.5428 0.8320 0.1148
vn -0.6261 0.7720 0.1096
vn -0.0115 0.8835 0.4683
vn -0.0336 0.8850 0.4644
vn -0.1222 0.8815 0.4561
vn -0.0110 0.8331 0.5530
vn -0.0317 0.8346 0.5499
vn -0.1148 0.8320 0.5428
vn -0.0106 0.7741 0.6330
vn -0.0303 0.7749 0.6314
vn -0.1096 0.7720 0.6261
vn -0.4138 0.8109 0.4138
vn -0.4989 0.7722 0.3936
vn -0.5817 0.7204 0.3777
vn -0.3936 0.7721 0.4989
vn -0.4761 0.7394 0.4761
vn -0.5581 0.6934 0.4558
vn -0.3777 0.7204 0.5817
vn -0.4558 0.6934 0.5581
vn -0.5327 0.6576 0.5327
vn -0.0131 -0.9998 0.0131
vn -0.0132 -0.9991 0.0395
vn -0.0131 -0.9893 0.1454
vn -0.0395 -0.9991 0.0132
vn -0.0394 -0.9984 0.0394
vn -0.0386 -0.9888 0.1438
vn -0.1454 -0.9893 0.0131
vn -0.1438 -0.9888 0.0386
vn -0.1399 -0.9802 0.1399
vn -0.0115 -0.8835 0.4683
vn -0.0110 -0.8331 0.5530
vn -0.0106 -0.7741 0.6330
vn -0.0336 -0.8850 0.4644
vn -0.0317 -0.8346 0.5499
vn -0.0303 -0.7749 0.6314
vn -0.1222 -0.8815 0.4561
vn -0.1148 -0.8320 0.5428
vn -0.1096 -0.7720 0.6261
vn -0.4683 -0.8835 0.0115
vn -0.4644 -0.8850 0.0336
vn -0.4561 -0.8815 0.1222
vn -0.5530 -0.8331 0.0110
vn -0.5499 -0.8346 0.0317
vn -0.5428 -0.8320 0.1148
vn -0.6330 -0.7741 0.0106
vn -0.6314 -0.7749 0.0303
vn -0.6261 -0.7720 0.1096
vn -0.4138 -0.8109 0.4138
vn -0.3936 -0.7722 0.4989
vn -0.3777 -0.7204 0.5817
vn -0.4989 -0.7722 0.3936
vn -0.4761 -0.7394 0.4761
vn -0.4558 -0.6934 0.5581
vn -0.5817 -0.7204 0.3777
vn -0.5581 -0.6934 0.4558
vn -0.5327 -0.6576 0.5327
vn -0.0131 -0.0131 0.9998
vn -0.0395 -0.0132 0.9991
vn -0.1454 -0.0131 0.9893
vn -0.0132 -0.0395 0.9991
vn -0.0394 -0.0394 0.9984
vn -0.1438 -0.0386 0.9888
vn -0.0131 -0.1454 0.9893
vn -0.0386 -0.1438 0.9888
vn -0.1399 -0.1399 0.9802
vn -0.4683 -0.0115 0.8835
vn -0.5530 -0.0110 0.8331
vn -0.6330 -0.0106 0.7741
vn -0.4644 -0.0336 0.8850
vn -0.5499 -0.0317 0.8346
vn -0.6314 -0.0303 0.7749
vn -0.4561 -0.1222 0.8815
vn -0.5428 -0.1148 0.8320
vn -0.6261 -0.1096 0.7720
vn -0.0115 -0.4683 0.8835
vn -0.0336 -0.4644 0.8850
vn -0.1222 -0.4561 0.8815
vn -0.0110 -0.5530 0.8331
vn -0.0317 -0.5499 0.8346
vn -0.1148 -0.5428 0.8320
vn -0.0106 -0.6330 0.7741
vn -0.0303 -0.6314 0.7749
vn -0.1096 -0.6261 0.7720
vn -0.4138 -0.4138 0.8109
vn -0.4989 -0.3936 0.7722
vn -0.5817 -0.3777 0.7204
vn -0.3936 -0.4989 0.7721
vn -0.4761 -0.4761 0.7394
vn -0.5581 -0.4558 0.6934
vn -0.3777 -0.5817 0.7204
vn -0.4558 -0.5581 0.6934
vn -0.5327 -0.5327 0.6576
vn -0.9998 -0.0131 0.0131
vn -0.9991 -0.0395 0.0132
vn -0.9893 -0.1454 0.0131
vn -0.9991 -0.0132 0.0395
vn -0.9984 -0.0394 0.0394
vn -0.9888 -0.1438 0.0386
vn -0.9893 -0.0131 0.1454
vn -0.9888 -0.0386 0.1438
vn -0.9802 -0.1399 0.1399
vn -0.8835 -0.4683 0.0115
vn -0.8331 -0.5530 0.0110
vn -0.7741 -0.6330 0.0106
vn -0.8850 -0.4644 0.0336
vn -0.8346 -0.5499 0.0317
vn -0.7749 -0.6314 0.0303
vn -0.8815 -0.4561 0.1222
vn -0.8320 -0.5428 0.1148
vn -0.7720 -0.6261 0.1096
vn -0.8835 -0.0115 0.4683
vn -0.8850 -0.0336 0.4644
vn -0.8815 -0.1222 0.4561
vn -0.8331 -0.0110 0.5530
vn -0.8346 -0.0317 0.5499
vn -0.8320 -0.1148 0.5428
vn -0.7741 -0.0106 0.6330
vn -0.7749 -0.0303 0.6314
vn -0.7720 -0.1096 0.6261
vn -0.8109 -0.4138 0.4138
vn -0.7722 -0.4989 0.3936
vn -0.7204 -0.5817 0.3777
vn -0.7722 -0.3936 0.4989
vn -0.7394 -0.4761 0.4761
vn -0.6934 -0.5581 0.4558
vn -0.7204 -0.3777 0.5817
vn -0.6934 -0.4558 0.5581
vn -0.6576 -0.5327 0.5327
vn -0.0127 -0.9999 -0.0018
vn -0.0127 -0.9999 -0.0000
vn -0.0127 -0.9999 0.0018
vn -0.0391 -0.9992 -0.0018
vn -0.0390 -0.9992 -0.0000
vn -0.0391 -0.9992 0.0018
vn -0.1460 -0.9893 -0.0018
vn -0.1460 -0.9893 -0.0000
vn -0.1460 -0.9893 0.0018
vn -0.4710 -0.8821 -0.0016
vn -0.4712 -0.8820 -0.0000
vn -0.4710 -0.8821 0.0016
vn -0.5550 -0.8318 -0.0015
vn -0.5552 -0.8317 -0.0000
vn -0.5550 -0.8318 0.0015
vn -0.6339 -0.7734 -0.0015
vn -0.6340 -0.7733 -0.0000
vn -0.6339 -0.7734 0.0015
vn -0.7734 -0.6339 -0.0015
vn -0.7733 -0.6340 -0.0000
vn -0.7734 -0.6339 0.0015
vn -0.8318 -0.5550 -0.0015
vn -0.8317 -0.5552 -0.0000
vn -0.8318 -0.5550 0.0015
vn -0.8821 -0.4710 -0.0016
vn -0.8820 -0.4712 -0.0000
vn -0.8821 -0.4710 0.0016
vn -0.9893 -0.1460 -0.0018
vn -0.9893 -0.1460 -0.0000
vn -0.9893 -0.1460 0.0018
vn -0.9992 -0.0391 -0.0018
vn -0.9992 -0.0390 -0.0000
vn -0.9992 -0.0391 0.0018
vn -0.9999 -0.0127 -0.0018
vn -0.9999 -0.0127 -0.0000
vn -0.9999 -0.0127 0.0018
vn 0.0018 -0.9999 -0.0127
vn -0.0000 -0.9999 -0.0127
vn -0.0018 -0.9999 -0.0127
vn 0.0018 -0.9992 -0.0391
vn -0.0000 -0.9992 -0.0390
vn -0.0018 -0.9992 -0.0391
vn 0.0018 -0.9893 -0.1460
vn -0.0000 -0.9893 -0.1460
vn -0.0018 -0.9893 -0.1460
vn 0.0016 -0.8821 -0.4710
vn -0.0000 -0.8820 -0.4712
vn -0.0016 -0.8821 -0.4710
vn 0.0015 -0.8318 -0.5550
vn -0.0000 -0.8317 -0.5552
vn -0.0015 -0.8318 -0.5550
vn 0.0015 -0.7734 -0.6339
vn -0.0000 -0.7733 -0.6340
vn -0.0015 -0.7734 -0.6339
vn 0.0015 -0.6339 -0.7734
vn -0.0000 -0.6340 -0.7733
vn -0.0015 -0.6339 -0.7734
vn 0.0015 -0.5550 -0.8318
vn -0.0000 -0.5552 -0.8317
vn -0.0015 -0.5550 -0.8318
vn 0.0016 -0.4710 -0.8821
vn -0.0000 -0.4712 -0.8820
vn -0.0016 -0.4710 -0.8821
vn 0.0018 -0.1460 -0.9893
vn -0.0000 -0.1460 -0.9893
vn -0.0018 -0.1460 -0.9893
vn 0.0018 -0.0391 -0.9992
vn -0.0000 -0.0390 -0.9992
vn -0.0018 -0.0391 -0.9992
vn 0.0018 -0.0127 -0.9999
vn -0.0000 -0.0127 -0.9999
vn -0.0018 -0.0127 -0.9999
vn 0.9999 0.0018 -0.0127
vn 0.9999 -0.0000 -0.0127
vn 0.9999 -0.0018 -0.0127
vn 0.9992 0.0018 -0.0391
vn 0.9992 -0.0000 -0.0390
vn 0.9992 -0.0018 -0.0391
vn 0.9893 0.0018 -0.1460
vn 0.9893 -0.0000 -0.1460
vn 0.9893 -0.0018 -0.1460
vn 0.8821 0.0016 -0.4710
vn 0.8820 -0.0000 -0.4712
vn 0.8821 -0.0016 -0.4710
vn 0.8318 0.0015 -0.5550
vn 0.8317 -0.0000 -0.5552
vn 0.8318 -0.0015 -0.5550
vn 0.7734 0.0015 -0.6339
vn 0.7733 -0.0000 -0.6340
vn 0.7734 -0.0015 -0.6339
vn 0.6339 0.0015 -0.7734
vn 0.6340 -0.0000 -0.7733
vn 0.6339 -0.0015 -0.7734
vn 0.5550 0.0015 -0.8318
vn 0.5552 -0.0000 -0.8317
vn 0.5550 -0.0015 -0.8318
vn 0.4710 0.0016 -0.8821
vn 0.4712 -0.0000 -0.8820
vn 0.4710 -0.0016 -0.8821
vn 0.1460 0.0018 -0.9893
vn 0.1460 -0.0000 -0.9893
vn 0.1460 -0.0018 -0.9893
vn 0.0391 0.0018 -0.9992
vn 0.0390 -0.0000 -0.9992
vn 0.0391 -0.0018 -0.9992
vn 0.0127 0.0018 -0.9999
vn 0.0127 -0.0000 -0.9999
vn 0.0127 -0.0018 -0.9999
vn -0.0127 -0.0018 0.9999
vn -0.0127 -0.0000 0.9999
vn -0.0127 0.0018 0.9999
vn -0.0391 -0.0018 0.9992
vn -0.0390 -0.0000 0.9992
vn -0.0391 0.0018 0.9992
vn -0.1460 -0.0018 0.9893
vn -0.1460 -0.0000 0.9893
vn -0.1460 0.0018 0.9893
vn -0.4710 -0.0016 0.8821
vn -0.4712 -0.0000 0.8820
vn -0.4710 0.0016 0.8821
vn -0.5550 -0.0015 0.8318
vn -0.5552 -0.0000 0.8317
vn -0.5550 0.0015 0.8318
vn -0.6339 -0.0015 0.7734
vn -0.6340 -0.0000 0.7733
vn -0.6339 0.0015 0.7734
vn -0.7734 -0.0015 0.6339
vn -0.7733 -0.0000 0.6340
vn -0.7734 0.0015 0.6339
vn -0.8318 -0.0015 0.5550
vn -0.8317 -0.0000 0.5552
vn -0.8318 0.0015 0.5550
vn -0.8821 -0.0016 0.4710
vn -0.8820 -0.0000 0.4712
vn -0.8821 0.0016 0.4710
vn -0.9893 -0.0018 0.1460
vn -0.9893 -0.0000 0.1460
vn -0.9893 0.0018 0.1460
vn -0.9992 -0.0018 0.0391
vn -0.9992 -0.0000 0.0390
vn -0.9992 0.0018 0.0391
vn -0.9999 -0.0018 0.0127
vn -0.9999 -0.0000 0.0127
vn -0.9999 0.0018 0.0127
vn 0.0127 0.0018 0.9999
vn 0.0127 -0.0000 0.9999
vn 0.0127 -0.0018 0.9999
vn 0.0391 0.0018 0.9992
vn 0.0390 -0.0000 0.9992
vn 0.0391 -0.0018 0.9992
vn 0.1460 0.0018 0.9893
vn 0.1460 -0.0000 0.9893
vn 0.1460 -0.0018 0.9893
vn 0.4710 0.0016 0.8821
vn 0.4712 -0.0000 0.8820
vn 0.4710 -0.0016 0.8821
vn 0.5550 0.0015 0.8318
vn 0.5552 -0.0000 0.8317
vn 0.5550 -0.0015 0.8318
vn 0.6339 0.0015 0.7734
vn 0.6340 -0.0000 0.7733
vn 0.6339 -0.0015 0.7734
vn 0.7734 0.0015 0.6339
vn 0.7733 -0.0000 0.6340
vn 0.7734 -0.0015 0.6339
vn 0.8318 0.0015 0.5550
vn 0.8317 -0.0000 0.5552
vn 0.8318 -0.0015 0.5550
vn 0.8821 0.0016 0.4710
vn 0.8820 -0.0000 0.4712
vn 0.8821 -0.0016 0.4710
vn 0.9893 0.0018 0.1460
vn 0.9893 -0.0000 0.1460
vn 0.9893 -0.0018 0.1460
vn 0.9992 0.0018 0.0391
vn 0.9992 -0.0000 0.0390
vn 0.9992 -0.0018 0.0391
vn 0.9999 0.0018 0.0127
vn 0.9999 -0.0000 0.0127
vn 0.9999 -0.0018 0.0127
vn -0.0127 0.0018 -0.9999
vn -0.0127 -0.0000 -0.9999
vn -0.0127 -0.0018 -0.9999
vn -0.0391 0.0018 -0.9992
vn -0.0390 -0.0000 -0.9992
vn -0.0391 -0.0018 -0.9992
vn -0.1460 0.0018 -0.9893
vn -0.1460 -0.0000 -0.9893
vn -0.1460 -0.0018 -0.9893
vn -0.4710 0.0016 -0.8821
vn -0.4712 -0.0000 -0.8820
vn -0.4710 -0.0016 -0.8821
vn -0.5550 0.0015 -0.8318
vn -0.5552 -0.0000 -0.8317
vn -0.5550 -0.0015 -0.8318
vn -0.6339 0.0015 -0.7734
vn -0.6340 -0.0000 -0.7733
vn -0.6339 -0.0015 -0.7734
vn -0.7734 0.0015 -0.6339
vn -0.7733 -0.0000 -0.6340
vn -0.7734 -0.0015 -0.6339
vn -0.8318 0.0015 -0.5550
vn -0.8317 -0.0000 -0.5552
vn -0.8318 -0.0015 -0.5550
vn -0.8821 0.0016 -0.4710
vn -0.8820 -0.0000 -0.4712
vn -0.8821 -0.0016 -0.4710
vn -0.9893 0.0018 -0.1460
vn -0.9893 -0.0000 -0.1460
vn -0.9893 -0.0018 -0.1460
vn -0.9992 0.0018 -0.0391
vn -0.9992 -0.0000 -0.0390
vn -0.9992 -0.0018 -0.0391
vn -0.9999 0.0018 -0.0127
vn -0.9999 -0.0000 -0.0127
vn -0.9999 -0.0018 -0.0127
vn 0.0018 0.9999 0.0127
vn -0.0000 0.9999 0.0127
vn -0.0018 0.9999 0.0127
vn 0.0018 0.9992 0.0391
vn -0.0000 0.9992 0.0390
vn -0.0018 0.9992 0.0391
vn 0.0018 0.9893 0.1460
vn -0.0000 0.9893 0.1460
vn -0.0018 0.9893 0.1460
vn 0.0016 0.8821 0.4710
vn -0.0000 0.8820 0.4712
vn -0.0016 0.8821 0.4710
vn 0.0015 0.8318 0.5550
vn -0.0000 0.8317 0.5552
vn -0.0015 0.8318 0.5550
vn 0.0015 0.7734 0.6339
vn -0.0000 0.7733 0.6340
vn -0.0015 0.7734 0.6339
vn 0.0015 0.6339 0.7734
vn -0.0000 0.6340 0.7733
vn -0.0015 0.6339 0.7734
vn 0.0015 0.5550 0.8318
vn -0.0000 0.5552 0.8317
vn -0.0015 0.5550 0.8318
vn 0.0016 0.4710 0.8821
vn -0.0000 0.4712 0.8820
vn -0.0016 0.4710 0.8821
vn 0.0018 0.1460 0.9893
vn -0.0000 0.1460 0.9893
vn -0.0018 0.1460 0.9893
vn 0.0018 0.0391 0.9992
vn -0.0000 0.0390 0.9992
vn -0.0018 0.0391 0.9992
vn 0.0018 0.0127 0.9999
vn -0.0000 0.0127 0.9999
vn -0.0018 0.0127 0.9999
vn 0.0127 0.9999 -0.0018
vn 0.0127 0.9999 -0.0000
vn 0.0127 0.9999 0.0018
vn 0.0391 0.9992 -0.0018
vn 0.0390 0.9992 -0.0000
vn 0.0391 0.9992 0.0018
vn 0.1460 0.9893 -0.0018
vn 0.1460 0.9893 -0.0000
vn 0.1460 0.9893 0.0018
vn 0.4710 0.8821 -0.0016
vn 0.4712 0.8820 -0.0000
vn 0.4710 0.8821 0.0016
vn 0.5550 0.8318 -0.0015
vn 0.5552 0.8317 -0.0000
vn 0.5550 0.8318 0.0015
vn 0.6339 0.7734 -0.0015
vn 0.6340 0.7733 -0.0000
vn 0.6339 0.7734 0.0015
vn 0.7734 0.6339 -0.0015
vn 0.7733 0.6340 -0.0000
vn 0.7734 0.6339 0.0015
vn 0.8318 0.5550 -0.0015
vn 0.8317 0.5552 -0.0000
vn 0.8318 0.5550 0.0015
vn 0.8821 0.4710 -0.0016
vn 0.8820 0.4712 -0.0000
vn 0.8821 0.4710 0.0016
vn 0.9893 0.1460 -0.0018
vn 0.9893 0.1460 -0.0000
vn 0.9893 0.1460 0.0018
vn 0.9992 0.0391 -0.0018
vn 0.9992 0.0390 -0.0000
vn 0.9992 0.0391 0.0018
vn 0.9999 0.0127 -0.0018
vn 0.9999 0.0127 -0.0000
vn 0.9999 0.0127 0.0018
vn -0.0018 -0.9999 0.0127
vn -0.0000 -0.9999 0.0127
vn 0.0018 -0.9999 0.0127
vn -0.0018 -0.9992 0.0391
vn -0.0000 -0.9992 0.0390
vn 0.0018 -0.9992 0.0391
vn -0.0018 -0.9893 0.1460
vn -0.0000 -0.9893 0.1460
vn 0.0018 -0.9893 0.1460
vn -0.0016 -0.8821 0.4710
vn -0.0000 -0.8820 0.4712
vn 0.0016 -0.8821 0.4710
vn -0.0015 -0.8318 0.5550
vn -0.0000 -0.8317 0.5552
vn 0.0015 -0.8318 0.5550
vn -0.0015 -0.7734 0.6339
vn -0.0000 -0.7733 0.6340
vn 0.0015 -0.7734 0.6339
vn -0.0015 -0.6339 0.7734
vn -0.0000 -0.6340 0.7733
vn 0.0015 -0.6339 0.7734
vn -0.0015 -0.5550 0.8318
vn -0.0000 -0.5552 0.8317
vn 0.0015 -0.5550 0.8318
vn -0.0016 -0.4710 0.8821
vn -0.0000 -0.4712 0.8820
vn 0.0016 -0.4710 0.8821
vn -0.0018 -0.1460 0.9893
vn -0.0000 -0.1460 0.9893
vn 0.0018 -0.1460 0.9893
vn -0.0018 -0.0391 0.9992
vn -0.0000 -0.0390 0.9992
vn 0.0018 -0.0391 0.9992
vn -0.0018 -0.0127 0.9999
vn -0.0000 -0.0127 0.9999
vn 0.0018 -0.0127 0.9999
vn -0.0127 0.9999 0.0018
vn -0.0127 0.9999 -0.0000
vn -0.0127 0.9999 -0.0018
vn -0.0391 0.9992 0.0018
vn -0.0390 0.9992 -0.0000
vn -0.0391 0.9992 -0.0018
vn -0.1460 0.9893 0.0018
vn -0.1460 0.9893 -0.0000
vn -0.1460 0.9893 -0.0018
vn -0.4710 0.8821 0.0016
vn -0.4712 0.8820 -0.0000
vn -0.4710 0.8821 -0.0016
vn -0.5550 0.8318 0.0015
vn -0.5552 0.8317 -0.0000
vn -0.5550 0.8318 -0.0015
vn -0.6339 0.7734 0.0015
vn -0.6340 0.7733 -0.0000
vn -0.6339 0.7734 -0.0015
vn -0.7734 0.6339 0.0015
vn -0.7733 0.6340 -0.0000
vn -0.7734 0.6339 -0.0015
vn -0.8318 0.5550 0.0015
vn -0.8317 0.5552 -0.0000
vn -0.8318 0.5550 -0.0015
vn -0.8821 0.4710 0.0016
vn -0.8820 0.4712 -0.0000
vn -0.8821 0.4710 -0.0016
vn -0.9893 0.1460 0.0018
vn -0.9893 0.1460 -0.0000
vn -0.9893 0.1460 -0.0018
vn -0.9992 0.0391 0.0018
vn -0.9992 0.0390 -0.0000
vn -0.9992 0.0391 -0.0018
vn -0.9999 0.0127 0.0018
vn -0.9999 0.0127 -0.0000
vn -0.9999 0.0127 -0.0018
vn -0.0018 0.9999 -0.0127
vn -0.0000 0.9999 -0.0127
vn 0.0018 0.9999 -0.0127
vn -0.0018 0.9992 -0.0391
vn -0.0000 0.9992 -0.0390
vn 0.0018 0.9992 -0.0391
vn -0.0018 0.9893 -0.1460
vn -0.0000 0.9893 -0.1460
vn 0.0018 0.9893 -0.1460
vn -0.0016 0.8821 -0.4710
vn -0.0000 0.8820 -0.4712
vn 0.0016 0.8821 -0.4710
vn -0.0015 0.8318 -0.5550
vn -0.0000 0.8317 -0.5552
vn 0.0015 0.8318 -0.5550
vn -0.0015 0.7734 -0.6339
vn -0.0000 0.7733 -0.6340
vn 0.0015 0.7734 -0.6339
vn -0.0015 0.6339 -0.7734
vn -0.0000 0.6340 -0.7733
vn 0.0015 0.6339 -0.7734
vn -0.0015 0.5550 -0.8318
vn -0.0000 0.5552 -0.8317
vn 0.0015 0.5550 -0.8318
vn -0.0016 0.4710 -0.8821
vn -0.0000 0.4712 -0.8820
vn 0.0016 0.4710 -0.8821
vn -0.0018 0.1460 -0.9893
vn -0.0000 0.1460 -0.9893
vn 0.0018 0.1460 -0.9893
vn -0.0018 0.0391 -0.9992
vn -0.0000 0.0390 -0.9992
vn 0.0018 0.0391 -0.9992
vn -0.0018 0.0127 -0.9999
vn -0.0000 0.0127 -0.9999
vn 0.0018 0.0127 -0.9999
vn 0.0127 -0.9999 0.0018
vn 0.0127 -0.9999 -0.0000
vn 0.0127 -0.9999 -0.0018
vn 0.0391 -0.9992 0.0018
vn 0.0390 -0.9992 -0.0000
vn 0.0391 -0.9992 -0.0018
vn 0.1460 -0.9893 0.0018
vn 0.1460 -0.9893 -0.0000
vn 0.1460 -0.9893 -0.0018
vn 0.4710 -0.8821 0.0016
vn 0.4712 -0.8820 -0.0000
vn 0.4710 -0.8821 -0.0016
vn 0.5550 -0.8318 0.0015
vn 0.5552 -0.8317 -0.0000
vn 0.5550 -0.8318 -0.0015
vn 0.6339 -0.7734 0.0015
vn 0.6340 -0.7733 -0.0000
vn 0.6339 -0.7734 -0.0015
vn 0.7734 -0.6339 0.0015
vn 0.7733 -0.6340 -0.0000
vn 0.7734 -0.6339 -0.0015
vn 0.8318 -0.5550 0.0015
vn 0.8317 -0.5552 -0.0000
vn 0.8318 -0.5550 -0.0015
vn 0.8821 -0.4710 0.0016
vn 0.8820 -0.4712 -0.0000
vn 0.8821 -0.4710 -0.0016
vn 0.9893 -0.1460 0.0018
vn 0.9893 -0.1460 -0.0000
vn 0.9893 -0.1460 -0.0018
vn 0.9992 -0.0391 0.0018
vn 0.9992 -0.0390 -0.0000
vn 0.9992 -0.0391 -0.0018
vn 0.9999 -0.0127 0.0018
vn 0.9999 -0.0127 -0.0000
vn 0.9999 -0.0127 -0.0018
vn -0.0017 -0.0017 -1.0000
vn -0.0017 -0.0000 -1.0000
vn -0.0017 0.0017 -1.0000
vn -0.0000 -0.0017 -1.0000
vn -0.0000 -0.0000 -1.0000
vn -0.0000 0.0017 -1.0000
vn 0.0017 -0.0017 -1.0000
vn 0.0017 -0.0000 -1.0000
vn 0.0017 0.0017 -1.0000
vt 0.208660 0.583660
vt 0.250000 0.583660
vt 0.250000 0.625000
vt 0.208660 0.625000
vt 0.291340 0.583660
vt 0.291340 0.625000
vt 0.250000 0.666340
vt 0.208660 0.666340
vt 0.291340 0.666340
vt 0.174199 0.549199
vt 0.208659 0.549201
vt 0.174201 0.583659
vt 0.250000 0.549202
vt 0.291341 0.549201
vt 0.325801 0.549199
vt 0.325799 0.583659
vt 0.325798 0.625000
vt 0.325799 0.666341
vt 0.325801 0.700801
vt 0.291341 0.700799
vt 0.250000 0.700798
vt 0.208659 0.700799
vt 0.174201 0.666341
vt 0.174199 0.700801
vt 0.174202 0.625000
vt 0.458660 0.083660
vt 0.500000 0.083660
vt 0.500000 0.125000
vt 0.458660 0.125000
vt 0.541340 0.083660
vt 0.541340 0.125000
vt 0.500000 0.166340
vt 0.458660 0.166340
vt 0.541340 0.166340
vt 0.424199 0.049199
vt 0.458659 0.049201
vt 0.424201 0.083659
vt 0.500000 0.049202
vt 0.541341 0.049201
vt 0.575801 0.049199
vt 0.575799 0.083659
vt 0.575798 0.125000
vt 0.575799 0.166341
vt 0.575801 0.200801
vt 0.541341 0.200799
vt 0.500000 0.200798
vt 0.458659 0.200799
vt 0.424201 0.166341
vt 0.424199 0.200801
vt 0.424202 0.125000
vt 0.458660 0.833660
vt 0.500000 0.833660
vt 0.500000 0.875000
vt 0.458660 0.875000
vt 0.541340 0.833660
vt 0.541340 0.875000
vt 0.500000 0.916340
vt 0.458660 0.916340
vt 0.541340 0.916340
vt 0.424199 0.799199
vt 0.458659 0.799201
vt 0.424201 0.833659
vt 0.500000 0.799202
vt 0.541341 0.799201
vt 0.575801 0.799199
vt 0.575799 0.833659
vt 0.575798 0.875000
vt 0.575799 0.916341
vt 0.575801 0.950801
vt 0.541341 0.950799
vt 0.500000 0.950798
vt 0.458659 0.950799
vt 0.424201 0.916341
vt 0.424199 0.950801
vt 0.424202 0.875000
vt 0.708660 0.583660
vt 0.750000 0.583660
vt 0.750000 0.625000
vt 0.708660 0.625000
vt 0.791340 0.583660
vt 0.791340 0.625000
vt 0.750000 0.666340
vt 0.708660 0.666340
vt 0.791340 0.666340
vt 0.674199 0.549199
vt 0.708659 0.549201
vt 0.674201 0.583659
vt 0.750000 0.549202
vt 0.791341 0.549201
vt 0.825801 0.549199
vt 0.825799 0.583659
vt 0.825798 0.625000
vt 0.825799 0.666341
vt 0.825801 0.700801
vt 0.791341 0.700799
vt 0.750000 0.700798
vt 0.708659 0.700799
vt 0.674201 0.666341
vt 0.674199 0.700801
vt 0.674202 0.625000
vt 0.458660 0.583660
vt 0.500000 0.583660
vt 0.500000 0.625000
vt 0.458660 0.625000
vt 0.541340 0.583660
vt 0.541340 0.625000
vt 0.500000 0.666340
vt 0.458660 0.666340
vt 0.541340 0.666340
vt 0.424199 0.549199
vt 0.458659 0.549201
vt 0.424201 0.583659
vt 0.500000 0.549202
vt 0.541341 0.549201
vt 0.575801 0.549199
vt 0.575799 0.583659
vt 0.575798 0.625000
vt 0.575799 0.666341
vt 0.575801 0.700801
vt 0.541341 0.700799
vt 0.500000 0.700798
vt 0.458659 0.700799
vt 0.424201 0.666341
vt 0.424199 0.700801
vt 0.424202 0.625000
vt 0.598231 0.473231
vt 0.610383 0.473237
vt 0.610391 0.485391
vt 0.598237 0.485383
vt 0.615743 0.473240
vt 0.615751 0.485396
vt 0.610393 0.490754
vt 0.598240 0.490743
vt 0.615751 0.490760
vt 0.575801 0.450801
vt 0.598226 0.450804
vt 0.575804 0.473226
vt 0.610375 0.450806
vt 0.615733 0.450808
vt 0.617786 0.450807
vt 0.617797 0.473238
vt 0.617803 0.485393
vt 0.617795 0.490756
vt 0.617762 0.492811
vt 0.615736 0.492815
vt 0.610387 0.492809
vt 0.598237 0.492797
vt 0.575808 0.490733
vt 0.575807 0.492786
vt 0.575806 0.485375
vt 0.619440 0.473504
vt 0.621218 0.475414
vt 0.621215 0.486113
vt 0.619441 0.485475
vt 0.623087 0.480450
vt 0.623083 0.487689
vt 0.621186 0.490777
vt 0.619421 0.490748
vt 0.623059 0.490873
vt 0.617786 0.450807
vt 0.619431 0.451185
vt 0.617797 0.473238
vt 0.621212 0.453856
vt 0.623083 0.461880
vt 0.625000 0.487500
vt 0.625000 0.488664
vt 0.625000 0.489827
vt 0.625000 0.490991
vt 0.625000 0.492155
vt 0.622961 0.492567
vt 0.621101 0.492720
vt 0.619364 0.492788
vt 0.617795 0.490756
vt 0.617762 0.492811
vt 0.598229 0.494442
vt 0.610369 0.494452
vt 0.610347 0.496228
vt 0.598217 0.496220
vt 0.615702 0.494458
vt 0.615660 0.496232
vt 0.610327 0.498092
vt 0.598206 0.498088
vt 0.615625 0.498094
vt 0.575803 0.494431
vt 0.617702 0.494455
vt 0.617631 0.496230
vt 0.617571 0.498093
vt 0.617546 0.500000
vt 0.615610 0.500000
vt 0.610319 0.500000
vt 0.598202 0.500000
vt 0.575792 0.498083
vt 0.575790 0.500000
vt 0.575797 0.496212
vt 0.619263 0.494434
vt 0.620945 0.494380
vt 0.620756 0.496186
vt 0.619147 0.496216
vt 0.622722 0.494273
vt 0.622424 0.496137
vt 0.620593 0.498074
vt 0.619050 0.498086
vt 0.622148 0.498057
vt 0.617702 0.494455
vt 0.624560 0.494116
vt 0.624120 0.496077
vt 0.623679 0.498039
vt 0.623239 0.500000
vt 0.622027 0.499998
vt 0.620528 0.499999
vt 0.619009 0.500000
vt 0.617546 0.500000
vt 0.617630 0.496230
vt 0.651769 0.526769
vt 0.639617 0.526763
vt 0.639608 0.514609
vt 0.651763 0.514617
vt 0.634256 0.526760
vt 0.634244 0.514604
vt 0.639602 0.509246
vt 0.651760 0.509257
vt 0.634232 0.509240
vt 0.651774 0.549197
vt 0.674197 0.526774
vt 0.639625 0.549194
vt 0.634267 0.549192
vt 0.632214 0.549193
vt 0.632202 0.526762
vt 0.632185 0.514607
vt 0.632164 0.509244
vt 0.632140 0.507189
vt 0.634223 0.507185
vt 0.639601 0.507191
vt 0.651761 0.507203
vt 0.674192 0.509267
vt 0.674193 0.507214
vt 0.674194 0.514625
vt 0.630557 0.526770
vt 0.628778 0.526781
vt 0.628754 0.514636
vt 0.630536 0.514619
vt 0.626910 0.526791
vt 0.626886 0.514651
vt 0.628708 0.509281
vt 0.630503 0.509259
vt 0.626830 0.509300
vt 0.630569 0.549197
vt 0.628788 0.549203
vt 0.626917 0.549208
vt 0.625000 0.549210
vt 0.624997 0.526795
vt 0.624976 0.514657
vt 0.624918 0.509308
vt 0.624804 0.507258
vt 0.626728 0.507249
vt 0.628630 0.507229
vt 0.630453 0.507206
vt 0.651494 0.505558
vt 0.639515 0.505548
vt 0.638874 0.503772
vt 0.649584 0.503780
vt 0.634215 0.505542
vt 0.634176 0.503768
vt 0.637303 0.501908
vt 0.644549 0.501912
vt 0.634092 0.501906
vt 0.674193 0.507214
vt 0.651761 0.507203
vt 0.673815 0.505569
vt 0.639601 0.507191
vt 0.634223 0.507185
vt 0.632121 0.505546
vt 0.632152 0.503770
vt 0.632301 0.501907
vt 0.632845 0.500000
vt 0.634009 0.500000
vt 0.635173 0.500000
vt 0.636336 0.500000
vt 0.663120 0.501917
vt 0.637500 0.500000
vt 0.671144 0.503788
vt 0.630390 0.505561
vt 0.628513 0.505582
vt 0.628368 0.503798
vt 0.630347 0.503782
vt 0.626564 0.505601
vt 0.626331 0.503812
vt 0.628209 0.501922
vt 0.630363 0.501913
vt 0.626020 0.501930
vt 0.630453 0.507206
vt 0.628630 0.507229
vt 0.624804 0.507258
vt 0.624619 0.505609
vt 0.624347 0.503818
vt 0.623962 0.501933
vt 0.625641 0.500000
vt 0.628042 0.500000
vt 0.630444 0.500000
vt 0.598231 0.526769
vt 0.598237 0.514617
vt 0.610391 0.514609
vt 0.610383 0.526763
vt 0.598240 0.509257
vt 0.610393 0.509246
vt 0.615751 0.514604
vt 0.615743 0.526760
vt 0.615751 0.509240
vt 0.575804 0.526774
vt 0.598226 0.549197
vt 0.575806 0.514625
vt 0.575808 0.509267
vt 0.575807 0.507214
vt 0.598237 0.507203
vt 0.610387 0.507191
vt 0.615736 0.507185
vt 0.617762 0.507189
vt 0.617795 0.509244
vt 0.617803 0.514607
vt 0.617797 0.526762
vt 0.615733 0.549192
vt 0.617786 0.549193
vt 0.610375 0.549194
vt 0.598229 0.505558
vt 0.598217 0.503780
vt 0.610347 0.503772
vt 0.610369 0.505548
vt 0.598206 0.501912
vt 0.610327 0.501908
vt 0.615660 0.503768
vt 0.615702 0.505542
vt 0.615625 0.501906
vt 0.575803 0.505569
vt 0.575797 0.503788
vt 0.575792 0.501917
vt 0.575790 0.500000
vt 0.598202 0.500000
vt 0.615610 0.500000
vt 0.617546 0.500000
vt 0.617571 0.501907
vt 0.617631 0.503770
vt 0.617702 0.505546
vt 0.619440 0.526770
vt 0.619441 0.514619
vt 0.621210 0.514636
vt 0.621218 0.526781
vt 0.619419 0.509259
vt 0.621173 0.509281
vt 0.623070 0.514651
vt 0.623085 0.526791
vt 0.623019 0.509300
vt 0.619431 0.549197
vt 0.619362 0.507206
vt 0.621089 0.507229
vt 0.622913 0.507249
vt 0.624917 0.509308
vt 0.624976 0.514657
vt 0.623083 0.549208
vt 0.625000 0.549210
vt 0.621212 0.549203
vt 0.619264 0.505561
vt 0.619149 0.503782
vt 0.620776 0.503798
vt 0.620950 0.505582
vt 0.619052 0.501913
vt 0.620609 0.501922
vt 0.622499 0.503812
vt 0.622739 0.505601
vt 0.622217 0.501929
vt 0.617702 0.505546
vt 0.617630 0.503770
vt 0.620528 0.499999
vt 0.623962 0.501933
vt 0.624347 0.503818
vt 0.624619 0.505609
vt 0.622913 0.507250
vt 0.621089 0.507229
vt 0.348231 0.526769
vt 0.348237 0.514617
vt 0.360391 0.514610
vt 0.360383 0.526763
vt 0.348240 0.509257
vt 0.360396 0.509249
vt 0.365754 0.514607
vt 0.365743 0.526761
vt 0.365760 0.509249
vt 0.325804 0.526774
vt 0.348226 0.549197
vt 0.325806 0.514625
vt 0.325808 0.509267
vt 0.325807 0.507214
vt 0.348238 0.507204
vt 0.360393 0.507197
vt 0.365756 0.507205
vt 0.367811 0.507238
vt 0.367815 0.509265
vt 0.367809 0.514613
vt 0.367797 0.526763
vt 0.365733 0.549192
vt 0.367786 0.549193
vt 0.360375 0.549194
vt 0.348504 0.505560
vt 0.350414 0.503782
vt 0.361113 0.503785
vt 0.360475 0.505559
vt 0.355450 0.501913
vt 0.362689 0.501917
vt 0.365777 0.503815
vt 0.365748 0.505579
vt 0.365873 0.501941
vt 0.325807 0.507214
vt 0.326185 0.505569
vt 0.348238 0.507204
vt 0.328856 0.503788
vt 0.336880 0.501917
vt 0.362500 0.500000
vt 0.363664 0.500000
vt 0.364827 0.500000
vt 0.365991 0.500000
vt 0.367155 0.500000
vt 0.367567 0.502039
vt 0.367720 0.503899
vt 0.367788 0.505637
vt 0.365756 0.507205
vt 0.360393 0.507197
vt 0.369442 0.526772
vt 0.369452 0.514631
vt 0.371228 0.514654
vt 0.371220 0.526783
vt 0.369458 0.509299
vt 0.371232 0.509340
vt 0.373092 0.514673
vt 0.373088 0.526794
vt 0.373094 0.509375
vt 0.369431 0.549197
vt 0.369455 0.507298
vt 0.371230 0.507370
vt 0.373093 0.507429
vt 0.375000 0.507454
vt 0.375000 0.509390
vt 0.375000 0.514682
vt 0.375000 0.526798
vt 0.373083 0.549208
vt 0.375000 0.549210
vt 0.371212 0.549203
vt 0.369434 0.505737
vt 0.369380 0.504055
vt 0.371186 0.504244
vt 0.371216 0.505853
vt 0.369273 0.502278
vt 0.371137 0.502576
vt 0.373074 0.504407
vt 0.373086 0.505951
vt 0.373057 0.502853
vt 0.369455 0.507298
vt 0.369116 0.500440
vt 0.371077 0.500881
vt 0.373039 0.501321
vt 0.375000 0.501761
vt 0.374998 0.502973
vt 0.374999 0.504472
vt 0.375000 0.505991
vt 0.373093 0.507429
vt 0.375000 0.507454
vt 0.371230 0.507370
vt 0.401769 0.473231
vt 0.401763 0.485383
vt 0.389609 0.485392
vt 0.389617 0.473237
vt 0.401760 0.490744
vt 0.389604 0.490757
vt 0.384246 0.485398
vt 0.384257 0.473240
vt 0.384240 0.490768
vt 0.424199 0.450801
vt 0.424197 0.473226
vt 0.401774 0.450804
vt 0.424194 0.485375
vt 0.424192 0.490733
vt 0.424193 0.492786
vt 0.401762 0.492798
vt 0.389607 0.492815
vt 0.384244 0.492836
vt 0.382189 0.492860
vt 0.382185 0.490777
vt 0.382191 0.485399
vt 0.382203 0.473239
vt 0.384267 0.450808
vt 0.382214 0.450807
vt 0.389625 0.450806
vt 0.401770 0.494443
vt 0.401781 0.496222
vt 0.389636 0.496246
vt 0.389619 0.494464
vt 0.401791 0.498090
vt 0.389651 0.498114
vt 0.384281 0.496292
vt 0.384259 0.494497
vt 0.384300 0.498170
vt 0.424197 0.494431
vt 0.424203 0.496212
vt 0.424208 0.498084
vt 0.424210 0.500000
vt 0.401795 0.500003
vt 0.389657 0.500025
vt 0.384308 0.500083
vt 0.382258 0.500196
vt 0.382249 0.498272
vt 0.382229 0.496370
vt 0.382206 0.494547
vt 0.380558 0.473506
vt 0.380548 0.485486
vt 0.378772 0.486126
vt 0.378780 0.475416
vt 0.380542 0.490785
vt 0.378768 0.490824
vt 0.376908 0.487697
vt 0.376912 0.480451
vt 0.376906 0.490908
vt 0.382214 0.450807
vt 0.382203 0.473239
vt 0.380569 0.451185
vt 0.382191 0.485399
vt 0.382185 0.490777
vt 0.382189 0.492860
vt 0.380546 0.492879
vt 0.378770 0.492848
vt 0.376907 0.492699
vt 0.375000 0.492155
vt 0.375000 0.490991
vt 0.375000 0.489827
vt 0.375000 0.488664
vt 0.376917 0.461880
vt 0.375000 0.487500
vt 0.378788 0.453856
vt 0.380561 0.494610
vt 0.380582 0.496487
vt 0.378798 0.496632
vt 0.378782 0.494653
vt 0.380601 0.498436
vt 0.378812 0.498669
vt 0.376922 0.496791
vt 0.376913 0.494637
vt 0.376929 0.498981
vt 0.382206 0.494547
vt 0.382229 0.496370
vt 0.382249 0.498272
vt 0.382258 0.500196
vt 0.380609 0.500381
vt 0.378818 0.500653
vt 0.376933 0.501038
vt 0.375000 0.499360
vt 0.375000 0.496958
vt 0.375000 0.494556
vt 0.401769 0.526769
vt 0.389617 0.526763
vt 0.389609 0.514610
vt 0.401763 0.514617
vt 0.384257 0.526761
vt 0.384246 0.514607
vt 0.389604 0.509249
vt 0.401760 0.509257
vt 0.384240 0.509249
vt 0.401774 0.549197
vt 0.424197 0.526774
vt 0.389625 0.549194
vt 0.384267 0.549192
vt 0.382214 0.549193
vt 0.382203 0.526763
vt 0.382191 0.514613
vt 0.382185 0.509264
vt 0.382189 0.507238
vt 0.384244 0.507205
vt 0.389607 0.507197
vt 0.401762 0.507204
vt 0.424192 0.509267
vt 0.424193 0.507214
vt 0.424194 0.514625
vt 0.380558 0.526772
vt 0.378780 0.526783
vt 0.378772 0.514654
vt 0.380548 0.514631
vt 0.376912 0.526794
vt 0.376908 0.514673
vt 0.378768 0.509340
vt 0.380542 0.509299
vt 0.376906 0.509375
vt 0.380569 0.549197
vt 0.378788 0.549203
vt 0.376917 0.549208
vt 0.375000 0.549210
vt 0.375000 0.509390
vt 0.376907 0.507429
vt 0.378770 0.507370
vt 0.380546 0.507298
vt 0.401770 0.505560
vt 0.389619 0.505559
vt 0.389636 0.503790
vt 0.401781 0.503782
vt 0.384259 0.505581
vt 0.384281 0.503827
vt 0.389651 0.501931
vt 0.401791 0.501915
vt 0.384300 0.501982
vt 0.424197 0.505569
vt 0.382206 0.505638
vt 0.382229 0.503911
vt 0.382249 0.502087
vt 0.382258 0.500196
vt 0.401795 0.500003
vt 0.424208 0.501917
vt 0.424210 0.500000
vt 0.424203 0.503788
vt 0.380561 0.505736
vt 0.378782 0.505851
vt 0.378798 0.504224
vt 0.380582 0.504051
vt 0.376913 0.505948
vt 0.376922 0.504391
vt 0.378812 0.502501
vt 0.380601 0.502261
vt 0.376929 0.502783
vt 0.382189 0.507238
vt 0.380546 0.507298
vt 0.382206 0.505638
vt 0.378770 0.507370
vt 0.376907 0.507429
vt 0.375000 0.505991
vt 0.374999 0.504473
vt 0.376933 0.501038
vt 0.382250 0.502087
vt 0.382258 0.500196
vt 0.382229 0.503911
vt 0.598231 0.723231
vt 0.610383 0.723237
vt 0.610391 0.735391
vt 0.598237 0.735383
vt 0.615743 0.723240
vt 0.615754 0.735393
vt 0.610396 0.740751
vt 0.598240 0.740743
vt 0.615760 0.740751
vt 0.598226 0.700804
vt 0.575804 0.723226
vt 0.610375 0.700806
vt 0.615733 0.700808
vt 0.617786 0.700807
vt 0.617797 0.723237
vt 0.617809 0.735387
vt 0.617815 0.740736
vt 0.617811 0.742762
vt 0.615756 0.742795
vt 0.610393 0.742803
vt 0.598238 0.742797
vt 0.575808 0.740733
vt 0.575807 0.742786
vt 0.575806 0.735375
vt 0.619442 0.723229
vt 0.621220 0.723217
vt 0.621228 0.735347
vt 0.619452 0.735369
vt 0.623088 0.723206
vt 0.623092 0.735327
vt 0.621232 0.740660
vt 0.619458 0.740702
vt 0.623094 0.740625
vt 0.619431 0.700803
vt 0.621212 0.700797
vt 0.623083 0.700792
vt 0.625000 0.700790
vt 0.625000 0.723202
vt 0.625000 0.735319
vt 0.625000 0.740610
vt 0.625000 0.742546
vt 0.623093 0.742571
vt 0.621230 0.742631
vt 0.619454 0.742702
vt 0.598230 0.744440
vt 0.610381 0.744441
vt 0.610364 0.746211
vt 0.598219 0.746218
vt 0.615741 0.744419
vt 0.615719 0.746173
vt 0.610349 0.748070
vt 0.598209 0.748085
vt 0.615700 0.748019
vt 0.575803 0.744431
vt 0.617794 0.744362
vt 0.617771 0.746089
vt 0.617751 0.747913
vt 0.617742 0.749804
vt 0.615692 0.749918
vt 0.610343 0.749976
vt 0.598205 0.749997
vt 0.575792 0.748083
vt 0.575790 0.750000
vt 0.575797 0.746212
vt 0.619439 0.744264
vt 0.621218 0.744149
vt 0.621202 0.745776
vt 0.619418 0.745950
vt 0.623087 0.744052
vt 0.623078 0.745609
vt 0.621188 0.747500
vt 0.619399 0.747739
vt 0.623071 0.747217
vt 0.617811 0.742762
vt 0.619455 0.742702
vt 0.617794 0.744362
vt 0.621230 0.742631
vt 0.623093 0.742571
vt 0.625000 0.744009
vt 0.625001 0.745528
vt 0.625002 0.747027
vt 0.625000 0.748239
vt 0.623067 0.748962
vt 0.621182 0.749347
vt 0.619391 0.749619
vt 0.617751 0.747913
vt 0.617742 0.749804
vt 0.617771 0.746089
vt 0.651769 0.723231
vt 0.651763 0.735383
vt 0.639609 0.735391
vt 0.639617 0.723237
vt 0.651760 0.740743
vt 0.639604 0.740751
vt 0.634246 0.735393
vt 0.634257 0.723240
vt 0.634240 0.740751
vt 0.674197 0.723226
vt 0.651774 0.700804
vt 0.674194 0.735375
vt 0.674192 0.740733
vt 0.674193 0.742786
vt 0.651762 0.742797
vt 0.639607 0.742803
vt 0.634244 0.742795
vt 0.632189 0.742762
vt 0.632185 0.740736
vt 0.632191 0.735387
vt 0.632203 0.723237
vt 0.634267 0.700808
vt 0.632214 0.700807
vt 0.639625 0.700806
vt 0.651496 0.744440
vt 0.649586 0.746219
vt 0.638887 0.746215
vt 0.639526 0.744441
vt 0.644550 0.748087
vt 0.637311 0.748083
vt 0.634223 0.746186
vt 0.634252 0.744421
vt 0.634127 0.748059
vt 0.674193 0.742786
vt 0.673815 0.744431
vt 0.651762 0.742797
vt 0.671144 0.746212
vt 0.663120 0.748083
vt 0.637500 0.750000
vt 0.636336 0.750000
vt 0.635173 0.750000
vt 0.634009 0.750000
vt 0.632845 0.750000
vt 0.632433 0.747961
vt 0.632280 0.746101
vt 0.632212 0.744364
vt 0.634244 0.742795
vt 0.632189 0.742763
vt 0.639607 0.742803
vt 0.630558 0.723229
vt 0.630548 0.735369
vt 0.628772 0.735347
vt 0.628780 0.723217
vt 0.630542 0.740702
vt 0.628768 0.740660
vt 0.626908 0.735327
vt 0.626912 0.723206
vt 0.626906 0.740625
vt 0.630569 0.700803
vt 0.630545 0.742702
vt 0.628770 0.742631
vt 0.626907 0.742571
vt 0.625000 0.740610
vt 0.625000 0.735319
vt 0.626917 0.700792
vt 0.628788 0.700797
vt 0.630566 0.744263
vt 0.630620 0.745945
vt 0.628814 0.745756
vt 0.628784 0.744147
vt 0.630727 0.747722
vt 0.628863 0.747424
vt 0.626926 0.745593
vt 0.626914 0.744050
vt 0.626943 0.747148
vt 0.630546 0.742702
vt 0.630884 0.749560
vt 0.628923 0.749120
vt 0.626961 0.748679
vt 0.625001 0.745528
vt 0.625000 0.744009
vt 0.626907 0.742571
vt 0.625000 0.742546
vt 0.628770 0.742630
vt 0.598231 0.776769
vt 0.598237 0.764617
vt 0.610391 0.764608
vt 0.610383 0.776763
vt 0.598240 0.759256
vt 0.610396 0.759244
vt 0.615754 0.764602
vt 0.615743 0.776760
vt 0.615760 0.759232
vt 0.575801 0.799199
vt 0.575804 0.776774
vt 0.598226 0.799197
vt 0.575806 0.764626
vt 0.575808 0.759267
vt 0.575807 0.757214
vt 0.598238 0.757202
vt 0.610393 0.757185
vt 0.615756 0.757164
vt 0.617811 0.757140
vt 0.617815 0.759223
vt 0.617809 0.764601
vt 0.617797 0.776761
vt 0.615733 0.799192
vt 0.617786 0.799193
vt 0.610375 0.799194
vt 0.598230 0.755557
vt 0.598219 0.753778
vt 0.610364 0.753754
vt 0.610381 0.755536
vt 0.598209 0.751909
vt 0.610349 0.751886
vt 0.615719 0.753708
vt 0.615741 0.755503
vt 0.615700 0.751830
vt 0.575803 0.755569
vt 0.575797 0.753788
vt 0.575792 0.751917
vt 0.575790 0.750000
vt 0.598205 0.749997
vt 0.610343 0.749976
vt 0.615692 0.749918
vt 0.617742 0.749804
vt 0.617751 0.751728
vt 0.617771 0.753630
vt 0.617794 0.755453
vt 0.619442 0.776494
vt 0.619452 0.764515
vt 0.621228 0.763874
vt 0.621220 0.774585
vt 0.619458 0.759215
vt 0.621232 0.759176
vt 0.623092 0.762303
vt 0.623088 0.769549
vt 0.623094 0.759092
vt 0.619431 0.798815
vt 0.617809 0.764601
vt 0.617815 0.759223
vt 0.617811 0.757140
vt 0.619455 0.757121
vt 0.621230 0.757152
vt 0.623093 0.757301
vt 0.625000 0.757845
vt 0.625000 0.759009
vt 0.625000 0.760173
vt 0.625000 0.761336
vt 0.623083 0.788120
vt 0.625000 0.762500
vt 0.621212 0.796144
vt 0.619439 0.755390
vt 0.619418 0.753513
vt 0.621202 0.753368
vt 0.621218 0.755348
vt 0.619399 0.751565
vt 0.621188 0.751331
vt 0.623078 0.753209
vt 0.623087 0.755363
vt 0.623071 0.751020
vt 0.617794 0.755453
vt 0.617771 0.753630
vt 0.617751 0.751728
vt 0.619391 0.749619
vt 0.621182 0.749347
vt 0.623067 0.748962
vt 0.625000 0.750641
vt 0.625000 0.753042
vt 0.625000 0.755444
vt 0.401769 0.723231
vt 0.401763 0.735383
vt 0.389610 0.735391
vt 0.389617 0.723237
vt 0.401761 0.740743
vt 0.389607 0.740754
vt 0.384249 0.735396
vt 0.384257 0.723240
vt 0.384249 0.740760
vt 0.424199 0.700801
vt 0.424197 0.723226
vt 0.401774 0.700804
vt 0.424194 0.735375
vt 0.424192 0.740733
vt 0.424193 0.742786
vt 0.401763 0.742797
vt 0.389613 0.742809
vt 0.384264 0.742815
vt 0.382238 0.742811
vt 0.382205 0.740756
vt 0.382197 0.735393
vt 0.382203 0.723238
vt 0.384267 0.700808
vt 0.382214 0.700807
vt 0.389625 0.700806
vt 0.401772 0.744442
vt 0.401783 0.746220
vt 0.389653 0.746228
vt 0.389631 0.744452
vt 0.401794 0.748088
vt 0.389673 0.748092
vt 0.384340 0.746232
vt 0.384298 0.744458
vt 0.384375 0.748094
vt 0.424197 0.744431
vt 0.424203 0.746212
vt 0.424208 0.748083
vt 0.424210 0.750000
vt 0.401798 0.750000
vt 0.389682 0.750000
vt 0.384390 0.750000
vt 0.382454 0.750000
vt 0.382429 0.748093
vt 0.382370 0.746230
vt 0.382298 0.744454
vt 0.380560 0.723230
vt 0.380559 0.735381
vt 0.378790 0.735364
vt 0.378782 0.723219
vt 0.380581 0.740741
vt 0.378827 0.740719
vt 0.376931 0.735349
vt 0.376915 0.723209
vt 0.376982 0.740700
vt 0.380569 0.700803
vt 0.380638 0.742794
vt 0.378911 0.742771
vt 0.377087 0.742751
vt 0.375196 0.742742
vt 0.375083 0.740692
vt 0.375025 0.735343
vt 0.375003 0.723205
vt 0.376917 0.700792
vt 0.375000 0.700790
vt 0.378788 0.700797
vt 0.380736 0.744439
vt 0.380851 0.746218
vt 0.379224 0.746202
vt 0.379051 0.744418
vt 0.380948 0.748087
vt 0.379391 0.748078
vt 0.377501 0.746188
vt 0.377261 0.744399
vt 0.377783 0.748071
vt 0.382238 0.742811
vt 0.382298 0.744455
vt 0.380638 0.742794
vt 0.382370 0.746230
vt 0.382429 0.748093
vt 0.382454 0.750000
vt 0.380991 0.750000
vt 0.379473 0.750001
vt 0.377973 0.750003
vt 0.376761 0.750000
vt 0.376038 0.748067
vt 0.375653 0.746182
vt 0.375381 0.744391
vt 0.377087 0.742751
vt 0.375196 0.742742
vt 0.378911 0.742771
vt 0.401769 0.776769
vt 0.389617 0.776763
vt 0.389610 0.764609
vt 0.401763 0.764617
vt 0.384257 0.776760
vt 0.384249 0.764604
vt 0.389607 0.759246
vt 0.401761 0.759257
vt 0.384249 0.759240
vt 0.424199 0.799199
vt 0.401774 0.799196
vt 0.424197 0.776774
vt 0.389625 0.799194
vt 0.384267 0.799192
vt 0.382214 0.799193
vt 0.382203 0.776762
vt 0.382197 0.764607
vt 0.382205 0.759244
vt 0.382238 0.757189
vt 0.384264 0.757185
vt 0.389613 0.757191
vt 0.401763 0.757203
vt 0.424192 0.759267
vt 0.424193 0.757214
vt 0.424194 0.764626
vt 0.380560 0.776496
vt 0.378782 0.774586
vt 0.378785 0.763887
vt 0.380559 0.764526
vt 0.376913 0.769550
vt 0.376917 0.762311
vt 0.378815 0.759223
vt 0.380579 0.759252
vt 0.376941 0.759127
vt 0.382214 0.799193
vt 0.380569 0.798815
vt 0.382204 0.776762
vt 0.378788 0.796144
vt 0.376917 0.788120
vt 0.375000 0.762500
vt 0.375000 0.761336
vt 0.375000 0.760173
vt 0.375000 0.759009
vt 0.375000 0.757845
vt 0.377039 0.757433
vt 0.378899 0.757280
vt 0.380637 0.757212
vt 0.382205 0.759244
vt 0.382238 0.757189
vt 0.382197 0.764607
vt 0.401772 0.755558
vt 0.389631 0.755548
vt 0.389653 0.753772
vt 0.401783 0.753780
vt 0.384298 0.755542
vt 0.384340 0.753768
vt 0.389673 0.751908
vt 0.401794 0.751912
vt 0.384375 0.751906
vt 0.424197 0.755569
vt 0.382298 0.755545
vt 0.382370 0.753770
vt 0.382429 0.751907
vt 0.389682 0.750000
vt 0.401798 0.750000
vt 0.424208 0.751917
vt 0.424210 0.750000
vt 0.424203 0.753788
vt 0.380737 0.755566
vt 0.379055 0.755620
vt 0.379244 0.753814
vt 0.380853 0.753784
vt 0.377278 0.755727
vt 0.377576 0.753863
vt 0.379407 0.751926
vt 0.380951 0.751914
vt 0.377853 0.751943
vt 0.382298 0.755546
vt 0.375440 0.755884
vt 0.375881 0.753923
vt 0.376321 0.751961
vt 0.377973 0.750002
vt 0.379472 0.750001
vt 0.380991 0.750000
vt 0.382429 0.751907
vt 0.382370 0.753770
vt 0.348231 0.723231
vt 0.360383 0.723237
vt 0.360392 0.735391
vt 0.348237 0.735383
vt 0.365744 0.723240
vt 0.365757 0.735396
vt 0.360398 0.740754
vt 0.348240 0.740743
vt 0.365768 0.740760
vt 0.348226 0.700804
vt 0.325804 0.723226
vt 0.360375 0.700806
vt 0.365733 0.700808
vt 0.367786 0.700807
vt 0.367798 0.723238
vt 0.367815 0.735393
vt 0.367836 0.740756
vt 0.367860 0.742811
vt 0.365777 0.742815
vt 0.360399 0.742809
vt 0.348239 0.742797
vt 0.325808 0.740733
vt 0.325807 0.742786
vt 0.325806 0.735375
vt 0.369443 0.723230
vt 0.371222 0.723219
vt 0.371246 0.735364
vt 0.369464 0.735381
vt 0.373091 0.723209
vt 0.373114 0.735349
vt 0.371292 0.740719
vt 0.369497 0.740741
vt 0.373170 0.740700
vt 0.369431 0.700803
vt 0.371212 0.700797
vt 0.373083 0.700792
vt 0.375000 0.700790
vt 0.375003 0.723205
vt 0.375024 0.735343
vt 0.375083 0.740692
vt 0.375196 0.742742
vt 0.373272 0.742751
vt 0.371370 0.742771
vt 0.369547 0.742794
vt 0.348506 0.744442
vt 0.360486 0.744452
vt 0.361126 0.746228
vt 0.350416 0.746220
vt 0.365785 0.744458
vt 0.365824 0.746232
vt 0.362697 0.748092
vt 0.355451 0.748088
vt 0.365908 0.748094
vt 0.325807 0.742786
vt 0.348239 0.742797
vt 0.326185 0.744431
vt 0.360399 0.742809
vt 0.365777 0.742815
vt 0.367860 0.742811
vt 0.367879 0.744455
vt 0.367848 0.746230
vt 0.367699 0.748093
vt 0.367155 0.750000
vt 0.365991 0.750000
vt 0.364827 0.750000
vt 0.363664 0.750000
vt 0.336880 0.748083
vt 0.362500 0.750000
vt 0.328856 0.746212
vt 0.369610 0.744439
vt 0.371487 0.744418
vt 0.371632 0.746202
vt 0.369653 0.746218
vt 0.373436 0.744399
vt 0.373669 0.746188
vt 0.371791 0.748078
vt 0.369637 0.748087
vt 0.373980 0.748071
vt 0.369547 0.742795
vt 0.371370 0.742771
vt 0.373272 0.742751
vt 0.375196 0.742742
vt 0.375653 0.746182
vt 0.374359 0.750000
vt 0.371958 0.750000
vt 0.369556 0.750000
vt 0.598231 0.276769
vt 0.598236 0.264617
vt 0.610389 0.264609
vt 0.610383 0.276763
vt 0.598239 0.259257
vt 0.610388 0.259246
vt 0.615746 0.264604
vt 0.615742 0.276760
vt 0.615734 0.259240
vt 0.575801 0.299199
vt 0.575804 0.276774
vt 0.598226 0.299197
vt 0.575806 0.264625
vt 0.575808 0.259267
vt 0.575807 0.257214
vt 0.598236 0.257203
vt 0.610375 0.257191
vt 0.615694 0.257185
vt 0.617665 0.257189
vt 0.617753 0.259244
vt 0.617791 0.264607
vt 0.617795 0.276762
vt 0.615733 0.299192
vt 0.617786 0.299193
vt 0.610375 0.299194
vt 0.598226 0.255558
vt 0.598213 0.253780
vt 0.610313 0.253772
vt 0.610346 0.255548
vt 0.598202 0.251912
vt 0.610287 0.251907
vt 0.615543 0.253768
vt 0.615624 0.255542
vt 0.615482 0.251903
vt 0.575803 0.255569
vt 0.598236 0.257203
vt 0.575797 0.253788
vt 0.575792 0.251917
vt 0.575790 0.250000
vt 0.598198 0.249999
vt 0.610284 0.249991
vt 0.615487 0.249970
vt 0.617155 0.250000
vt 0.617173 0.251907
vt 0.617336 0.253770
vt 0.617515 0.255546
vt 0.615694 0.257185
vt 0.617665 0.257189
vt 0.619438 0.276496
vt 0.619419 0.264526
vt 0.621189 0.263887
vt 0.621215 0.274586
vt 0.619346 0.259252
vt 0.621092 0.259223
vt 0.623066 0.262311
vt 0.623085 0.269550
vt 0.622989 0.259127
vt 0.617786 0.299193
vt 0.617795 0.276762
vt 0.619431 0.298815
vt 0.617753 0.259244
vt 0.619182 0.257212
vt 0.620844 0.257280
vt 0.622696 0.257433
vt 0.625000 0.257845
vt 0.625000 0.259009
vt 0.625000 0.260173
vt 0.625000 0.261336
vt 0.623083 0.288120
vt 0.625000 0.262500
vt 0.621212 0.296144
vt 0.618905 0.255566
vt 0.618553 0.253784
vt 0.619790 0.253814
vt 0.620390 0.255620
vt 0.618173 0.251914
vt 0.619126 0.251926
vt 0.621063 0.253863
vt 0.621987 0.255727
vt 0.620080 0.251942
vt 0.617795 0.250000
vt 0.618436 0.250000
vt 0.619076 0.250000
vt 0.619717 0.250000
vt 0.621038 0.251961
vt 0.622359 0.253923
vt 0.623679 0.255884
vt 0.598231 0.223231
vt 0.610383 0.223237
vt 0.610391 0.235389
vt 0.598237 0.235383
vt 0.615743 0.223239
vt 0.615754 0.235388
vt 0.610396 0.240746
vt 0.598240 0.240742
vt 0.615760 0.240734
vt 0.598226 0.200804
vt 0.575804 0.223226
vt 0.610375 0.200806
vt 0.615733 0.200808
vt 0.617786 0.200807
vt 0.617797 0.223236
vt 0.617809 0.235375
vt 0.617815 0.240694
vt 0.617811 0.242665
vt 0.615756 0.242753
vt 0.610393 0.242791
vt 0.598238 0.242795
vt 0.575808 0.240733
vt 0.575807 0.242786
vt 0.575806 0.235375
vt 0.619442 0.223500
vt 0.621220 0.225409
vt 0.621228 0.236074
vt 0.619452 0.235442
vt 0.623088 0.230447
vt 0.623092 0.237663
vt 0.621232 0.240636
vt 0.619458 0.240635
vt 0.623094 0.240767
vt 0.617786 0.200807
vt 0.619431 0.201185
vt 0.617797 0.223236
vt 0.621212 0.203856
vt 0.623083 0.211880
vt 0.625000 0.237500
vt 0.625000 0.238664
vt 0.625000 0.239827
vt 0.625000 0.240991
vt 0.625000 0.242155
vt 0.623093 0.242170
vt 0.621230 0.242335
vt 0.619455 0.242515
vt 0.617815 0.240694
vt 0.617811 0.242665
vt 0.617809 0.235375
vt 0.598230 0.244438
vt 0.610379 0.244419
vt 0.610352 0.246189
vt 0.598217 0.246215
vt 0.615736 0.244346
vt 0.615684 0.246092
vt 0.610313 0.248065
vt 0.598205 0.248084
vt 0.615587 0.247986
vt 0.598238 0.242795
vt 0.575803 0.244431
vt 0.610393 0.242791
vt 0.615756 0.242753
vt 0.617788 0.244182
vt 0.617721 0.245844
vt 0.617570 0.247696
vt 0.615487 0.249970
vt 0.610284 0.249991
vt 0.598198 0.249999
vt 0.575792 0.248083
vt 0.575790 0.250000
vt 0.575797 0.246212
vt 0.619434 0.243905
vt 0.621216 0.243553
vt 0.621186 0.244790
vt 0.619380 0.245390
vt 0.623086 0.243173
vt 0.623074 0.244126
vt 0.621137 0.246063
vt 0.619273 0.246987
vt 0.623058 0.245080
vt 0.625000 0.242795
vt 0.625000 0.243436
vt 0.625000 0.244076
vt 0.625000 0.244717
vt 0.623039 0.246038
vt 0.621077 0.247358
vt 0.619116 0.248679
vt 0.848231 0.526769
vt 0.848237 0.514617
vt 0.860389 0.514609
vt 0.860383 0.526763
vt 0.848239 0.509257
vt 0.860388 0.509246
vt 0.865746 0.514604
vt 0.865742 0.526760
vt 0.865734 0.509240
vt 0.825801 0.549199
vt 0.825803 0.526774
vt 0.848226 0.549197
vt 0.825806 0.514625
vt 0.825808 0.509267
vt 0.825807 0.507214
vt 0.848236 0.507203
vt 0.860375 0.507191
vt 0.865694 0.507185
vt 0.867665 0.507189
vt 0.867753 0.509244
vt 0.867791 0.514607
vt 0.867795 0.526762
vt 0.865733 0.549192
vt 0.867786 0.549193
vt 0.860375 0.549194
vt 0.848500 0.505558
vt 0.850409 0.503780
vt 0.861074 0.503772
vt 0.860442 0.505548
vt 0.855447 0.501912
vt 0.862663 0.501908
vt 0.865636 0.503768
vt 0.865636 0.505542
vt 0.865767 0.501906
vt 0.825807 0.507214
vt 0.826185 0.505569
vt 0.848236 0.507203
vt 0.828856 0.503788
vt 0.836880 0.501917
vt 0.862500 0.500000
vt 0.863664 0.500000
vt 0.864827 0.500000
vt 0.865991 0.500000
vt 0.867155 0.500000
vt 0.867170 0.501907
vt 0.867335 0.503770
vt 0.867515 0.505546
vt 0.865694 0.507185
vt 0.867665 0.507189
vt 0.860375 0.507191
vt 0.869438 0.526496
vt 0.869419 0.514526
vt 0.871189 0.513887
vt 0.871215 0.524586
vt 0.869346 0.509252
vt 0.871092 0.509223
vt 0.873066 0.512311
vt 0.873085 0.519550
vt 0.872989 0.509127
vt 0.867786 0.549193
vt 0.867795 0.526762
vt 0.869431 0.548815
vt 0.869182 0.507212
vt 0.870845 0.507280
vt 0.872696 0.507433
vt 0.875000 0.507845
vt 0.875000 0.509009
vt 0.875000 0.510173
vt 0.875000 0.511336
vt 0.873084 0.538120
vt 0.875000 0.512500
vt 0.871212 0.546144
vt 0.868905 0.505566
vt 0.868553 0.503784
vt 0.869790 0.503814
vt 0.870390 0.505620
vt 0.868173 0.501914
vt 0.869126 0.501926
vt 0.871063 0.503863
vt 0.871987 0.505727
vt 0.870080 0.501942
vt 0.867795 0.500000
vt 0.868436 0.500000
vt 0.869076 0.500000
vt 0.869717 0.500000
vt 0.871038 0.501961
vt 0.872359 0.503923
vt 0.873679 0.505884
vt 0.401769 0.223231
vt 0.401763 0.235383
vt 0.389611 0.235391
vt 0.389617 0.223237
vt 0.401761 0.240743
vt 0.389612 0.240754
vt 0.384254 0.235396
vt 0.384258 0.223240
vt 0.384266 0.240760
vt 0.424199 0.200801
vt 0.424197 0.223226
vt 0.401774 0.200804
vt 0.424194 0.235375
vt 0.424192 0.240733
vt 0.424193 0.242786
vt 0.401764 0.242797
vt 0.389625 0.242809
vt 0.384306 0.242815
vt 0.382335 0.242811
vt 0.382247 0.240756
vt 0.382210 0.235393
vt 0.382205 0.223238
vt 0.384267 0.200808
vt 0.382214 0.200807
vt 0.389625 0.200806
vt 0.401774 0.244442
vt 0.401787 0.246220
vt 0.389687 0.246228
vt 0.389654 0.244452
vt 0.401799 0.248088
vt 0.389713 0.248093
vt 0.384457 0.246232
vt 0.384376 0.244458
vt 0.384519 0.248097
vt 0.424193 0.242786
vt 0.424197 0.244431
vt 0.401764 0.242797
vt 0.424203 0.246212
vt 0.424208 0.248083
vt 0.424210 0.250000
vt 0.401802 0.250001
vt 0.389716 0.250009
vt 0.384514 0.250030
vt 0.382845 0.250000
vt 0.382827 0.248093
vt 0.382665 0.246230
vt 0.382485 0.244454
vt 0.384306 0.242815
vt 0.382335 0.242811
vt 0.389625 0.242809
vt 0.380562 0.223504
vt 0.380581 0.235475
vt 0.378811 0.236113
vt 0.378785 0.225414
vt 0.380654 0.240748
vt 0.378908 0.240777
vt 0.376934 0.237689
vt 0.376915 0.230450
vt 0.377011 0.240873
vt 0.382214 0.200807
vt 0.382205 0.223238
vt 0.380569 0.201185
vt 0.382210 0.235393
vt 0.382247 0.240756
vt 0.380818 0.242788
vt 0.379156 0.242720
vt 0.377304 0.242567
vt 0.375000 0.242155
vt 0.375000 0.240991
vt 0.375000 0.239827
vt 0.375000 0.238664
vt 0.376917 0.211880
vt 0.375000 0.237500
vt 0.378788 0.203856
vt 0.381095 0.244434
vt 0.381447 0.246216
vt 0.380210 0.246186
vt 0.379610 0.244380
vt 0.381827 0.248086
vt 0.380874 0.248074
vt 0.378937 0.246137
vt 0.378013 0.244273
vt 0.379920 0.248058
vt 0.382205 0.250000
vt 0.381564 0.250000
vt 0.380924 0.250000
vt 0.380283 0.250000
vt 0.378962 0.248039
vt 0.377642 0.246077
vt 0.376321 0.244116
vt 0.401769 0.276769
vt 0.389617 0.276764
vt 0.389609 0.264611
vt 0.401763 0.264617
vt 0.384257 0.276761
vt 0.384246 0.264612
vt 0.389604 0.259254
vt 0.401760 0.259258
vt 0.384240 0.259266
vt 0.424199 0.299199
vt 0.401774 0.299197
vt 0.424197 0.276774
vt 0.389625 0.299194
vt 0.384267 0.299192
vt 0.382214 0.299193
vt 0.382203 0.276764
vt 0.382191 0.264625
vt 0.382185 0.259306
vt 0.382189 0.257335
vt 0.384244 0.257247
vt 0.389607 0.257210
vt 0.401762 0.257205
vt 0.424192 0.259267
vt 0.424193 0.257214
vt 0.424194 0.264625
vt 0.380558 0.276500
vt 0.378780 0.274591
vt 0.378772 0.263926
vt 0.380548 0.264558
vt 0.376912 0.269553
vt 0.376908 0.262337
vt 0.378768 0.259364
vt 0.380542 0.259365
vt 0.376906 0.259233
vt 0.382214 0.299193
vt 0.380569 0.298815
vt 0.382203 0.276764
vt 0.378788 0.296144
vt 0.376917 0.288120
vt 0.375000 0.262500
vt 0.375000 0.261336
vt 0.375000 0.260173
vt 0.375000 0.259009
vt 0.375000 0.257845
vt 0.376907 0.257830
vt 0.378770 0.257665
vt 0.380546 0.257485
vt 0.382185 0.259306
vt 0.382189 0.257335
vt 0.401770 0.255562
vt 0.389621 0.255581
vt 0.389648 0.253811
vt 0.401783 0.253785
vt 0.384264 0.255654
vt 0.384316 0.253908
vt 0.389687 0.251935
vt 0.401795 0.251916
vt 0.384413 0.252014
vt 0.424193 0.257214
vt 0.401762 0.257205
vt 0.424197 0.255569
vt 0.389607 0.257210
vt 0.382212 0.255818
vt 0.382279 0.254156
vt 0.382430 0.252304
vt 0.424208 0.251917
vt 0.424210 0.250000
vt 0.424203 0.253788
vt 0.380566 0.256095
vt 0.378784 0.256447
vt 0.378814 0.255210
vt 0.380620 0.254610
vt 0.376914 0.256827
vt 0.376926 0.255874
vt 0.378863 0.253937
vt 0.380727 0.253013
vt 0.376942 0.254920
vt 0.375000 0.257205
vt 0.375000 0.256564
vt 0.375000 0.255924
vt 0.375000 0.255283
vt 0.376961 0.253962
vt 0.378923 0.252642
vt 0.380884 0.251321
vt 0.151769 0.526769
vt 0.139617 0.526764
vt 0.139609 0.514611
vt 0.151763 0.514617
vt 0.134257 0.526761
vt 0.134246 0.514612
vt 0.139604 0.509254
vt 0.151760 0.509258
vt 0.134240 0.509266
vt 0.174199 0.549199
vt 0.151774 0.549197
vt 0.174197 0.526774
vt 0.139625 0.549194
vt 0.134267 0.549192
vt 0.132214 0.549193
vt 0.132203 0.526764
vt 0.132191 0.514625
vt 0.132185 0.509306
vt 0.132189 0.507335
vt 0.134244 0.507247
vt 0.139607 0.507210
vt 0.151762 0.507205
vt 0.174192 0.509267
vt 0.174193 0.507214
vt 0.174194 0.514625
vt 0.130558 0.526500
vt 0.128780 0.524591
vt 0.128772 0.513926
vt 0.130548 0.514558
vt 0.126912 0.519553
vt 0.126908 0.512337
vt 0.128768 0.509364
vt 0.130542 0.509365
vt 0.126906 0.509233
vt 0.132214 0.549193
vt 0.130569 0.548815
vt 0.128788 0.546144
vt 0.126917 0.538120
vt 0.125000 0.512500
vt 0.125000 0.511336
vt 0.125000 0.510173
vt 0.125000 0.509009
vt 0.125000 0.507845
vt 0.126907 0.507830
vt 0.128770 0.507665
vt 0.130546 0.507485
vt 0.132185 0.509306
vt 0.151496 0.505562
vt 0.139526 0.505581
vt 0.138887 0.503811
vt 0.149586 0.503785
vt 0.134252 0.505654
vt 0.134223 0.503908
vt 0.137311 0.501934
vt 0.144550 0.501916
vt 0.134127 0.502011
vt 0.174193 0.507214
vt 0.173815 0.505569
vt 0.134244 0.507247
vt 0.132212 0.505818
vt 0.132280 0.504156
vt 0.132433 0.502304
vt 0.132845 0.500000
vt 0.134009 0.500000
vt 0.135173 0.500000
vt 0.136336 0.500000
vt 0.163120 0.501917
vt 0.137500 0.500000
vt 0.171144 0.503788
vt 0.130566 0.506095
vt 0.128784 0.506447
vt 0.128814 0.505210
vt 0.130620 0.504610
vt 0.126914 0.506827
vt 0.126926 0.505874
vt 0.128863 0.503937
vt 0.130727 0.503013
vt 0.126942 0.504920
vt 0.125000 0.507205
vt 0.125000 0.506564
vt 0.125000 0.505924
vt 0.125000 0.505283
vt 0.126961 0.503962
vt 0.128923 0.502642
vt 0.130884 0.501321
vt 0.598231 0.026769
vt 0.598236 0.014617
vt 0.610389 0.014609
vt 0.610383 0.026763
vt 0.598239 0.009257
vt 0.610388 0.009246
vt 0.615746 0.014604
vt 0.615742 0.026760
vt 0.615734 0.009240
vt 0.575801 0.049199
vt 0.575804 0.026774
vt 0.598226 0.049197
vt 0.575806 0.014625
vt 0.575808 0.009267
vt 0.575807 0.007214
vt 0.598236 0.007203
vt 0.610375 0.007191
vt 0.615694 0.007185
vt 0.617665 0.007189
vt 0.617753 0.009244
vt 0.617791 0.014607
vt 0.617795 0.026762
vt 0.615733 0.049192
vt 0.617786 0.049193
vt 0.610375 0.049194
vt 0.598500 0.005558
vt 0.600409 0.003780
vt 0.611074 0.003772
vt 0.610442 0.005548
vt 0.605447 0.001912
vt 0.612663 0.001908
vt 0.615636 0.003768
vt 0.615635 0.005542
vt 0.615767 0.001906
vt 0.575807 0.007214
vt 0.576185 0.005569
vt 0.598236 0.007203
vt 0.578856 0.003788
vt 0.586880 0.001917
vt 0.612500 0.000000
vt 0.613664 0.000000
vt 0.614827 0.000000
vt 0.615991 0.000000
vt 0.617155 0.000000
vt 0.617170 0.001907
vt 0.617335 0.003770
vt 0.617515 0.005546
vt 0.615694 0.007185
vt 0.617665 0.007189
vt 0.610375 0.007191
vt 0.619438 0.026496
vt 0.619419 0.014526
vt 0.621189 0.013887
vt 0.621215 0.024586
vt 0.619346 0.009252
vt 0.621092 0.009223
vt 0.623066 0.012311
vt 0.623085 0.019550
vt 0.622989 0.009127
vt 0.619431 0.048815
vt 0.617791 0.014607
vt 0.617753 0.009244
vt 0.619182 0.007212
vt 0.620844 0.007280
vt 0.622696 0.007433
vt 0.625000 0.007845
vt 0.625000 0.009009
vt 0.625000 0.010173
vt 0.625000 0.011336
vt 0.623083 0.038120
vt 0.625000 0.012500
vt 0.621212 0.046144
vt 0.618905 0.005566
vt 0.618553 0.003784
vt 0.619790 0.003814
vt 0.620390 0.005620
vt 0.618173 0.001914
vt 0.619126 0.001926
vt 0.621063 0.003863
vt 0.621987 0.005727
vt 0.620080 0.001942
vt 0.617795 0.000000
vt 0.618436 0.000000
vt 0.619076 0.000000
vt 0.619717 0.000000
vt 0.621038 0.001961
vt 0.622359 0.003923
vt 0.623679 0.005884
vt 0.598231 0.973231
vt 0.610383 0.973237
vt 0.610391 0.985389
vt 0.598237 0.985383
vt 0.615743 0.973239
vt 0.615754 0.985388
vt 0.610396 0.990746
vt 0.598240 0.990742
vt 0.615760 0.990734
vt 0.598226 0.950804
vt 0.575804 0.973226
vt 0.610375 0.950806
vt 0.615733 0.950808
vt 0.617786 0.950807
vt 0.617797 0.973236
vt 0.617809 0.985375
vt 0.617815 0.990694
vt 0.617811 0.992665
vt 0.615756 0.992753
vt 0.610393 0.992791
vt 0.598238 0.992795
vt 0.575808 0.990733
vt 0.575807 0.992786
vt 0.575806 0.985375
vt 0.619442 0.973500
vt 0.621220 0.975409
vt 0.621228 0.986074
vt 0.619452 0.985442
vt 0.623088 0.980447
vt 0.623092 0.987663
vt 0.621232 0.990636
vt 0.619458 0.990636
vt 0.623094 0.990767
vt 0.617786 0.950807
vt 0.619431 0.951185
vt 0.617797 0.973236
vt 0.621212 0.953856
vt 0.623083 0.961880
vt 0.625000 0.987500
vt 0.625000 0.988664
vt 0.625000 0.989827
vt 0.625000 0.990991
vt 0.625000 0.992155
vt 0.623093 0.992170
vt 0.621230 0.992335
vt 0.619455 0.992515
vt 0.617815 0.990694
vt 0.617811 0.992665
vt 0.617809 0.985375
vt 0.598504 0.994438
vt 0.610475 0.994419
vt 0.611113 0.996189
vt 0.600414 0.996215
vt 0.615748 0.994346
vt 0.615777 0.996092
vt 0.612689 0.998066
vt 0.605450 0.998085
vt 0.615873 0.997989
vt 0.598238 0.992795
vt 0.576185 0.994431
vt 0.610393 0.992791
vt 0.615756 0.992753
vt 0.617788 0.994182
vt 0.617720 0.995845
vt 0.617567 0.997696
vt 0.617155 1.000000
vt 0.615991 1.000000
vt 0.614827 1.000000
vt 0.613664 1.000000
vt 0.586880 0.998084
vt 0.612500 1.000000
vt 0.578856 0.996212
vt 0.619434 0.993905
vt 0.621216 0.993553
vt 0.621186 0.994790
vt 0.619380 0.995390
vt 0.623086 0.993173
vt 0.623074 0.994126
vt 0.621137 0.996063
vt 0.619273 0.996987
vt 0.623058 0.995080
vt 0.625000 0.992795
vt 0.625000 0.993436
vt 0.625000 0.994076
vt 0.625000 0.994717
vt 0.623039 0.996038
vt 0.621077 0.997359
vt 0.619116 0.998679
vt 0.848231 0.723231
vt 0.860383 0.723237
vt 0.860391 0.735389
vt 0.848237 0.735383
vt 0.865743 0.723239
vt 0.865754 0.735388
vt 0.860396 0.740746
vt 0.848240 0.740742
vt 0.865760 0.740734
vt 0.848226 0.700804
vt 0.825803 0.723226
vt 0.860375 0.700806
vt 0.865733 0.700808
vt 0.867786 0.700807
vt 0.867797 0.723236
vt 0.867809 0.735375
vt 0.867815 0.740694
vt 0.867811 0.742665
vt 0.865756 0.742753
vt 0.860393 0.742791
vt 0.848238 0.742795
vt 0.825808 0.740733
vt 0.825807 0.742786
vt 0.825806 0.735375
vt 0.869442 0.723500
vt 0.871220 0.725409
vt 0.871228 0.736074
vt 0.869452 0.735442
vt 0.873088 0.730447
vt 0.873092 0.737663
vt 0.871232 0.740636
vt 0.869458 0.740636
vt 0.873094 0.740767
vt 0.867786 0.700807
vt 0.869431 0.701185
vt 0.867797 0.723236
vt 0.871212 0.703856
vt 0.873083 0.711880
vt 0.875000 0.737500
vt 0.875000 0.738664
vt 0.875000 0.739827
vt 0.875000 0.740991
vt 0.875000 0.742155
vt 0.873093 0.742170
vt 0.871230 0.742335
vt 0.869455 0.742515
vt 0.867815 0.740694
vt 0.867811 0.742665
vt 0.848504 0.744438
vt 0.860475 0.744419
vt 0.861113 0.746189
vt 0.850414 0.746215
vt 0.865748 0.744346
vt 0.865777 0.746092
vt 0.862689 0.748066
vt 0.855450 0.748084
vt 0.865873 0.747989
vt 0.825807 0.742786
vt 0.848238 0.742795
vt 0.826185 0.744431
vt 0.865756 0.742753
vt 0.867788 0.744182
vt 0.867720 0.745845
vt 0.867567 0.747696
vt 0.867155 0.750000
vt 0.865991 0.750000
vt 0.864827 0.750000
vt 0.863664 0.750000
vt 0.836880 0.748083
vt 0.862500 0.750000
vt 0.828856 0.746212
vt 0.869434 0.743905
vt 0.871216 0.743553
vt 0.871186 0.744790
vt 0.869380 0.745390
vt 0.873086 0.743173
vt 0.873074 0.744126
vt 0.871137 0.746063
vt 0.869273 0.746987
vt 0.873058 0.745080
vt 0.875000 0.742795
vt 0.875000 0.743436
vt 0.875000 0.744076
vt 0.875000 0.744717
vt 0.873039 0.746038
vt 0.871077 0.747359
vt 0.869116 0.748679
vt 0.151769 0.723231
vt 0.151763 0.735383
vt 0.139611 0.735391
vt 0.139617 0.723237
vt 0.151761 0.740743
vt 0.139612 0.740754
vt 0.134254 0.735396
vt 0.134258 0.723240
vt 0.134266 0.740760
vt 0.174196 0.723226
vt 0.151774 0.700804
vt 0.174194 0.735375
vt 0.174192 0.740733
vt 0.174193 0.742786
vt 0.151764 0.742797
vt 0.139625 0.742809
vt 0.134306 0.742815
vt 0.132335 0.742811
vt 0.132247 0.740756
vt 0.132209 0.735393
vt 0.132205 0.723238
vt 0.134267 0.700808
vt 0.132214 0.700807
vt 0.139625 0.700806
vt 0.151500 0.744442
vt 0.149591 0.746220
vt 0.138926 0.746228
vt 0.139558 0.744452
vt 0.144553 0.748088
vt 0.137337 0.748092
vt 0.134364 0.746232
vt 0.134365 0.744458
vt 0.134233 0.748094
vt 0.174193 0.742786
vt 0.173815 0.744431
vt 0.151764 0.742797
vt 0.171144 0.746212
vt 0.163120 0.748083
vt 0.137500 0.750000
vt 0.136336 0.750000
vt 0.135173 0.750000
vt 0.134009 0.750000
vt 0.132845 0.750000
vt 0.132830 0.748093
vt 0.132665 0.746230
vt 0.132485 0.744455
vt 0.134306 0.742815
vt 0.132335 0.742811
vt 0.139625 0.742809
vt 0.130562 0.723504
vt 0.130581 0.735475
vt 0.128811 0.736113
vt 0.128785 0.725414
vt 0.130654 0.740748
vt 0.128908 0.740777
vt 0.126934 0.737689
vt 0.126915 0.730450
vt 0.127011 0.740873
vt 0.132214 0.700807
vt 0.130569 0.701185
vt 0.132209 0.735393
vt 0.130818 0.742788
vt 0.129156 0.742720
vt 0.127304 0.742567
vt 0.125000 0.742155
vt 0.125000 0.740991
vt 0.125000 0.739827
vt 0.125000 0.738664
vt 0.126917 0.711880
vt 0.125000 0.737500
vt 0.128788 0.703856
vt 0.131095 0.744434
vt 0.131447 0.746216
vt 0.130210 0.746186
vt 0.129610 0.744380
vt 0.131827 0.748086
vt 0.130874 0.748074
vt 0.128937 0.746137
vt 0.128013 0.744273
vt 0.129920 0.748058
vt 0.132205 0.750000
vt 0.131564 0.750000
vt 0.130924 0.750000
vt 0.130283 0.750000
vt 0.128962 0.748039
vt 0.127642 0.746077
vt 0.126321 0.744116
vt 0.401769 0.973231
vt 0.401763 0.985383
vt 0.389611 0.985391
vt 0.389617 0.973237
vt 0.401761 0.990743
vt 0.389612 0.990754
vt 0.384254 0.985396
vt 0.384258 0.973240
vt 0.384266 0.990760
vt 0.424199 0.950801
vt 0.424197 0.973226
vt 0.401774 0.950804
vt 0.424194 0.985375
vt 0.424192 0.990733
vt 0.424193 0.992786
vt 0.401764 0.992797
vt 0.389625 0.992809
vt 0.384306 0.992815
vt 0.382335 0.992811
vt 0.382247 0.990756
vt 0.382210 0.985393
vt 0.382205 0.973238
vt 0.384267 0.950808
vt 0.382214 0.950807
vt 0.389625 0.950806
vt 0.401500 0.994442
vt 0.399591 0.996220
vt 0.388926 0.996228
vt 0.389559 0.994452
vt 0.394553 0.998088
vt 0.387337 0.998092
vt 0.384364 0.996232
vt 0.384365 0.994458
vt 0.384233 0.998094
vt 0.424193 0.992786
vt 0.423815 0.994431
vt 0.401764 0.992797
vt 0.421144 0.996212
vt 0.413120 0.998084
vt 0.387500 1.000000
vt 0.386336 1.000000
vt 0.385173 1.000000
vt 0.384009 1.000000
vt 0.382845 1.000000
vt 0.382830 0.998093
vt 0.382665 0.996230
vt 0.382485 0.994455
vt 0.384306 0.992815
vt 0.382335 0.992811
vt 0.389625 0.992809
vt 0.380562 0.973504
vt 0.380581 0.985475
vt 0.378811 0.986113
vt 0.378785 0.975414
vt 0.380654 0.990748
vt 0.378908 0.990777
vt 0.376934 0.987689
vt 0.376915 0.980450
vt 0.377011 0.990873
vt 0.382214 0.950807
vt 0.382205 0.973238
vt 0.380569 0.951185
vt 0.382210 0.985393
vt 0.382247 0.990756
vt 0.380818 0.992788
vt 0.379156 0.992720
vt 0.377304 0.992567
vt 0.375000 0.992155
vt 0.375000 0.990991
vt 0.375000 0.989827
vt 0.375000 0.988664
vt 0.376917 0.961880
vt 0.375000 0.987500
vt 0.378788 0.953856
vt 0.381095 0.994434
vt 0.381447 0.996216
vt 0.380210 0.996186
vt 0.379610 0.994380
vt 0.381827 0.998086
vt 0.380874 0.998074
vt 0.378937 0.996137
vt 0.378013 0.994273
vt 0.379920 0.998058
vt 0.382205 1.000000
vt 0.381564 1.000000
vt 0.380924 1.000000
vt 0.380283 1.000000
vt 0.378962 0.998039
vt 0.377642 0.996077
vt 0.376321 0.994116
vt 0.401769 0.026769
vt 0.389617 0.026763
vt 0.389609 0.014611
vt 0.401763 0.014617
vt 0.384257 0.026761
vt 0.384246 0.014612
vt 0.389604 0.009254
vt 0.401760 0.009258
vt 0.384240 0.009266
vt 0.401774 0.049197
vt 0.424197 0.026774
vt 0.389625 0.049194
vt 0.384267 0.049192
vt 0.382214 0.049193
vt 0.382203 0.026764
vt 0.382191 0.014625
vt 0.382185 0.009306
vt 0.382189 0.007335
vt 0.384244 0.007247
vt 0.389607 0.007209
vt 0.401762 0.007205
vt 0.424192 0.009267
vt 0.424193 0.007214
vt 0.424194 0.014625
vt 0.380558 0.026500
vt 0.378780 0.024591
vt 0.378772 0.013926
vt 0.380548 0.014558
vt 0.376912 0.019553
vt 0.376908 0.012337
vt 0.378768 0.009364
vt 0.380542 0.009365
vt 0.376906 0.009233
vt 0.382214 0.049193
vt 0.380569 0.048815
vt 0.382203 0.026764
vt 0.378788 0.046144
vt 0.376917 0.038120
vt 0.375000 0.012500
vt 0.375000 0.011336
vt 0.375000 0.010173
vt 0.375000 0.009009
vt 0.375000 0.007845
vt 0.376907 0.007830
vt 0.378770 0.007665
vt 0.380546 0.007485
vt 0.382185 0.009306
vt 0.382189 0.007335
vt 0.382191 0.014625
vt 0.401496 0.005562
vt 0.389526 0.005581
vt 0.388887 0.003811
vt 0.399586 0.003785
vt 0.384252 0.005654
vt 0.384223 0.003908
vt 0.387311 0.001934
vt 0.394550 0.001916
vt 0.384127 0.002011
vt 0.424193 0.007214
vt 0.401762 0.007205
vt 0.423815 0.005569
vt 0.389607 0.007209
vt 0.382212 0.005818
vt 0.382280 0.004156
vt 0.382433 0.002304
vt 0.382845 0.000000
vt 0.384009 0.000000
vt 0.385173 0.000000
vt 0.386336 0.000000
vt 0.413120 0.001917
vt 0.387500 0.000000
vt 0.421144 0.003788
vt 0.380566 0.006095
vt 0.378784 0.006447
vt 0.378814 0.005210
vt 0.380620 0.004610
vt 0.376914 0.006827
vt 0.376926 0.005874
vt 0.378863 0.003937
vt 0.380728 0.003013
vt 0.376942 0.004920
vt 0.375000 0.007205
vt 0.375000 0.006564
vt 0.375000 0.005924
vt 0.375000 0.005283
vt 0.376961 0.003962
vt 0.378923 0.002642
vt 0.380884 0.001321
vt 0.151778 0.583658
vt 0.151779 0.625000
vt 0.139633 0.625000
vt 0.139631 0.583657
vt 0.151778 0.666342
vt 0.139631 0.666343
vt 0.134277 0.625000
vt 0.134274 0.583656
vt 0.134274 0.666344
vt 0.174199 0.549199
vt 0.174201 0.583659
vt 0.151774 0.549197
vt 0.174202 0.625000
vt 0.174201 0.666341
vt 0.132222 0.666344
vt 0.132224 0.625000
vt 0.132222 0.583657
vt 0.132214 0.549193
vt 0.139625 0.549194
vt 0.130576 0.583395
vt 0.130578 0.625000
vt 0.128795 0.625000
vt 0.128793 0.581557
vt 0.130576 0.666605
vt 0.128793 0.668443
vt 0.126920 0.625000
vt 0.126919 0.576708
vt 0.126919 0.673292
vt 0.132222 0.583657
vt 0.130569 0.548815
vt 0.132224 0.625000
vt 0.132222 0.666344
vt 0.125000 0.681250
vt 0.125000 0.625000
vt 0.125000 0.568750
vt 0.128788 0.546144
vt 0.376919 0.173292
vt 0.376920 0.125000
vt 0.378795 0.125000
vt 0.378793 0.168443
vt 0.376919 0.076708
vt 0.378793 0.081557
vt 0.380578 0.125000
vt 0.380576 0.166605
vt 0.380576 0.083395
vt 0.375000 0.181250
vt 0.376917 0.211880
vt 0.375000 0.125000
vt 0.375000 0.068750
vt 0.376917 0.038120
vt 0.378788 0.046144
vt 0.380569 0.048815
vt 0.382214 0.049193
vt 0.382222 0.083657
vt 0.382224 0.125000
vt 0.382222 0.166343
vt 0.380569 0.201185
vt 0.382214 0.200807
vt 0.378788 0.203856
vt 0.384274 0.166344
vt 0.384277 0.125000
vt 0.389633 0.125000
vt 0.389631 0.166343
vt 0.384274 0.083656
vt 0.389631 0.083657
vt 0.401779 0.125000
vt 0.401778 0.166342
vt 0.401778 0.083658
vt 0.382214 0.200807
vt 0.384267 0.200808
vt 0.382222 0.083657
vt 0.382214 0.049193
vt 0.384267 0.049192
vt 0.389625 0.049194
vt 0.401774 0.049197
vt 0.424199 0.049199
vt 0.424201 0.166341
vt 0.401774 0.200804
vt 0.424199 0.200801
vt 0.389625 0.200806
vt 0.291342 0.526778
vt 0.250000 0.526779
vt 0.250000 0.514633
vt 0.291343 0.514631
vt 0.208658 0.526778
vt 0.208657 0.514631
vt 0.250000 0.509277
vt 0.291344 0.509274
vt 0.208656 0.509274
vt 0.325803 0.526774
vt 0.250000 0.549202
vt 0.208659 0.549201
vt 0.208657 0.507222
vt 0.250000 0.507224
vt 0.291344 0.507222
vt 0.325808 0.509267
vt 0.325806 0.514625
vt 0.291605 0.505576
vt 0.250000 0.505578
vt 0.250000 0.503795
vt 0.293443 0.503793
vt 0.208395 0.505576
vt 0.206557 0.503793
vt 0.250000 0.501920
vt 0.298292 0.501919
vt 0.201708 0.501919
vt 0.291344 0.507222
vt 0.326185 0.505569
vt 0.250000 0.507224
vt 0.193750 0.500000
vt 0.250000 0.500000
vt 0.306250 0.500000
vt 0.336880 0.501917
vt 0.376919 0.423292
vt 0.376920 0.375000
vt 0.378795 0.375000
vt 0.378793 0.418443
vt 0.376919 0.326708
vt 0.378793 0.331557
vt 0.380578 0.375000
vt 0.380576 0.416605
vt 0.380576 0.333395
vt 0.375000 0.431250
vt 0.376917 0.461880
vt 0.375000 0.375000
vt 0.375000 0.318750
vt 0.378788 0.296144
vt 0.382214 0.299193
vt 0.382222 0.333657
vt 0.382224 0.375000
vt 0.382222 0.416344
vt 0.380569 0.451185
vt 0.382214 0.450807
vt 0.378788 0.453856
vt 0.384274 0.416344
vt 0.384277 0.375000
vt 0.389633 0.375000
vt 0.389631 0.416343
vt 0.384274 0.333656
vt 0.389631 0.333657
vt 0.401779 0.375000
vt 0.401778 0.416342
vt 0.401778 0.333658
vt 0.382214 0.450807
vt 0.382222 0.416343
vt 0.384267 0.450808
vt 0.382224 0.375000
vt 0.382222 0.333657
vt 0.382214 0.299193
vt 0.384267 0.299192
vt 0.389625 0.299194
vt 0.401774 0.299197
vt 0.424199 0.299199
vt 0.424201 0.333659
vt 0.424202 0.375000
vt 0.424201 0.416341
vt 0.401774 0.450803
vt 0.424199 0.450801
vt 0.389625 0.450806
vt 0.541342 0.526778
vt 0.500000 0.526779
vt 0.500000 0.514633
vt 0.541343 0.514631
vt 0.458658 0.526778
vt 0.458657 0.514631
vt 0.500000 0.509277
vt 0.541344 0.509274
vt 0.458656 0.509274
vt 0.541341 0.549201
vt 0.575803 0.526774
vt 0.500000 0.549202
vt 0.458659 0.549201
vt 0.458657 0.507222
vt 0.500000 0.507224
vt 0.541343 0.507222
vt 0.575808 0.509267
vt 0.575806 0.514625
vt 0.541342 0.505576
vt 0.500000 0.505578
vt 0.500000 0.503795
vt 0.541339 0.503793
vt 0.458658 0.505576
vt 0.458661 0.503793
vt 0.500000 0.501920
vt 0.541337 0.501919
vt 0.458663 0.501919
vt 0.575803 0.505569
vt 0.458664 0.500000
vt 0.500000 0.500000
vt 0.541336 0.500000
vt 0.575792 0.501917
vt 0.575790 0.500000
vt 0.575797 0.503788
vt 0.541337 0.498081
vt 0.500000 0.498080
vt 0.500000 0.496205
vt 0.541339 0.496207
vt 0.458663 0.498081
vt 0.458661 0.496207
vt 0.500000 0.494422
vt 0.541342 0.494424
vt 0.458658 0.494424
vt 0.575792 0.498084
vt 0.424208 0.498084
vt 0.424203 0.496212
vt 0.424193 0.492786
vt 0.458657 0.492778
vt 0.500000 0.492776
vt 0.541344 0.492778
vt 0.575803 0.494431
vt 0.575797 0.496212
vt 0.541344 0.490726
vt 0.500000 0.490723
vt 0.500000 0.485367
vt 0.541343 0.485369
vt 0.458656 0.490726
vt 0.458657 0.485369
vt 0.500000 0.473221
vt 0.541342 0.473222
vt 0.458658 0.473222
vt 0.575808 0.490733
vt 0.424192 0.490733
vt 0.424194 0.485375
vt 0.424197 0.473226
vt 0.424199 0.450801
vt 0.458659 0.450799
vt 0.500000 0.450798
vt 0.541341 0.450799
vt 0.575804 0.473226
vt 0.575801 0.450801
vt 0.575806 0.485375
vt 0.458658 0.973222
vt 0.500000 0.973221
vt 0.500000 0.985368
vt 0.458657 0.985369
vt 0.541342 0.973222
vt 0.541343 0.985369
vt 0.500000 0.990724
vt 0.458656 0.990726
vt 0.541344 0.990726
vt 0.541344 0.992778
vt 0.500000 0.992776
vt 0.458657 0.992778
vt 0.424193 0.992786
vt 0.458395 0.994424
vt 0.500000 0.994422
vt 0.500000 0.996205
vt 0.456557 0.996207
vt 0.541605 0.994424
vt 0.543443 0.996207
vt 0.500000 0.998080
vt 0.451708 0.998081
vt 0.548293 0.998081
vt 0.458657 0.992778
vt 0.500000 0.992776
vt 0.541344 0.992778
vt 0.556250 1.000000
vt 0.500000 1.000000
vt 0.443750 1.000000
vt 0.413120 0.998084
vt 0.451708 0.001919
vt 0.500000 0.001920
vt 0.500000 0.003795
vt 0.456557 0.003793
vt 0.548293 0.001919
vt 0.543443 0.003793
vt 0.500000 0.005578
vt 0.458395 0.005576
vt 0.541605 0.005576
vt 0.443750 0.000000
vt 0.413120 0.001917
vt 0.500000 0.000000
vt 0.556250 0.000000
vt 0.586880 0.001917
vt 0.541344 0.007222
vt 0.500000 0.007224
vt 0.458657 0.007222
vt 0.421144 0.003788
vt 0.458656 0.009274
vt 0.500000 0.009277
vt 0.500000 0.014633
vt 0.458657 0.014631
vt 0.541344 0.009274
vt 0.541343 0.014631
vt 0.500000 0.026779
vt 0.458658 0.026778
vt 0.541342 0.026778
vt 0.424193 0.007214
vt 0.458657 0.007222
vt 0.424192 0.009267
vt 0.500000 0.007224
vt 0.575806 0.014625
vt 0.575804 0.026774
vt 0.424197 0.026774
vt 0.541342 0.776778
vt 0.500000 0.776779
vt 0.500000 0.764633
vt 0.541343 0.764631
vt 0.458658 0.776778
vt 0.458657 0.764631
vt 0.500000 0.759277
vt 0.541344 0.759274
vt 0.458656 0.759274
vt 0.541341 0.799201
vt 0.575803 0.776774
vt 0.500000 0.799202
vt 0.458659 0.799201
vt 0.458657 0.757222
vt 0.500000 0.757224
vt 0.541343 0.757222
vt 0.575808 0.759267
vt 0.575806 0.764625
vt 0.541342 0.755576
vt 0.500000 0.755578
vt 0.500000 0.753795
vt 0.541339 0.753793
vt 0.458658 0.755576
vt 0.458661 0.753793
vt 0.500000 0.751920
vt 0.541337 0.751919
vt 0.458663 0.751919
vt 0.575803 0.755569
vt 0.458664 0.750000
vt 0.500000 0.750000
vt 0.541336 0.750000
vt 0.575792 0.751917
vt 0.575797 0.753788
vt 0.541337 0.748081
vt 0.500000 0.748080
vt 0.500000 0.746205
vt 0.541339 0.746207
vt 0.458663 0.748081
vt 0.458661 0.746207
vt 0.500000 0.744422
vt 0.541342 0.744424
vt 0.458658 0.744424
vt 0.575792 0.748083
vt 0.424208 0.748083
vt 0.424203 0.746212
vt 0.424193 0.742786
vt 0.458657 0.742778
vt 0.500000 0.742776
vt 0.541344 0.742778
vt 0.575803 0.744431
vt 0.575807 0.742786
vt 0.541344 0.740726
vt 0.500000 0.740723
vt 0.500000 0.735368
vt 0.541343 0.735369
vt 0.458656 0.740726
vt 0.458657 0.735369
vt 0.500000 0.723221
vt 0.541342 0.723222
vt 0.458658 0.723222
vt 0.575808 0.740733
vt 0.424194 0.735375
vt 0.424197 0.723226
vt 0.424199 0.700801
vt 0.458659 0.700799
vt 0.575804 0.723226
vt 0.575801 0.700801
vt 0.575806 0.735375
vt 0.541342 0.276778
vt 0.500000 0.276779
vt 0.500000 0.264633
vt 0.541343 0.264631
vt 0.458658 0.276778
vt 0.458657 0.264631
vt 0.500000 0.259277
vt 0.541344 0.259274
vt 0.458656 0.259274
vt 0.541341 0.299201
vt 0.575803 0.276774
vt 0.500000 0.299202
vt 0.458659 0.299201
vt 0.458657 0.257222
vt 0.500000 0.257224
vt 0.541343 0.257222
vt 0.575808 0.259267
vt 0.575806 0.264625
vt 0.541342 0.255576
vt 0.500000 0.255578
vt 0.500000 0.253795
vt 0.541339 0.253793
vt 0.458658 0.255576
vt 0.458661 0.253793
vt 0.500000 0.251920
vt 0.541337 0.251919
vt 0.458663 0.251919
vt 0.575803 0.255569
vt 0.424197 0.255569
vt 0.424203 0.253788
vt 0.424208 0.251917
vt 0.424210 0.250000
vt 0.458664 0.250000
vt 0.500000 0.250000
vt 0.541336 0.250000
vt 0.575797 0.253788
vt 0.541337 0.248081
vt 0.500000 0.248080
vt 0.500000 0.246205
vt 0.541339 0.246207
vt 0.458663 0.248081
vt 0.458661 0.246207
vt 0.500000 0.244422
vt 0.541342 0.244424
vt 0.458658 0.244424
vt 0.575792 0.248083
vt 0.424208 0.248083
vt 0.424203 0.246212
vt 0.424197 0.244431
vt 0.424193 0.242786
vt 0.458657 0.242778
vt 0.500000 0.242776
vt 0.541344 0.242778
vt 0.575807 0.242786
vt 0.541344 0.240726
vt 0.500000 0.240723
vt 0.500000 0.235367
vt 0.541343 0.235369
vt 0.458656 0.240726
vt 0.458657 0.235369
vt 0.500000 0.223221
vt 0.541342 0.223222
vt 0.458658 0.223222
vt 0.575808 0.240733
vt 0.424192 0.240733
vt 0.424194 0.235375
vt 0.424199 0.200801
vt 0.458659 0.200799
vt 0.500000 0.200798
vt 0.575804 0.223226
vt 0.575801 0.200801
vt 0.575806 0.235375
vt 0.708658 0.723222
vt 0.750000 0.723221
vt 0.750000 0.735367
vt 0.708657 0.735369
vt 0.791342 0.723222
vt 0.791343 0.735369
vt 0.750000 0.740724
vt 0.708656 0.740726
vt 0.791344 0.740726
vt 0.791344 0.742778
vt 0.750000 0.742776
vt 0.708657 0.742778
vt 0.674192 0.740733
vt 0.674193 0.742786
vt 0.674194 0.735375
vt 0.708395 0.744424
vt 0.750000 0.744422
vt 0.750000 0.746205
vt 0.706557 0.746207
vt 0.791605 0.744424
vt 0.793443 0.746207
vt 0.750000 0.748080
vt 0.701708 0.748081
vt 0.798292 0.748081
vt 0.708657 0.742778
vt 0.673815 0.744431
vt 0.750000 0.742776
vt 0.791344 0.742778
vt 0.806250 0.750000
vt 0.750000 0.750000
vt 0.693750 0.750000
vt 0.663120 0.748083
vt 0.671144 0.746212
vt 0.623081 0.826708
vt 0.623080 0.875000
vt 0.621205 0.875000
vt 0.621207 0.831557
vt 0.623081 0.923293
vt 0.621207 0.918443
vt 0.619422 0.875000
vt 0.619424 0.833395
vt 0.619424 0.916605
vt 0.625000 0.818750
vt 0.623083 0.788120
vt 0.625000 0.875000
vt 0.625000 0.931250
vt 0.623083 0.961880
vt 0.621212 0.953856
vt 0.619431 0.951185
vt 0.617778 0.916344
vt 0.617776 0.875000
vt 0.617778 0.833657
vt 0.617786 0.799193
vt 0.621212 0.796144
vt 0.615726 0.833656
vt 0.615723 0.875000
vt 0.610368 0.875000
vt 0.610369 0.833657
vt 0.615726 0.916344
vt 0.610369 0.916343
vt 0.598221 0.875000
vt 0.598222 0.833658
vt 0.598222 0.916342
vt 0.617786 0.799193
vt 0.617778 0.833657
vt 0.615733 0.799192
vt 0.617776 0.875000
vt 0.617778 0.916344
vt 0.615733 0.950808
vt 0.610375 0.950807
vt 0.575801 0.950801
vt 0.575799 0.916341
vt 0.575798 0.875000
vt 0.598226 0.799197
vt 0.610375 0.799194
vt 0.651778 0.583658
vt 0.651779 0.625000
vt 0.639633 0.625000
vt 0.639631 0.583657
vt 0.651778 0.666342
vt 0.639631 0.666343
vt 0.634277 0.625000
vt 0.634274 0.583656
vt 0.634274 0.666344
vt 0.674199 0.549199
vt 0.674201 0.583659
vt 0.674202 0.625000
vt 0.674201 0.666341
vt 0.632222 0.666344
vt 0.632224 0.625000
vt 0.632222 0.583657
vt 0.632214 0.549193
vt 0.639625 0.549194
vt 0.630576 0.583658
vt 0.630578 0.625000
vt 0.628795 0.625000
vt 0.628793 0.583661
vt 0.630576 0.666342
vt 0.628793 0.666339
vt 0.626920 0.625000
vt 0.626919 0.583663
vt 0.626919 0.666337
vt 0.630569 0.549197
vt 0.625000 0.666336
vt 0.625000 0.625000
vt 0.625000 0.583664
vt 0.626917 0.549208
vt 0.623081 0.583663
vt 0.623080 0.625000
vt 0.621205 0.625000
vt 0.621207 0.583661
vt 0.623081 0.666337
vt 0.621207 0.666339
vt 0.619422 0.625000
vt 0.619424 0.583658
vt 0.619424 0.666342
vt 0.623083 0.700792
vt 0.619431 0.700803
vt 0.617778 0.666344
vt 0.617776 0.625000
vt 0.617778 0.583657
vt 0.619431 0.549197
vt 0.617786 0.549193
vt 0.621212 0.549203
vt 0.615726 0.583656
vt 0.615723 0.625000
vt 0.610368 0.625000
vt 0.610369 0.583657
vt 0.615726 0.666344
vt 0.610369 0.666343
vt 0.598221 0.625000
vt 0.598222 0.583658
vt 0.598222 0.666342
vt 0.615733 0.549192
vt 0.615733 0.700808
vt 0.610375 0.700806
vt 0.598226 0.700804
vt 0.575799 0.666341
vt 0.575798 0.625000
vt 0.598226 0.549196
vt 0.610375 0.549194
vt 0.208658 0.723222
vt 0.250000 0.723221
vt 0.250000 0.735367
vt 0.208657 0.735369
vt 0.291342 0.723222
vt 0.291343 0.735369
vt 0.250000 0.740724
vt 0.208656 0.740726
vt 0.291344 0.740726
vt 0.174197 0.723226
vt 0.291343 0.742778
vt 0.250000 0.742776
vt 0.208657 0.742778
vt 0.174192 0.740733
vt 0.174194 0.735375
vt 0.208395 0.744424
vt 0.250000 0.744422
vt 0.250000 0.746205
vt 0.206557 0.746207
vt 0.291605 0.744424
vt 0.293443 0.746207
vt 0.250000 0.748080
vt 0.201708 0.748081
vt 0.298292 0.748081
vt 0.208657 0.742778
vt 0.173815 0.744431
vt 0.250000 0.742776
vt 0.291344 0.742778
vt 0.306250 0.750000
vt 0.250000 0.750000
vt 0.193750 0.750000
vt 0.163120 0.748083
vt 0.171144 0.746212
vt 0.376919 0.923293
vt 0.376920 0.875000
vt 0.378795 0.875000
vt 0.378793 0.918443
vt 0.376919 0.826708
vt 0.378793 0.831557
vt 0.380578 0.875000
vt 0.380576 0.916605
vt 0.380576 0.833395
vt 0.375000 0.931250
vt 0.376917 0.961880
vt 0.375000 0.875000
vt 0.375000 0.818750
vt 0.376917 0.788120
vt 0.378788 0.796145
vt 0.380569 0.798815
vt 0.382214 0.799193
vt 0.382222 0.833657
vt 0.382224 0.875000
vt 0.382222 0.916344
vt 0.380569 0.951185
vt 0.382214 0.950807
vt 0.384274 0.916344
vt 0.384277 0.875000
vt 0.389633 0.875000
vt 0.389631 0.916343
vt 0.384274 0.833656
vt 0.389631 0.833657
vt 0.401779 0.875000
vt 0.401778 0.916342
vt 0.401778 0.833658
vt 0.382222 0.916344
vt 0.384267 0.950808
vt 0.382224 0.875000
vt 0.382222 0.833657
vt 0.382214 0.799193
vt 0.384267 0.799192
vt 0.389625 0.799194
vt 0.401774 0.799196
vt 0.424199 0.799199
vt 0.424201 0.916341
vt 0.401774 0.950804
vt 0.389625 0.950806
vt 0.848222 0.666342
vt 0.848221 0.625000
vt 0.860368 0.625000
vt 0.860369 0.666343
vt 0.848222 0.583658
vt 0.860369 0.583657
vt 0.865724 0.625000
vt 0.865726 0.666344
vt 0.865726 0.583656
vt 0.825801 0.700801
vt 0.825799 0.666341
vt 0.848226 0.700804
vt 0.825798 0.625000
vt 0.867778 0.583657
vt 0.867776 0.625000
vt 0.867778 0.666344
vt 0.865733 0.700808
vt 0.867786 0.700807
vt 0.869424 0.666605
vt 0.869422 0.625000
vt 0.871205 0.625000
vt 0.871207 0.668443
vt 0.869424 0.583395
vt 0.871207 0.581557
vt 0.873080 0.625000
vt 0.873081 0.673293
vt 0.873081 0.576708
vt 0.867778 0.666344
vt 0.869431 0.701185
vt 0.867776 0.625000
vt 0.867778 0.583657
vt 0.875000 0.568750
vt 0.875000 0.625000
vt 0.875000 0.681250
vt 0.873084 0.711880
vt 0.871212 0.703856
vt 0.623081 0.076708
vt 0.623080 0.125000
vt 0.621205 0.125000
vt 0.621207 0.081557
vt 0.623081 0.173292
vt 0.621207 0.168443
vt 0.619422 0.125000
vt 0.619424 0.083395
vt 0.619424 0.166605
vt 0.625000 0.068750
vt 0.623083 0.038120
vt 0.625000 0.125000
vt 0.625000 0.181250
vt 0.623083 0.211880
vt 0.621212 0.203856
vt 0.617786 0.200807
vt 0.617778 0.166343
vt 0.617776 0.125000
vt 0.617778 0.083657
vt 0.619431 0.048815
vt 0.617786 0.049193
vt 0.621212 0.046144
vt 0.615726 0.083656
vt 0.615723 0.125000
vt 0.610368 0.125000
vt 0.610369 0.083657
vt 0.615726 0.166344
vt 0.610369 0.166343
vt 0.598221 0.125000
vt 0.598222 0.083658
vt 0.598222 0.166342
vt 0.617786 0.049193
vt 0.617778 0.083657
vt 0.615733 0.049192
vt 0.617776 0.125000
vt 0.617778 0.166343
vt 0.615733 0.200808
vt 0.610375 0.200806
vt 0.598226 0.200804
vt 0.575799 0.166341
vt 0.575798 0.125000
vt 0.575799 0.083659
vt 0.598226 0.049197
vt 0.575801 0.049199
vt 0.791342 0.526778
vt 0.750000 0.526779
vt 0.750000 0.514633
vt 0.791343 0.514631
vt 0.708658 0.526778
vt 0.708657 0.514631
vt 0.750000 0.509277
vt 0.791344 0.509274
vt 0.708656 0.509274
vt 0.791341 0.549201
vt 0.825803 0.526774
vt 0.750000 0.549202
vt 0.708659 0.549201
vt 0.708656 0.507222
vt 0.750000 0.507224
vt 0.791344 0.507222
vt 0.825808 0.509267
vt 0.825806 0.514625
vt 0.791605 0.505576
vt 0.750000 0.505578
vt 0.750000 0.503795
vt 0.793443 0.503793
vt 0.708395 0.505576
vt 0.706557 0.503793
vt 0.750000 0.501920
vt 0.798292 0.501919
vt 0.701708 0.501919
vt 0.791343 0.507222
vt 0.750000 0.507224
vt 0.708657 0.507222
vt 0.693750 0.500000
vt 0.750000 0.500000
vt 0.806250 0.500000
vt 0.836880 0.501917
vt 0.828856 0.503788
vt 0.623081 0.326708
vt 0.623080 0.375000
vt 0.621205 0.375000
vt 0.621207 0.331557
vt 0.623081 0.423292
vt 0.621207 0.418443
vt 0.619422 0.375000
vt 0.619424 0.333395
vt 0.619424 0.416605
vt 0.625000 0.318750
vt 0.623083 0.288120
vt 0.625000 0.375000
vt 0.625000 0.431250
vt 0.623083 0.461880
vt 0.621212 0.453856
vt 0.617778 0.416344
vt 0.617776 0.375000
vt 0.617778 0.333657
vt 0.617786 0.299193
vt 0.621212 0.296144
vt 0.615726 0.333656
vt 0.615723 0.375000
vt 0.610368 0.375000
vt 0.610369 0.333657
vt 0.615726 0.416344
vt 0.610369 0.416343
vt 0.598221 0.375000
vt 0.598222 0.333658
vt 0.598222 0.416342
vt 0.617786 0.299193
vt 0.617778 0.333657
vt 0.615733 0.299192
vt 0.617776 0.375000
vt 0.617778 0.416344
vt 0.617786 0.450807
vt 0.610375 0.450806
vt 0.598226 0.450804
vt 0.575801 0.450801
vt 0.575799 0.416341
vt 0.575798 0.375000
vt 0.575799 0.333659
vt 0.598226 0.299197
vt 0.575801 0.299199
vt 0.348222 0.666342
vt 0.348221 0.625000
vt 0.360367 0.625000
vt 0.360369 0.666343
vt 0.348222 0.583658
vt 0.360369 0.583657
vt 0.365723 0.625000
vt 0.365726 0.666344
vt 0.365726 0.583656
vt 0.325801 0.700801
vt 0.325799 0.666341
vt 0.348226 0.700804
vt 0.325798 0.625000
vt 0.367778 0.583657
vt 0.367776 0.625000
vt 0.367778 0.666344
vt 0.365733 0.700808
vt 0.367786 0.700807
vt 0.360375 0.700806
vt 0.369424 0.666342
vt 0.369422 0.625000
vt 0.371205 0.625000
vt 0.371207 0.666339
vt 0.369424 0.583658
vt 0.371207 0.583661
vt 0.373080 0.625000
vt 0.373081 0.666337
vt 0.373081 0.583663
vt 0.369431 0.700803
vt 0.375000 0.583664
vt 0.375000 0.625000
vt 0.375000 0.666336
vt 0.373083 0.700792
vt 0.375000 0.700790
vt 0.371212 0.700797
vt 0.376919 0.666337
vt 0.376920 0.625000
vt 0.378795 0.625000
vt 0.378793 0.666339
vt 0.376919 0.583663
vt 0.378793 0.583661
vt 0.380578 0.625000
vt 0.380576 0.666342
vt 0.380576 0.583658
vt 0.376917 0.700792
vt 0.376917 0.549208
vt 0.378788 0.549203
vt 0.382214 0.549193
vt 0.382222 0.583657
vt 0.382224 0.625000
vt 0.382222 0.666344
vt 0.380569 0.700803
vt 0.382214 0.700807
vt 0.378788 0.700797
vt 0.384274 0.666344
vt 0.384277 0.625000
vt 0.389633 0.625000
vt 0.389631 0.666343
vt 0.384274 0.583656
vt 0.389631 0.583657
vt 0.401779 0.625000
vt 0.401778 0.666342
vt 0.401778 0.583658
vt 0.384267 0.700808
vt 0.384267 0.549192
vt 0.389625 0.549194
vt 0.401774 0.549196
vt 0.424199 0.549199
vt 0.424201 0.666341
vt 0.401774 0.700804
vt 0.389625 0.700806
vt 0.458660 0.333660
vt 0.500000 0.333660
vt 0.500000 0.375000
vt 0.458660 0.375000
vt 0.541340 0.333660
vt 0.541340 0.375000
vt 0.500000 0.416340
vt 0.458660 0.416340
vt 0.541340 0.416340
vt 0.458659 0.299201
vt 0.424201 0.333659
vt 0.500000 0.299202
vt 0.541341 0.299201
vt 0.575798 0.375000
vt 0.575799 0.416341
vt 0.500000 0.450798
vt 0.458659 0.450799
vt 0.424201 0.416341
vt 0.424199 0.450801
vt 0.424202 0.375000
s 1
f 1053/1/1053 1054/2/1054 1057/3/1057 1056/4/1056
f 1054/2/1054 1055/5/1055 1058/6/1058 1057/3/1057
f 1056/4/1056 1057/3/1057 1060/7/1060 1059/8/1059
f 1057/3/1057 1058/6/1058 1061/9/1061 1060/7/1060
f 98/10/98 890/11/890 1053/1/1053 873/12/873
f 890/11/890 889/13/889 1054/2/1054 1053/1/1053
f 889/13/889 888/14/888 1055/5/1055 1054/2/1054
f 888/14/888 20/15/20 1040/16/1040 1055/5/1055
f 1055/5/1055 1040/16/1040 1039/17/1039 1058/6/1058
f 1058/6/1058 1039/17/1039 1038/18/1038 1061/9/1061
f 1061/9/1061 1038/18/1038 60/19/60 995/20/995
f 1060/7/1060 1061/9/1061 995/20/995 994/21/994
f 1059/8/1059 1060/7/1060 994/21/994 993/22/993
f 875/23/875 1059/8/1059 993/22/993 134/24/134
f 874/25/874 1056/4/1056 1059/8/1059 875/23/875
f 873/12/873 1053/1/1053 1056/4/1056 874/25/874
f 1062/26/1062 1063/27/1063 1066/28/1066 1065/29/1065
f 1063/27/1063 1064/30/1064 1067/31/1067 1066/28/1066
f 1065/29/1065 1066/28/1066 1069/32/1069 1068/33/1068
f 1066/28/1066 1067/31/1067 1070/34/1070 1069/32/1069
f 136/35/136 932/36/932 1062/26/1062 885/37/885
f 932/36/932 931/38/931 1063/27/1063 1062/26/1062
f 931/38/931 930/39/930 1064/30/1064 1063/27/1063
f 930/39/930 115/40/115 1022/41/1022 1064/30/1064
f 1064/30/1064 1022/41/1022 1021/42/1021 1067/31/1067
f 1067/31/1067 1021/42/1021 1020/43/1020 1070/34/1070
f 1070/34/1070 1020/43/1020 78/44/78 962/45/962
f 1069/32/1069 1070/34/1070 962/45/962 961/46/961
f 1068/33/1068 1069/32/1069 961/46/961 960/47/960
f 887/48/887 1068/33/1068 960/47/960 96/49/96
f 886/50/886 1065/29/1065 1068/33/1068 887/48/887
f 885/37/885 1062/26/1062 1065/29/1065 886/50/886
f 1071/51/1071 1072/52/1072 1075/53/1075 1074/54/1074
f 1072/52/1072 1073/55/1073 1076/56/1076 1075/53/1075
f 1074/54/1074 1075/53/1075 1078/57/1078 1077/58/1077
f 1075/53/1075 1076/56/1076 1079/59/1079 1078/57/1078
f 59/60/59 935/61/935 1071/51/1071 1005/62/1005
f 935/61/935 934/63/934 1072/52/1072 1071/51/1071
f 934/63/934 933/64/933 1073/55/1073 1072/52/1072
f 933/64/933 41/65/41 977/66/977 1073/55/1073
f 1073/55/1073 977/66/977 976/67/976 1076/56/1076
f 1076/56/1076 976/67/976 975/68/975 1079/59/1079
f 1079/59/1079 975/68/975 116/69/116 920/70/920
f 1078/57/1078 1079/59/1079 920/70/920 919/71/919
f 1077/58/1077 1078/57/1078 919/71/919 918/72/918
f 1007/73/1007 1077/58/1077 918/72/918 135/74/135
f 1006/75/1006 1074/54/1074 1077/58/1077 1007/73/1007
f 1005/62/1005 1071/51/1071 1074/54/1074 1006/75/1006
f 1080/76/1080 1081/77/1081 1084/78/1084 1083/79/1083
f 1081/77/1081 1082/80/1082 1085/81/1085 1084/78/1084
f 1083/79/1083 1084/78/1084 1087/82/1087 1086/83/1086
f 1084/78/1084 1085/81/1085 1088/84/1088 1087/82/1087
f 2/85/2 1025/86/1025 1080/76/1080 978/87/978
f 1025/86/1025 1024/88/1024 1081/77/1081 1080/76/1080
f 1024/88/1024 1023/89/1023 1082/80/1082 1081/77/1081
f 1023/89/1023 79/90/79 1010/91/1010 1082/80/1082
f 1082/80/1082 1010/91/1010 1009/92/1009 1085/81/1085
f 1085/81/1085 1009/92/1009 1008/93/1008 1088/84/1088
f 1088/84/1088 1008/93/1008 117/94/117 965/95/965
f 1087/82/1087 1088/84/1088 965/95/965 964/96/964
f 1086/83/1086 1087/82/1087 964/96/964 963/97/963
f 980/98/980 1086/83/1086 963/97/963 40/99/40
f 979/100/979 1083/79/1083 1086/83/1086 980/98/980
f 978/87/978 1080/76/1080 1083/79/1083 979/100/979
f 1089/101/1089 1090/102/1090 1093/103/1093 1092/104/1092
f 1090/102/1090 1091/105/1091 1094/106/1094 1093/103/1093
f 1092/104/1092 1093/103/1093 1096/107/1096 1095/108/1095
f 1093/103/1093 1094/106/1094 1097/109/1097 1096/107/1096
f 22/110/22 905/111/905 1089/101/1089 1050/112/1050
f 905/111/905 904/113/904 1090/102/1090 1089/101/1089
f 904/113/904 903/114/903 1091/105/1091 1090/102/1090
f 903/114/903 3/115/3 992/116/992 1091/105/1091
f 1091/105/1091 992/116/992 991/117/991 1094/106/1094
f 1094/106/1094 991/117/991 990/118/990 1097/109/1097
f 1097/109/1097 990/118/990 39/119/39 947/120/947
f 1096/107/1096 1097/109/1097 947/120/947 946/121/946
f 1095/108/1095 1096/107/1096 946/121/946 945/122/945
f 1052/123/1052 1095/108/1095 945/122/945 58/124/58
f 1051/125/1051 1092/104/1092 1095/108/1095 1052/123/1052
f 1050/112/1050 1089/101/1089 1092/104/1092 1051/125/1051
f 1098/126/1098 1099/127/1099 1102/128/1102 1101/129/1101
f 1099/127/1099 1100/130/1100 1103/131/1103 1102/128/1102
f 1101/129/1101 1102/128/1102 1105/132/1105 1104/133/1104
f 1102/128/1102 1103/131/1103 1106/134/1106 1105/132/1105
f 1/135/1 156/136/156 1098/126/1098 155/137/155
f 156/136/156 157/138/157 1099/127/1099 1098/126/1098
f 157/138/157 158/139/158 1100/130/1100 1099/127/1099
f 158/139/158 4/140/4 159/141/159 1100/130/1100
f 1100/130/1100 159/141/159 160/142/160 1103/131/1103
f 1103/131/1103 160/142/160 161/143/161 1106/134/1106
f 1106/134/1106 161/143/161 7/144/7 162/145/162
f 1105/132/1105 1106/134/1106 162/145/162 163/146/163
f 1104/133/1104 1105/132/1105 163/146/163 164/147/164
f 153/148/153 1104/133/1104 164/147/164 6/149/6
f 154/150/154 1101/129/1101 1104/133/1104 153/148/153
f 155/137/155 1098/126/1098 1101/129/1101 154/150/154
f 1107/151/1107 1108/152/1108 1111/153/1111 1110/154/1110
f 1108/152/1108 1109/155/1109 1112/156/1112 1111/153/1111
f 1110/154/1110 1111/153/1111 1114/157/1114 1113/158/1113
f 1111/153/1111 1112/156/1112 1115/159/1115 1114/157/1114
f 4/160/4 165/161/165 1107/151/1107 159/162/159
f 165/161/165 166/163/166 1108/152/1108 1107/151/1107
f 166/163/166 167/164/167 1109/155/1109 1108/152/1108
f 167/164/167 5/165/5 168/166/168 1109/155/1109
f 1109/155/1109 168/166/168 169/167/169 1112/156/1112
f 1112/156/1112 169/167/169 170/168/170 1115/159/1115
f 1115/159/1115 170/168/170 8/169/8 171/170/171
f 1114/157/1114 1115/159/1115 171/170/171 172/171/172
f 1113/158/1113 1114/157/1114 172/171/172 173/172/173
f 161/173/161 1113/158/1113 173/172/173 7/174/7
f 160/142/160 1110/154/1110 1113/158/1113 161/173/161
f 159/162/159 1107/151/1107 1110/154/1110 160/142/160
f 1116/175/1116 1117/176/1117 1120/177/1120 1119/178/1119
f 1117/176/1117 1118/179/1118 1121/180/1121 1120/177/1120
f 1119/178/1119 1120/177/1120 1123/181/1123 1122/182/1122
f 1120/177/1120 1121/180/1121 1124/183/1124 1123/181/1123
f 6/149/6 164/147/164 1116/175/1116 176/184/176
f 164/147/164 163/146/163 1117/176/1117 1116/175/1116
f 163/146/163 162/145/162 1118/179/1118 1117/176/1117
f 162/145/162 7/144/7 177/185/177 1118/179/1118
f 1118/179/1118 177/185/177 178/186/178 1121/180/1121
f 1121/180/1121 178/186/178 179/187/179 1124/183/1124
f 1124/183/1124 179/187/179 19/188/19 180/189/180
f 1123/181/1123 1124/183/1124 180/189/180 181/190/181
f 1122/182/1122 1123/181/1123 181/190/181 182/191/182
f 174/192/174 1122/182/1122 182/191/182 16/193/16
f 175/194/175 1119/178/1119 1122/182/1122 174/192/174
f 176/184/176 1116/175/1116 1119/178/1119 175/194/175
f 1125/195/1125 1126/196/1126 1129/197/1129 1128/198/1128
f 1126/196/1126 1127/199/1127 1130/200/1130 1129/197/1129
f 1128/198/1128 1129/197/1129 1132/201/1132 1131/202/1131
f 1129/197/1129 1130/200/1130 1133/203/1133 1132/201/1132
f 7/174/7 173/172/173 1125/195/1125 177/204/177
f 173/172/173 172/171/172 1126/196/1126 1125/195/1125
f 172/171/172 171/170/171 1127/199/1127 1126/196/1126
f 171/170/171 8/169/8 183/205/183 1127/199/1127
f 1127/199/1127 183/205/183 184/206/184 1130/200/1130
f 1130/200/1130 184/206/184 185/207/185 1133/203/1133
f 1133/203/1133 185/207/185 9/208/9 186/209/186
f 1132/201/1132 1133/203/1133 186/209/186 187/210/187
f 1131/202/1131 1132/201/1132 187/210/187 188/211/188
f 179/187/179 1131/202/1131 188/211/188 19/212/19
f 178/213/178 1128/198/1128 1131/202/1131 179/187/179
f 177/204/177 1125/195/1125 1128/198/1128 178/213/178
f 1134/214/1134 1135/215/1135 1138/216/1138 1137/217/1137
f 1135/215/1135 1136/218/1136 1139/219/1139 1138/216/1138
f 1137/217/1137 1138/216/1138 1141/220/1141 1140/221/1140
f 1138/216/1138 1139/219/1139 1142/222/1142 1141/220/1141
f 2/85/2 192/223/192 1134/214/1134 191/224/191
f 192/223/192 193/225/193 1135/215/1135 1134/214/1134
f 193/225/193 194/226/194 1136/218/1136 1135/215/1135
f 194/226/194 10/227/10 195/228/195 1136/218/1136
f 1136/218/1136 195/228/195 196/229/196 1139/219/1139
f 1139/219/1139 196/229/196 197/230/197 1142/222/1142
f 1142/222/1142 197/230/197 13/231/13 198/232/198
f 1141/220/1141 1142/222/1142 198/232/198 199/233/199
f 1140/221/1140 1141/220/1141 199/233/199 200/234/200
f 189/235/189 1140/221/1140 200/234/200 12/236/12
f 190/237/190 1137/217/1137 1140/221/1140 189/235/189
f 191/224/191 1134/214/1134 1137/217/1137 190/237/190
f 1143/238/1143 1144/239/1144 1147/240/1147 1146/241/1146
f 1144/239/1144 1145/242/1145 1148/243/1148 1147/240/1147
f 1146/241/1146 1147/240/1147 1150/244/1150 1149/245/1149
f 1147/240/1147 1148/243/1148 1151/246/1151 1150/244/1150
f 10/227/10 201/247/201 1143/238/1143 195/228/195
f 201/247/201 202/248/202 1144/239/1144 1143/238/1143
f 202/248/202 203/249/203 1145/242/1145 1144/239/1144
f 203/249/203 11/250/11 204/251/204 1145/242/1145
f 1145/242/1145 204/251/204 205/252/205 1148/243/1148
f 1148/243/1148 205/252/205 206/253/206 1151/246/1151
f 1151/246/1151 206/253/206 14/254/14 207/255/207
f 1150/244/1150 1151/246/1151 207/255/207 208/256/208
f 1149/245/1149 1150/244/1150 208/256/208 209/257/209
f 197/230/197 1149/245/1149 209/257/209 13/231/13
f 196/229/196 1146/241/1146 1149/245/1149 197/230/197
f 195/228/195 1143/238/1143 1146/241/1146 196/229/196
f 1152/258/1152 1153/259/1153 1156/260/1156 1155/261/1155
f 1153/259/1153 1154/262/1154 1157/263/1157 1156/260/1156
f 1155/261/1155 1156/260/1156 1159/264/1159 1158/265/1158
f 1156/260/1156 1157/263/1157 1160/266/1160 1159/264/1159
f 12/267/12 200/268/200 1152/258/1152 212/269/212
f 200/268/200 199/270/199 1153/259/1153 1152/258/1152
f 199/270/199 198/271/198 1154/262/1154 1153/259/1153
f 198/271/198 13/231/13 213/272/213 1154/262/1154
f 1154/262/1154 213/272/213 214/273/214 1157/263/1157
f 1157/263/1157 214/273/214 215/274/215 1160/266/1160
f 1160/266/1160 215/274/215 8/275/8 170/276/170
f 1159/264/1159 1160/266/1160 170/276/170 169/277/169
f 1158/265/1158 1159/264/1159 169/277/169 168/278/168
f 210/279/210 1158/265/1158 168/278/168 5/280/5
f 211/281/211 1155/261/1155 1158/265/1158 210/279/210
f 212/269/212 1152/258/1152 1155/261/1155 211/281/211
f 1161/282/1161 1162/283/1162 1165/284/1165 1164/285/1164
f 1162/283/1162 1163/286/1163 1166/287/1166 1165/284/1165
f 1164/285/1164 1165/284/1165 1168/288/1168 1167/289/1167
f 1165/284/1165 1166/287/1166 1169/290/1169 1168/288/1168
f 13/231/13 209/291/209 1161/282/1161 213/272/213
f 209/291/209 208/292/208 1162/283/1162 1161/282/1161
f 208/292/208 207/255/207 1163/286/1163 1162/283/1162
f 207/255/207 14/293/14 216/294/216 1163/286/1163
f 1163/286/1163 216/294/216 217/295/217 1166/287/1166
f 1166/287/1166 217/295/217 218/296/218 1169/290/1169
f 1169/290/1169 218/296/218 9/208/9 185/297/185
f 1168/288/1168 1169/290/1169 185/297/185 184/298/184
f 1167/289/1167 1168/288/1168 184/298/184 183/299/183
f 215/274/215 1167/289/1167 183/299/183 8/275/8
f 214/273/214 1164/285/1164 1167/289/1167 215/274/215
f 213/272/213 1161/282/1161 1164/285/1164 214/273/214
f 1170/300/1170 1171/301/1171 1174/302/1174 1173/303/1173
f 1171/301/1171 1172/304/1172 1175/305/1175 1174/302/1174
f 1173/303/1173 1174/302/1174 1177/306/1177 1176/307/1176
f 1174/302/1174 1175/305/1175 1178/308/1178 1177/306/1177
f 3/115/3 222/309/222 1170/300/1170 221/310/221
f 222/309/222 223/311/223 1171/301/1171 1170/300/1170
f 223/311/223 224/312/224 1172/304/1172 1171/301/1171
f 224/312/224 15/313/15 225/314/225 1172/304/1172
f 1172/304/1172 225/314/225 226/315/226 1175/305/1175
f 1175/305/1175 226/315/226 227/316/227 1178/308/1178
f 1178/308/1178 227/316/227 18/317/18 228/318/228
f 1177/306/1177 1178/308/1178 228/318/228 229/319/229
f 1176/307/1176 1177/306/1177 229/319/229 230/320/230
f 219/321/219 1176/307/1176 230/320/230 17/322/17
f 220/323/220 1173/303/1173 1176/307/1176 219/321/219
f 221/310/221 1170/300/1170 1173/303/1173 220/323/220
f 1179/324/1179 1180/325/1180 1183/326/1183 1182/327/1182
f 1180/325/1180 1181/328/1181 1184/329/1184 1183/326/1183
f 1182/327/1182 1183/326/1183 1186/330/1186 1185/331/1185
f 1183/326/1183 1184/329/1184 1187/332/1187 1186/330/1186
f 15/313/15 231/333/231 1179/324/1179 225/314/225
f 231/333/231 232/334/232 1180/325/1180 1179/324/1179
f 232/334/232 233/335/233 1181/328/1181 1180/325/1180
f 233/335/233 16/336/16 182/337/182 1181/328/1181
f 1181/328/1181 182/337/182 181/190/181 1184/329/1184
f 1184/329/1184 181/190/181 180/338/180 1187/332/1187
f 1187/332/1187 180/338/180 19/339/19 234/340/234
f 1186/330/1186 1187/332/1187 234/340/234 235/341/235
f 1185/331/1185 1186/330/1186 235/341/235 236/342/236
f 227/316/227 1185/331/1185 236/342/236 18/317/18
f 226/315/226 1182/327/1182 1185/331/1185 227/316/227
f 225/314/225 1179/324/1179 1182/327/1182 226/315/226
f 1188/343/1188 1189/344/1189 1192/345/1192 1191/346/1191
f 1189/344/1189 1190/347/1190 1193/348/1193 1192/345/1192
f 1191/346/1191 1192/345/1192 1195/349/1195 1194/350/1194
f 1192/345/1192 1193/348/1193 1196/351/1196 1195/349/1195
f 17/322/17 230/320/230 1188/343/1188 239/352/239
f 230/320/230 229/319/229 1189/344/1189 1188/343/1188
f 229/319/229 228/318/228 1190/347/1190 1189/344/1189
f 228/318/228 18/317/18 240/353/240 1190/347/1190
f 1190/347/1190 240/353/240 241/354/241 1193/348/1193
f 1193/348/1193 241/354/241 242/355/242 1196/351/1196
f 1196/351/1196 242/355/242 14/254/14 206/356/206
f 1195/349/1195 1196/351/1196 206/356/206 205/357/205
f 1194/350/1194 1195/349/1195 205/357/205 204/251/204
f 237/358/237 1194/350/1194 204/251/204 11/359/11
f 238/360/238 1191/346/1191 1194/350/1194 237/358/237
f 239/352/239 1188/343/1188 1191/346/1191 238/360/238
f 1197/361/1197 1198/362/1198 1201/363/1201 1200/364/1200
f 1198/362/1198 1199/365/1199 1202/366/1202 1201/363/1201
f 1200/364/1200 1201/363/1201 1204/367/1204 1203/368/1203
f 1201/363/1201 1202/366/1202 1205/369/1205 1204/367/1204
f 18/317/18 236/370/236 1197/361/1197 240/353/240
f 236/370/236 235/371/235 1198/362/1198 1197/361/1197
f 235/371/235 234/340/234 1199/365/1199 1198/362/1198
f 234/340/234 19/188/19 188/211/188 1199/365/1199
f 1199/365/1199 188/211/188 187/372/187 1202/366/1202
f 1202/366/1202 187/372/187 186/209/186 1205/369/1205
f 1205/369/1205 186/209/186 9/208/9 218/373/218
f 1204/367/1204 1205/369/1205 218/373/218 217/374/217
f 1203/368/1203 1204/367/1204 217/374/217 216/375/216
f 242/376/242 1203/368/1203 216/375/216 14/254/14
f 241/377/241 1200/364/1200 1203/368/1203 242/376/242
f 240/353/240 1197/361/1197 1200/364/1200 241/377/241
f 1206/378/1206 1207/379/1207 1210/380/1210 1209/381/1209
f 1207/379/1207 1208/382/1208 1211/383/1211 1210/380/1210
f 1209/381/1209 1210/380/1210 1213/384/1213 1212/385/1212
f 1210/380/1210 1211/383/1211 1214/386/1214 1213/384/1213
f 20/15/20 246/387/246 1206/378/1206 245/388/245
f 246/387/246 247/389/247 1207/379/1207 1206/378/1206
f 247/389/247 248/390/248 1208/382/1208 1207/379/1207
f 248/390/248 23/391/23 249/392/249 1208/382/1208
f 1208/382/1208 249/392/249 250/393/250 1211/383/1211
f 1211/383/1211 250/393/250 251/394/251 1214/386/1214
f 1214/386/1214 251/394/251 26/395/26 252/396/252
f 1213/384/1213 1214/386/1214 252/396/252 253/397/253
f 1212/385/1212 1213/384/1213 253/397/253 254/398/254
f 243/399/243 1212/385/1212 254/398/254 25/400/25
f 244/401/244 1209/381/1209 1212/385/1212 243/399/243
f 245/388/245 1206/378/1206 1209/381/1209 244/401/244
f 1215/402/1215 1216/403/1216 1219/404/1219 1218/405/1218
f 1216/403/1216 1217/406/1217 1220/407/1220 1219/404/1219
f 1218/405/1218 1219/404/1219 1222/408/1222 1221/409/1221
f 1219/404/1219 1220/407/1220 1223/410/1223 1222/408/1222
f 23/411/23 255/412/255 1215/402/1215 249/413/249
f 255/412/255 256/414/256 1216/403/1216 1215/402/1215
f 256/414/256 257/415/257 1217/406/1217 1216/403/1216
f 257/415/257 24/416/24 258/417/258 1217/406/1217
f 1217/406/1217 258/417/258 259/418/259 1220/407/1220
f 1220/407/1220 259/418/259 260/419/260 1223/410/1223
f 1223/410/1223 260/419/260 27/420/27 261/421/261
f 1222/408/1222 1223/410/1223 261/421/261 262/422/262
f 1221/409/1221 1222/408/1222 262/422/262 263/423/263
f 251/424/251 1221/409/1221 263/423/263 26/395/26
f 250/425/250 1218/405/1218 1221/409/1221 251/424/251
f 249/413/249 1215/402/1215 1218/405/1218 250/425/250
f 1224/426/1224 1225/427/1225 1228/428/1228 1227/429/1227
f 1225/427/1225 1226/430/1226 1229/431/1229 1228/428/1228
f 1227/429/1227 1228/428/1228 1231/432/1231 1230/433/1230
f 1228/428/1228 1229/431/1229 1232/434/1232 1231/432/1231
f 25/400/25 254/398/254 1224/426/1224 266/435/266
f 254/398/254 253/397/253 1225/427/1225 1224/426/1224
f 253/397/253 252/396/252 1226/430/1226 1225/427/1225
f 252/396/252 26/395/26 267/436/267 1226/430/1226
f 1226/430/1226 267/436/267 268/437/268 1229/431/1229
f 1229/431/1229 268/437/268 269/438/269 1232/434/1232
f 1232/434/1232 269/438/269 38/439/38 270/440/270
f 1231/432/1231 1232/434/1232 270/440/270 271/441/271
f 1230/433/1230 1231/432/1231 271/441/271 272/442/272
f 264/443/264 1230/433/1230 272/442/272 35/444/35
f 265/445/265 1227/429/1227 1230/433/1230 264/443/264
f 266/435/266 1224/426/1224 1227/429/1227 265/445/265
f 1233/446/1233 1234/447/1234 1237/448/1237 1236/449/1236
f 1234/447/1234 1235/450/1235 1238/451/1238 1237/448/1237
f 1236/449/1236 1237/448/1237 1240/452/1240 1239/453/1239
f 1237/448/1237 1238/451/1238 1241/454/1241 1240/452/1240
f 26/395/26 263/423/263 1233/446/1233 267/455/267
f 263/423/263 262/422/262 1234/447/1234 1233/446/1233
f 262/422/262 261/421/261 1235/450/1235 1234/447/1234
f 261/421/261 27/420/27 273/456/273 1235/450/1235
f 1235/450/1235 273/456/273 274/457/274 1238/451/1238
f 1238/451/1238 274/457/274 275/458/275 1241/454/1241
f 1241/454/1241 275/458/275 28/459/28 276/460/276
f 1240/452/1240 1241/454/1241 276/460/276 277/461/277
f 1239/453/1239 1240/452/1240 277/461/277 278/462/278
f 269/463/269 1239/453/1239 278/462/278 38/464/38
f 268/465/268 1236/449/1236 1239/453/1239 269/463/269
f 267/455/267 1233/446/1233 1236/449/1236 268/465/268
f 1242/466/1242 1243/467/1243 1246/468/1246 1245/469/1245
f 1243/467/1243 1244/470/1244 1247/471/1247 1246/468/1246
f 1245/469/1245 1246/468/1246 1249/472/1249 1248/473/1248
f 1246/468/1246 1247/471/1247 1250/474/1250 1249/472/1249
f 21/475/21 282/476/282 1242/466/1242 281/477/281
f 282/476/282 283/478/283 1243/467/1243 1242/466/1242
f 283/478/283 284/479/284 1244/470/1244 1243/467/1243
f 284/479/284 29/480/29 285/481/285 1244/470/1244
f 1244/470/1244 285/481/285 286/482/286 1247/471/1247
f 1247/471/1247 286/482/286 287/483/287 1250/474/1250
f 1250/474/1250 287/483/287 32/484/32 288/485/288
f 1249/472/1249 1250/474/1250 288/485/288 289/486/289
f 1248/473/1248 1249/472/1249 289/486/289 290/487/290
f 279/488/279 1248/473/1248 290/487/290 31/489/31
f 280/490/280 1245/469/1245 1248/473/1248 279/488/279
f 281/477/281 1242/466/1242 1245/469/1245 280/490/280
f 1251/491/1251 1252/492/1252 1255/493/1255 1254/494/1254
f 1252/492/1252 1253/495/1253 1256/496/1256 1255/493/1255
f 1254/494/1254 1255/493/1255 1258/497/1258 1257/498/1257
f 1255/493/1255 1256/496/1256 1259/499/1259 1258/497/1258
f 29/480/29 291/500/291 1251/491/1251 285/481/285
f 291/500/291 292/501/292 1252/492/1252 1251/491/1251
f 292/501/292 293/502/293 1253/495/1253 1252/492/1252
f 293/502/293 30/503/30 294/504/294 1253/495/1253
f 1253/495/1253 294/504/294 295/505/295 1256/496/1256
f 1256/496/1256 295/505/295 296/506/296 1259/499/1259
f 1259/499/1259 296/506/296 33/507/33 297/508/297
f 1258/497/1258 1259/499/1259 297/508/297 298/509/298
f 1257/498/1257 1258/497/1258 298/509/298 299/510/299
f 287/483/287 1257/498/1257 299/510/299 32/484/32
f 286/482/286 1254/494/1254 1257/498/1257 287/483/287
f 285/481/285 1251/491/1251 1254/494/1254 286/482/286
f 1260/511/1260 1261/512/1261 1264/513/1264 1263/514/1263
f 1261/512/1261 1262/515/1262 1265/516/1265 1264/513/1264
f 1263/514/1263 1264/513/1264 1267/517/1267 1266/518/1266
f 1264/513/1264 1265/516/1265 1268/519/1268 1267/517/1267
f 31/520/31 290/521/290 1260/511/1260 302/522/302
f 290/521/290 289/523/289 1261/512/1261 1260/511/1260
f 289/523/289 288/524/288 1262/515/1262 1261/512/1261
f 288/524/288 32/525/32 303/526/303 1262/515/1262
f 1262/515/1262 303/526/303 304/527/304 1265/516/1265
f 1265/516/1265 304/527/304 305/528/305 1268/519/1268
f 1268/519/1268 305/528/305 27/529/27 260/530/260
f 1267/517/1267 1268/519/1268 260/530/260 259/531/259
f 1266/518/1266 1267/517/1267 259/531/259 258/532/258
f 300/533/300 1266/518/1266 258/532/258 24/534/24
f 301/535/301 1263/514/1263 1266/518/1266 300/533/300
f 302/522/302 1260/511/1260 1263/514/1263 301/535/301
f 1269/536/1269 1270/537/1270 1273/538/1273 1272/539/1272
f 1270/537/1270 1271/540/1271 1274/541/1274 1273/538/1273
f 1272/539/1272 1273/538/1273 1276/542/1276 1275/543/1275
f 1273/538/1273 1274/541/1274 1277/544/1277 1276/542/1276
f 32/525/32 299/545/299 1269/536/1269 303/526/303
f 299/545/299 298/546/298 1270/537/1270 1269/536/1269
f 298/546/298 297/547/297 1271/540/1271 1270/537/1270
f 297/547/297 33/548/33 306/549/306 1271/540/1271
f 1271/540/1271 306/549/306 307/550/307 1274/541/1274
f 1274/541/1274 307/550/307 308/551/308 1277/544/1277
f 1277/544/1277 308/551/308 28/459/28 275/552/275
f 1276/542/1276 1277/544/1277 275/552/275 274/553/274
f 1275/543/1275 1276/542/1276 274/553/274 273/554/273
f 305/528/305 1275/543/1275 273/554/273 27/529/27
f 304/527/304 1272/539/1272 1275/543/1275 305/528/305
f 303/526/303 1269/536/1269 1272/539/1272 304/527/304
f 1278/555/1278 1279/556/1279 1282/557/1282 1281/558/1281
f 1279/556/1279 1280/559/1280 1283/560/1283 1282/557/1282
f 1281/558/1281 1282/557/1282 1285/561/1285 1284/562/1284
f 1282/557/1282 1283/560/1283 1286/563/1286 1285/561/1285
f 22/110/22 312/564/312 1278/555/1278 311/565/311
f 312/564/312 313/566/313 1279/556/1279 1278/555/1278
f 313/566/313 314/567/314 1280/559/1280 1279/556/1279
f 314/567/314 34/568/34 315/569/315 1280/559/1280
f 1280/559/1280 315/569/315 316/570/316 1283/560/1283
f 1283/560/1283 316/570/316 317/571/317 1286/563/1286
f 1286/563/1286 317/571/317 37/572/37 318/573/318
f 1285/561/1285 1286/563/1286 318/573/318 319/574/319
f 1284/562/1284 1285/561/1285 319/574/319 320/575/320
f 309/576/309 1284/562/1284 320/575/320 36/577/36
f 310/578/310 1281/558/1281 1284/562/1284 309/576/309
f 311/565/311 1278/555/1278 1281/558/1281 310/578/310
f 1287/579/1287 1288/580/1288 1291/581/1291 1290/582/1290
f 1288/580/1288 1289/583/1289 1292/584/1292 1291/581/1291
f 1290/582/1290 1291/581/1291 1294/585/1294 1293/586/1293
f 1291/581/1291 1292/584/1292 1295/587/1295 1294/585/1294
f 34/568/34 321/588/321 1287/579/1287 315/569/315
f 321/588/321 322/589/322 1288/580/1288 1287/579/1287
f 322/589/322 323/590/323 1289/583/1289 1288/580/1288
f 323/590/323 35/591/35 272/442/272 1289/583/1289
f 1289/583/1289 272/442/272 271/441/271 1292/584/1292
f 1292/584/1292 271/441/271 270/592/270 1295/587/1295
f 1295/587/1295 270/592/270 38/439/38 324/593/324
f 1294/585/1294 1295/587/1295 324/593/324 325/594/325
f 1293/586/1293 1294/585/1294 325/594/325 326/595/326
f 317/571/317 1293/586/1293 326/595/326 37/572/37
f 316/570/316 1290/582/1290 1293/586/1293 317/571/317
f 315/569/315 1287/579/1287 1290/582/1290 316/570/316
f 1296/596/1296 1297/597/1297 1300/598/1300 1299/599/1299
f 1297/597/1297 1298/600/1298 1301/601/1301 1300/598/1300
f 1299/599/1299 1300/598/1300 1303/602/1303 1302/603/1302
f 1300/598/1300 1301/601/1301 1304/604/1304 1303/602/1303
f 36/577/36 320/575/320 1296/596/1296 329/605/329
f 320/575/320 319/574/319 1297/597/1297 1296/596/1296
f 319/574/319 318/573/318 1298/600/1298 1297/597/1297
f 318/573/318 37/572/37 330/606/330 1298/600/1298
f 1298/600/1298 330/606/330 331/607/331 1301/601/1301
f 1301/601/1301 331/607/331 332/608/332 1304/604/1304
f 1304/604/1304 332/608/332 33/609/33 296/506/296
f 1303/602/1303 1304/604/1304 296/506/296 295/505/295
f 1302/603/1302 1303/602/1303 295/505/295 294/610/294
f 327/611/327 1302/603/1302 294/610/294 30/612/30
f 328/613/328 1299/599/1299 1302/603/1302 327/611/327
f 329/605/329 1296/596/1296 1299/599/1299 328/613/328
f 1305/614/1305 1306/615/1306 1309/616/1309 1308/617/1308
f 1306/615/1306 1307/618/1307 1310/619/1310 1309/616/1309
f 1308/617/1308 1309/616/1309 1312/620/1312 1311/621/1311
f 1309/616/1309 1310/619/1310 1313/622/1313 1312/620/1312
f 37/623/37 326/624/326 1305/614/1305 330/625/330
f 326/624/326 325/626/325 1306/615/1306 1305/614/1305
f 325/626/325 324/627/324 1307/618/1307 1306/615/1306
f 324/627/324 38/464/38 278/628/278 1307/618/1307
f 1307/618/1307 278/628/278 277/629/277 1310/619/1310
f 1310/619/1310 277/629/277 276/460/276 1313/622/1313
f 1313/622/1313 276/460/276 28/459/28 308/630/308
f 1312/620/1312 1313/622/1313 308/630/308 307/550/307
f 1311/621/1311 1312/620/1312 307/550/307 306/549/306
f 332/631/332 1311/621/1311 306/549/306 33/632/33
f 331/633/331 1308/617/1308 1311/621/1311 332/631/332
f 330/625/330 1305/614/1305 1308/617/1308 331/633/331
f 1314/634/1314 1315/635/1315 1318/636/1318 1317/637/1317
f 1315/635/1315 1316/638/1316 1319/639/1319 1318/636/1318
f 1317/637/1317 1318/636/1318 1321/640/1321 1320/641/1320
f 1318/636/1318 1319/639/1319 1322/642/1322 1321/640/1321
f 39/119/39 336/643/336 1314/634/1314 335/644/335
f 336/643/336 337/645/337 1315/635/1315 1314/634/1314
f 337/645/337 338/646/338 1316/638/1316 1315/635/1315
f 338/646/338 42/647/42 339/648/339 1316/638/1316
f 1316/638/1316 339/648/339 340/649/340 1319/639/1319
f 1319/639/1319 340/649/340 341/650/341 1322/642/1322
f 1322/642/1322 341/650/341 45/651/45 342/652/342
f 1321/640/1321 1322/642/1322 342/652/342 343/653/343
f 1320/641/1320 1321/640/1321 343/653/343 344/654/344
f 333/655/333 1320/641/1320 344/654/344 44/656/44
f 334/657/334 1317/637/1317 1320/641/1320 333/655/333
f 335/644/335 1314/634/1314 1317/637/1317 334/657/334
f 1323/658/1323 1324/659/1324 1327/660/1327 1326/661/1326
f 1324/659/1324 1325/662/1325 1328/663/1328 1327/660/1327
f 1326/661/1326 1327/660/1327 1330/664/1330 1329/665/1329
f 1327/660/1327 1328/663/1328 1331/666/1331 1330/664/1330
f 42/647/42 345/667/345 1323/658/1323 339/648/339
f 345/667/345 346/668/346 1324/659/1324 1323/658/1323
f 346/668/346 347/669/347 1325/662/1325 1324/659/1324
f 347/669/347 43/670/43 348/671/348 1325/662/1325
f 1325/662/1325 348/671/348 349/672/349 1328/663/1328
f 1328/663/1328 349/672/349 350/673/350 1331/666/1331
f 1331/666/1331 350/673/350 46/674/46 351/675/351
f 1330/664/1330 1331/666/1331 351/675/351 352/676/352
f 1329/665/1329 1330/664/1330 352/676/352 353/677/353
f 341/650/341 1329/665/1329 353/677/353 45/651/45
f 340/649/340 1326/661/1326 1329/665/1329 341/650/341
f 339/648/339 1323/658/1323 1326/661/1326 340/649/340
f 1332/678/1332 1333/679/1333 1336/680/1336 1335/681/1335
f 1333/679/1333 1334/682/1334 1337/683/1337 1336/680/1336
f 1335/681/1335 1336/680/1336 1339/684/1339 1338/685/1338
f 1336/680/1336 1337/683/1337 1340/686/1340 1339/684/1339
f 44/656/44 344/654/344 1332/678/1332 356/687/356
f 344/654/344 343/653/343 1333/679/1333 1332/678/1332
f 343/653/343 342/652/342 1334/682/1334 1333/679/1333
f 342/652/342 45/651/45 357/688/357 1334/682/1334
f 1334/682/1334 357/688/357 358/689/358 1337/683/1337
f 1337/683/1337 358/689/358 359/690/359 1340/686/1340
f 1340/686/1340 359/690/359 57/691/57 360/692/360
f 1339/684/1339 1340/686/1340 360/692/360 361/693/361
f 1338/685/1338 1339/684/1339 361/693/361 362/694/362
f 354/695/354 1338/685/1338 362/694/362 54/696/54
f 355/697/355 1335/681/1335 1338/685/1338 354/695/354
f 356/687/356 1332/678/1332 1335/681/1335 355/697/355
f 1341/698/1341 1342/699/1342 1345/700/1345 1344/701/1344
f 1342/699/1342 1343/702/1343 1346/703/1346 1345/700/1345
f 1344/701/1344 1345/700/1345 1348/704/1348 1347/705/1347
f 1345/700/1345 1346/703/1346 1349/706/1349 1348/704/1348
f 45/707/45 353/708/353 1341/698/1341 357/709/357
f 353/708/353 352/710/352 1342/699/1342 1341/698/1341
f 352/710/352 351/711/351 1343/702/1343 1342/699/1342
f 351/711/351 46/674/46 363/712/363 1343/702/1343
f 1343/702/1343 363/712/363 364/713/364 1346/703/1346
f 1346/703/1346 364/713/364 365/714/365 1349/706/1349
f 1349/706/1349 365/714/365 47/715/47 366/716/366
f 1348/704/1348 1349/706/1349 366/716/366 367/717/367
f 1347/705/1347 1348/704/1348 367/717/367 368/718/368
f 359/719/359 1347/705/1347 368/718/368 57/720/57
f 358/721/358 1344/701/1344 1347/705/1347 359/719/359
f 357/709/357 1341/698/1341 1344/701/1344 358/721/358
f 1350/722/1350 1351/723/1351 1354/724/1354 1353/725/1353
f 1351/723/1351 1352/726/1352 1355/727/1355 1354/724/1354
f 1353/725/1353 1354/724/1354 1357/728/1357 1356/729/1356
f 1354/724/1354 1355/727/1355 1358/730/1358 1357/728/1357
f 40/99/40 372/731/372 1350/722/1350 371/732/371
f 372/731/372 373/733/373 1351/723/1351 1350/722/1350
f 373/733/373 374/734/374 1352/726/1352 1351/723/1351
f 374/734/374 48/735/48 375/736/375 1352/726/1352
f 1352/726/1352 375/736/375 376/737/376 1355/727/1355
f 1355/727/1355 376/737/376 377/738/377 1358/730/1358
f 1358/730/1358 377/738/377 51/739/51 378/740/378
f 1357/728/1357 1358/730/1358 378/740/378 379/741/379
f 1356/729/1356 1357/728/1357 379/741/379 380/742/380
f 369/743/369 1356/729/1356 380/742/380 50/744/50
f 370/745/370 1353/725/1353 1356/729/1356 369/743/369
f 371/732/371 1350/722/1350 1353/725/1353 370/745/370
f 1359/746/1359 1360/747/1360 1363/748/1363 1362/749/1362
f 1360/747/1360 1361/750/1361 1364/751/1364 1363/748/1363
f 1362/749/1362 1363/748/1363 1366/752/1366 1365/753/1365
f 1363/748/1363 1364/751/1364 1367/754/1367 1366/752/1366
f 48/755/48 381/756/381 1359/746/1359 375/757/375
f 381/756/381 382/758/382 1360/747/1360 1359/746/1359
f 382/758/382 383/759/383 1361/750/1361 1360/747/1360
f 383/759/383 49/760/49 384/761/384 1361/750/1361
f 1361/750/1361 384/761/384 385/762/385 1364/751/1364
f 1364/751/1364 385/762/385 386/763/386 1367/754/1367
f 1367/754/1367 386/763/386 52/764/52 387/765/387
f 1366/752/1366 1367/754/1367 387/765/387 388/766/388
f 1365/753/1365 1366/752/1366 388/766/388 389/767/389
f 377/768/377 1365/753/1365 389/767/389 51/769/51
f 376/770/376 1362/749/1362 1365/753/1365 377/768/377
f 375/757/375 1359/746/1359 1362/749/1362 376/770/376
f 1368/771/1368 1369/772/1369 1372/773/1372 1371/774/1371
f 1369/772/1369 1370/775/1370 1373/776/1373 1372/773/1372
f 1371/774/1371 1372/773/1372 1375/777/1375 1374/778/1374
f 1372/773/1372 1373/776/1373 1376/779/1376 1375/777/1375
f 50/744/50 380/742/380 1368/771/1368 392/780/392
f 380/742/380 379/741/379 1369/772/1369 1368/771/1368
f 379/741/379 378/740/378 1370/775/1370 1369/772/1369
f 378/740/378 51/739/51 393/781/393 1370/775/1370
f 1370/775/1370 393/781/393 394/782/394 1373/776/1373
f 1373/776/1373 394/782/394 395/783/395 1376/779/1376
f 1376/779/1376 395/783/395 46/674/46 350/784/350
f 1375/777/1375 1376/779/1376 350/784/350 349/785/349
f 1374/778/1374 1375/777/1375 349/785/349 348/671/348
f 390/786/390 1374/778/1374 348/671/348 43/670/43
f 391/787/391 1371/774/1371 1374/778/1374 390/786/390
f 392/780/392 1368/771/1368 1371/774/1371 391/787/391
f 1377/788/1377 1378/789/1378 1381/790/1381 1380/791/1380
f 1378/789/1378 1379/792/1379 1382/793/1382 1381/790/1381
f 1380/791/1380 1381/790/1381 1384/794/1384 1383/795/1383
f 1381/790/1381 1382/793/1382 1385/796/1385 1384/794/1384
f 51/769/51 389/767/389 1377/788/1377 393/797/393
f 389/767/389 388/766/388 1378/789/1378 1377/788/1377
f 388/766/388 387/765/387 1379/792/1379 1378/789/1378
f 387/765/387 52/764/52 396/798/396 1379/792/1379
f 1379/792/1379 396/798/396 397/799/397 1382/793/1382
f 1382/793/1382 397/799/397 398/800/398 1385/796/1385
f 1385/796/1385 398/800/398 47/715/47 365/714/365
f 1384/794/1384 1385/796/1385 365/714/365 364/801/364
f 1383/795/1383 1384/794/1384 364/801/364 363/802/363
f 395/803/395 1383/795/1383 363/802/363 46/804/46
f 394/805/394 1380/791/1380 1383/795/1383 395/803/395
f 393/797/393 1377/788/1377 1380/791/1380 394/805/394
f 1386/806/1386 1387/807/1387 1390/808/1390 1389/809/1389
f 1387/807/1387 1388/810/1388 1391/811/1391 1390/808/1390
f 1389/809/1389 1390/808/1390 1393/812/1393 1392/813/1392
f 1390/808/1390 1391/811/1391 1394/814/1394 1393/812/1393
f 41/815/41 402/816/402 1386/806/1386 401/817/401
f 402/816/402 403/818/403 1387/807/1387 1386/806/1386
f 403/818/403 404/819/404 1388/810/1388 1387/807/1387
f 404/819/404 53/820/53 405/821/405 1388/810/1388
f 1388/810/1388 405/821/405 406/822/406 1391/811/1391
f 1391/811/1391 406/822/406 407/823/407 1394/814/1394
f 1394/814/1394 407/823/407 56/824/56 408/825/408
f 1393/812/1393 1394/814/1394 408/825/408 409/826/409
f 1392/813/1392 1393/812/1393 409/826/409 410/827/410
f 399/828/399 1392/813/1392 410/827/410 55/829/55
f 400/830/400 1389/809/1389 1392/813/1392 399/828/399
f 401/817/401 1386/806/1386 1389/809/1389 400/830/400
f 1395/831/1395 1396/832/1396 1399/833/1399 1398/834/1398
f 1396/832/1396 1397/835/1397 1400/836/1400 1399/833/1399
f 1398/834/1398 1399/833/1399 1402/837/1402 1401/838/1401
f 1399/833/1399 1400/836/1400 1403/839/1403 1402/837/1402
f 53/820/53 411/840/411 1395/831/1395 405/821/405
f 411/840/411 412/841/412 1396/832/1396 1395/831/1395
f 412/841/412 413/842/413 1397/835/1397 1396/832/1396
f 413/842/413 54/843/54 362/844/362 1397/835/1397
f 1397/835/1397 362/844/362 361/845/361 1400/836/1400
f 1400/836/1400 361/845/361 360/846/360 1403/839/1403
f 1403/839/1403 360/846/360 57/847/57 414/848/414
f 1402/837/1402 1403/839/1403 414/848/414 415/849/415
f 1401/838/1401 1402/837/1402 415/849/415 416/850/416
f 407/823/407 1401/838/1401 416/850/416 56/824/56
f 406/822/406 1398/834/1398 1401/838/1401 407/823/407
f 405/821/405 1395/831/1395 1398/834/1398 406/822/406
f 1404/851/1404 1405/852/1405 1408/853/1408 1407/854/1407
f 1405/852/1405 1406/855/1406 1409/856/1409 1408/853/1408
f 1407/854/1407 1408/853/1408 1411/857/1411 1410/858/1410
f 1408/853/1408 1409/856/1409 1412/859/1412 1411/857/1411
f 55/829/55 410/827/410 1404/851/1404 419/860/419
f 410/827/410 409/861/409 1405/852/1405 1404/851/1404
f 409/861/409 408/862/408 1406/855/1406 1405/852/1405
f 408/862/408 56/863/56 420/864/420 1406/855/1406
f 1406/855/1406 420/864/420 421/865/421 1409/856/1409
f 1409/856/1409 421/865/421 422/866/422 1412/859/1412
f 1412/859/1412 422/866/422 52/867/52 386/868/386
f 1411/857/1411 1412/859/1412 386/868/386 385/869/385
f 1410/858/1410 1411/857/1411 385/869/385 384/870/384
f 417/871/417 1410/858/1410 384/870/384 49/872/49
f 418/873/418 1407/854/1407 1410/858/1410 417/871/417
f 419/860/419 1404/851/1404 1407/854/1407 418/873/418
f 1413/874/1413 1414/875/1414 1417/876/1417 1416/877/1416
f 1414/875/1414 1415/878/1415 1418/879/1418 1417/876/1417
f 1416/877/1416 1417/876/1417 1420/880/1420 1419/881/1419
f 1417/876/1417 1418/879/1418 1421/882/1421 1420/880/1420
f 56/863/56 416/883/416 1413/874/1413 420/864/420
f 416/883/416 415/884/415 1414/875/1414 1413/874/1413
f 415/884/415 414/885/414 1415/878/1415 1414/875/1414
f 414/885/414 57/691/57 368/886/368 1415/878/1415
f 1415/878/1415 368/886/368 367/887/367 1418/879/1418
f 1418/879/1418 367/887/367 366/888/366 1421/882/1421
f 1421/882/1421 366/888/366 47/715/47 398/889/398
f 1420/880/1420 1421/882/1421 398/889/398 397/890/397
f 1419/881/1419 1420/880/1420 397/890/397 396/891/396
f 422/866/422 1419/881/1419 396/891/396 52/867/52
f 421/865/421 1416/877/1416 1419/881/1419 422/866/422
f 420/864/420 1413/874/1413 1416/877/1416 421/865/421
f 1422/892/1422 1423/893/1423 1426/894/1426 1425/895/1425
f 1423/893/1423 1424/896/1424 1427/897/1427 1426/894/1426
f 1425/895/1425 1426/894/1426 1429/898/1429 1428/899/1428
f 1426/894/1426 1427/897/1427 1430/900/1430 1429/898/1429
f 58/901/58 426/902/426 1422/892/1422 425/903/425
f 426/902/426 427/904/427 1423/893/1423 1422/892/1422
f 427/904/427 428/905/428 1424/896/1424 1423/893/1423
f 428/905/428 61/906/61 429/907/429 1424/896/1424
f 1424/896/1424 429/907/429 430/908/430 1427/897/1427
f 1427/897/1427 430/908/430 431/909/431 1430/900/1430
f 1430/900/1430 431/909/431 64/910/64 432/911/432
f 1429/898/1429 1430/900/1430 432/911/432 433/912/433
f 1428/899/1428 1429/898/1429 433/912/433 434/913/434
f 423/914/423 1428/899/1428 434/913/434 63/915/63
f 424/916/424 1425/895/1425 1428/899/1428 423/914/423
f 425/903/425 1422/892/1422 1425/895/1425 424/916/424
f 1431/917/1431 1432/918/1432 1435/919/1435 1434/920/1434
f 1432/918/1432 1433/921/1433 1436/922/1436 1435/919/1435
f 1434/920/1434 1435/919/1435 1438/923/1438 1437/924/1437
f 1435/919/1435 1436/922/1436 1439/925/1439 1438/923/1438
f 61/906/61 435/926/435 1431/917/1431 429/907/429
f 435/926/435 436/927/436 1432/918/1432 1431/917/1431
f 436/927/436 437/928/437 1433/921/1433 1432/918/1432
f 437/928/437 62/929/62 438/930/438 1433/921/1433
f 1433/921/1433 438/930/438 439/931/439 1436/922/1436
f 1436/922/1436 439/931/439 440/932/440 1439/925/1439
f 1439/925/1439 440/932/440 65/933/65 441/934/441
f 1438/923/1438 1439/925/1439 441/934/441 442/935/442
f 1437/924/1437 1438/923/1438 442/935/442 443/936/443
f 431/909/431 1437/924/1437 443/936/443 64/910/64
f 430/908/430 1434/920/1434 1437/924/1437 431/909/431
f 429/907/429 1431/917/1431 1434/920/1434 430/908/430
f 1440/937/1440 1441/938/1441 1444/939/1444 1443/940/1443
f 1441/938/1441 1442/941/1442 1445/942/1445 1444/939/1444
f 1443/940/1443 1444/939/1444 1447/943/1447 1446/944/1446
f 1444/939/1444 1445/942/1445 1448/945/1448 1447/943/1447
f 63/915/63 434/913/434 1440/937/1440 446/946/446
f 434/913/434 433/912/433 1441/938/1441 1440/937/1440
f 433/912/433 432/911/432 1442/941/1442 1441/938/1441
f 432/911/432 64/910/64 447/947/447 1442/941/1442
f 1442/941/1442 447/947/447 448/948/448 1445/942/1445
f 1445/942/1445 448/948/448 449/949/449 1448/945/1448
f 1448/945/1448 449/949/449 76/950/76 450/951/450
f 1447/943/1447 1448/945/1448 450/951/450 451/952/451
f 1446/944/1446 1447/943/1447 451/952/451 452/953/452
f 444/954/444 1446/944/1446 452/953/452 73/955/73
f 445/956/445 1443/940/1443 1446/944/1446 444/954/444
f 446/946/446 1440/937/1440 1443/940/1443 445/956/445
f 1449/957/1449 1450/958/1450 1453/959/1453 1452/960/1452
f 1450/958/1450 1451/961/1451 1454/962/1454 1453/959/1453
f 1452/960/1452 1453/959/1453 1456/963/1456 1455/964/1455
f 1453/959/1453 1454/962/1454 1457/965/1457 1456/963/1456
f 64/966/64 443/967/443 1449/957/1449 447/968/447
f 443/967/443 442/969/442 1450/958/1450 1449/957/1449
f 442/969/442 441/970/441 1451/961/1451 1450/958/1450
f 441/970/441 65/971/65 453/972/453 1451/961/1451
f 1451/961/1451 453/972/453 454/973/454 1454/962/1454
f 1454/962/1454 454/973/454 455/974/455 1457/965/1457
f 1457/965/1457 455/974/455 66/975/66 456/976/456
f 1456/963/1456 1457/965/1457 456/976/456 457/977/457
f 1455/964/1455 1456/963/1456 457/977/457 458/978/458
f 449/979/449 1455/964/1455 458/978/458 76/980/76
f 448/981/448 1452/960/1452 1455/964/1455 449/979/449
f 447/968/447 1449/957/1449 1452/960/1452 448/981/448
f 1458/982/1458 1459/983/1459 1462/984/1462 1461/985/1461
f 1459/983/1459 1460/986/1460 1463/987/1463 1462/984/1462
f 1461/985/1461 1462/984/1462 1465/988/1465 1464/989/1464
f 1462/984/1462 1463/987/1463 1466/990/1466 1465/988/1465
f 59/991/59 462/992/462 1458/982/1458 461/993/461
f 462/992/462 463/994/463 1459/983/1459 1458/982/1458
f 463/994/463 464/995/464 1460/986/1460 1459/983/1459
f 464/995/464 67/996/67 465/997/465 1460/986/1460
f 1460/986/1460 465/997/465 466/998/466 1463/987/1463
f 1463/987/1463 466/998/466 467/999/467 1466/990/1466
f 1466/990/1466 467/999/467 70/1000/70 468/1001/468
f 1465/988/1465 1466/990/1466 468/1001/468 469/1002/469
f 1464/989/1464 1465/988/1465 469/1002/469 470/1003/470
f 459/1004/459 1464/989/1464 470/1003/470 69/1005/69
f 460/1006/460 1461/985/1461 1464/989/1464 459/1004/459
f 461/993/461 1458/982/1458 1461/985/1461 460/1006/460
f 1467/1007/1467 1468/1008/1468 1471/1009/1471 1470/1010/1470
f 1468/1008/1468 1469/1011/1469 1472/1012/1472 1471/1009/1471
f 1470/1010/1470 1471/1009/1471 1474/1013/1474 1473/1014/1473
f 1471/1009/1471 1472/1012/1472 1475/1015/1475 1474/1013/1474
f 67/1016/67 471/1017/471 1467/1007/1467 465/1018/465
f 471/1017/471 472/1019/472 1468/1008/1468 1467/1007/1467
f 472/1019/472 473/1020/473 1469/1011/1469 1468/1008/1468
f 473/1020/473 68/1021/68 474/1022/474 1469/1011/1469
f 1469/1011/1469 474/1022/474 475/1023/475 1472/1012/1472
f 1472/1012/1472 475/1023/475 476/1024/476 1475/1015/1475
f 1475/1015/1475 476/1024/476 71/1025/71 477/1026/477
f 1474/1013/1474 1475/1015/1475 477/1026/477 478/1027/478
f 1473/1014/1473 1474/1013/1474 478/1027/478 479/1028/479
f 467/1029/467 1473/1014/1473 479/1028/479 70/1030/70
f 466/1031/466 1470/1010/1470 1473/1014/1473 467/1029/467
f 465/1018/465 1467/1007/1467 1470/1010/1470 466/1031/466
f 1476/1032/1476 1477/1033/1477 1480/1034/1480 1479/1035/1479
f 1477/1033/1477 1478/1036/1478 1481/1037/1481 1480/1034/1480
f 1479/1035/1479 1480/1034/1480 1483/1038/1483 1482/1039/1482
f 1480/1034/1480 1481/1037/1481 1484/1040/1484 1483/1038/1483
f 69/1005/69 470/1003/470 1476/1032/1476 482/1041/482
f 470/1003/470 469/1002/469 1477/1033/1477 1476/1032/1476
f 469/1002/469 468/1001/468 1478/1036/1478 1477/1033/1477
f 468/1001/468 70/1000/70 483/1042/483 1478/1036/1478
f 1478/1036/1478 483/1042/483 484/1043/484 1481/1037/1481
f 1481/1037/1481 484/1043/484 485/1044/485 1484/1040/1484
f 1484/1040/1484 485/1044/485 65/971/65 440/932/440
f 1483/1038/1483 1484/1040/1484 440/932/440 439/1045/439
f 1482/1039/1482 1483/1038/1483 439/1045/439 438/1046/438
f 480/1047/480 1482/1039/1482 438/1046/438 62/1048/62
f 481/1049/481 1479/1035/1479 1482/1039/1482 480/1047/480
f 482/1041/482 1476/1032/1476 1479/1035/1479 481/1049/481
f 1485/1050/1485 1486/1051/1486 1489/1052/1489 1488/1053/1488
f 1486/1051/1486 1487/1054/1487 1490/1055/1490 1489/1052/1489
f 1488/1053/1488 1489/1052/1489 1492/1056/1492 1491/1057/1491
f 1489/1052/1489 1490/1055/1490 1493/1058/1493 1492/1056/1492
f 70/1030/70 479/1028/479 1485/1050/1485 483/1059/483
f 479/1028/479 478/1027/478 1486/1051/1486 1485/1050/1485
f 478/1027/478 477/1026/477 1487/1054/1487 1486/1051/1486
f 477/1026/477 71/1025/71 486/1060/486 1487/1054/1487
f 1487/1054/1487 486/1060/486 487/1061/487 1490/1055/1490
f 1490/1055/1490 487/1061/487 488/1062/488 1493/1058/1493
f 1493/1058/1493 488/1062/488 66/975/66 455/1063/455
f 1492/1056/1492 1493/1058/1493 455/1063/455 454/1064/454
f 1491/1057/1491 1492/1056/1492 454/1064/454 453/1065/453
f 485/1066/485 1491/1057/1491 453/1065/453 65/971/65
f 484/1067/484 1488/1053/1488 1491/1057/1491 485/1066/485
f 483/1059/483 1485/1050/1485 1488/1053/1488 484/1067/484
f 1494/1068/1494 1495/1069/1495 1498/1070/1498 1497/1071/1497
f 1495/1069/1495 1496/1072/1496 1499/1073/1499 1498/1070/1498
f 1497/1071/1497 1498/1070/1498 1501/1074/1501 1500/1075/1500
f 1498/1070/1498 1499/1073/1499 1502/1076/1502 1501/1074/1501
f 60/19/60 492/1077/492 1494/1068/1494 491/1078/491
f 492/1077/492 493/1079/493 1495/1069/1495 1494/1068/1494
f 493/1079/493 494/1080/494 1496/1072/1496 1495/1069/1495
f 494/1080/494 72/1081/72 495/1082/495 1496/1072/1496
f 1496/1072/1496 495/1082/495 496/1083/496 1499/1073/1499
f 1499/1073/1499 496/1083/496 497/1084/497 1502/1076/1502
f 1502/1076/1502 497/1084/497 75/1085/75 498/1086/498
f 1501/1074/1501 1502/1076/1502 498/1086/498 499/1087/499
f 1500/1075/1500 1501/1074/1501 499/1087/499 500/1088/500
f 489/1089/489 1500/1075/1500 500/1088/500 74/1090/74
f 490/1091/490 1497/1071/1497 1500/1075/1500 489/1089/489
f 491/1078/491 1494/1068/1494 1497/1071/1497 490/1091/490
f 1503/1092/1503 1504/1093/1504 1507/1094/1507 1506/1095/1506
f 1504/1093/1504 1505/1096/1505 1508/1097/1508 1507/1094/1507
f 1506/1095/1506 1507/1094/1507 1510/1098/1510 1509/1099/1509
f 1507/1094/1507 1508/1097/1508 1511/1100/1511 1510/1098/1510
f 72/1081/72 501/1101/501 1503/1092/1503 495/1082/495
f 501/1101/501 502/1102/502 1504/1093/1504 1503/1092/1503
f 502/1102/502 503/1103/503 1505/1096/1505 1504/1093/1504
f 503/1103/503 73/1104/73 452/1105/452 1505/1096/1505
f 1505/1096/1505 452/1105/452 451/1106/451 1508/1097/1508
f 1508/1097/1508 451/1106/451 450/1107/450 1511/1100/1511
f 1511/1100/1511 450/1107/450 76/1108/76 504/1109/504
f 1510/1098/1510 1511/1100/1511 504/1109/504 505/1110/505
f 1509/1099/1509 1510/1098/1510 505/1110/505 506/1111/506
f 497/1084/497 1509/1099/1509 506/1111/506 75/1085/75
f 496/1083/496 1506/1095/1506 1509/1099/1509 497/1084/497
f 495/1082/495 1503/1092/1503 1506/1095/1506 496/1083/496
f 1512/1112/1512 1513/1113/1513 1516/1114/1516 1515/1115/1515
f 1513/1113/1513 1514/1116/1514 1517/1117/1517 1516/1114/1516
f 1515/1115/1515 1516/1114/1516 1519/1118/1519 1518/1119/1518
f 1516/1114/1516 1517/1117/1517 1520/1120/1520 1519/1118/1519
f 74/1121/74 500/1122/500 1512/1112/1512 509/1123/509
f 500/1122/500 499/1124/499 1513/1113/1513 1512/1112/1512
f 499/1124/499 498/1125/498 1514/1116/1514 1513/1113/1513
f 498/1125/498 75/1126/75 510/1127/510 1514/1116/1514
f 1514/1116/1514 510/1127/510 511/1128/511 1517/1117/1517
f 1517/1117/1517 511/1128/511 512/1129/512 1520/1120/1520
f 1520/1120/1520 512/1129/512 71/1130/71 476/1131/476
f 1519/1118/1519 1520/1120/1520 476/1131/476 475/1132/475
f 1518/1119/1518 1519/1118/1519 475/1132/475 474/1133/474
f 507/1134/507 1518/1119/1518 474/1133/474 68/1135/68
f 508/1136/508 1515/1115/1515 1518/1119/1518 507/1134/507
f 509/1123/509 1512/1112/1512 1515/1115/1515 508/1136/508
f 1521/1137/1521 1522/1138/1522 1525/1139/1525 1524/1140/1524
f 1522/1138/1522 1523/1141/1523 1526/1142/1526 1525/1139/1525
f 1524/1140/1524 1525/1139/1525 1528/1143/1528 1527/1144/1527
f 1525/1139/1525 1526/1142/1526 1529/1145/1529 1528/1143/1528
f 75/1126/75 506/1146/506 1521/1137/1521 510/1127/510
f 506/1146/506 505/1147/505 1522/1138/1522 1521/1137/1521
f 505/1147/505 504/1148/504 1523/1141/1523 1522/1138/1522
f 504/1148/504 76/1149/76 458/978/458 1523/1141/1523
f 1523/1141/1523 458/978/458 457/1150/457 1526/1142/1526
f 1526/1142/1526 457/1150/457 456/976/456 1529/1145/1529
f 1529/1145/1529 456/976/456 66/975/66 488/1151/488
f 1528/1143/1528 1529/1145/1529 488/1151/488 487/1152/487
f 1527/1144/1527 1528/1143/1528 487/1152/487 486/1153/486
f 512/1129/512 1527/1144/1527 486/1153/486 71/1130/71
f 511/1128/511 1524/1140/1524 1527/1144/1527 512/1129/512
f 510/1127/510 1521/1137/1521 1524/1140/1524 511/1128/511
f 1530/1154/1530 1531/1155/1531 1534/1156/1534 1533/1157/1533
f 1531/1155/1531 1532/1158/1532 1535/1159/1535 1534/1156/1534
f 1533/1157/1533 1534/1156/1534 1537/1160/1537 1536/1161/1536
f 1534/1156/1534 1535/1159/1535 1538/1162/1538 1537/1160/1537
f 77/1163/77 516/1164/516 1530/1154/1530 515/1165/515
f 516/1164/516 517/1166/517 1531/1155/1531 1530/1154/1530
f 517/1166/517 518/1167/518 1532/1158/1532 1531/1155/1531
f 518/1167/518 80/1168/80 519/1169/519 1532/1158/1532
f 1532/1158/1532 519/1169/519 520/1170/520 1535/1159/1535
f 1535/1159/1535 520/1170/520 521/1171/521 1538/1162/1538
f 1538/1162/1538 521/1171/521 83/1172/83 522/1173/522
f 1537/1160/1537 1538/1162/1538 522/1173/522 523/1174/523
f 1536/1161/1536 1537/1160/1537 523/1174/523 524/1175/524
f 513/1176/513 1536/1161/1536 524/1175/524 82/1177/82
f 514/1178/514 1533/1157/1533 1536/1161/1536 513/1176/513
f 515/1165/515 1530/1154/1530 1533/1157/1533 514/1178/514
f 1539/1179/1539 1540/1180/1540 1543/1181/1543 1542/1182/1542
f 1540/1180/1540 1541/1183/1541 1544/1184/1544 1543/1181/1543
f 1542/1182/1542 1543/1181/1543 1546/1185/1546 1545/1186/1545
f 1543/1181/1543 1544/1184/1544 1547/1187/1547 1546/1185/1546
f 80/1168/80 525/1188/525 1539/1179/1539 519/1189/519
f 525/1188/525 526/1190/526 1540/1180/1540 1539/1179/1539
f 526/1190/526 527/1191/527 1541/1183/1541 1540/1180/1540
f 527/1191/527 81/1192/81 528/1193/528 1541/1183/1541
f 1541/1183/1541 528/1193/528 529/1194/529 1544/1184/1544
f 1544/1184/1544 529/1194/529 530/1195/530 1547/1187/1547
f 1547/1187/1547 530/1195/530 84/1196/84 531/1197/531
f 1546/1185/1546 1547/1187/1547 531/1197/531 532/1198/532
f 1545/1186/1545 1546/1185/1546 532/1198/532 533/1199/533
f 521/1200/521 1545/1186/1545 533/1199/533 83/1201/83
f 520/1170/520 1542/1182/1542 1545/1186/1545 521/1200/521
f 519/1189/519 1539/1179/1539 1542/1182/1542 520/1170/520
f 1548/1202/1548 1549/1203/1549 1552/1204/1552 1551/1205/1551
f 1549/1203/1549 1550/1206/1550 1553/1207/1553 1552/1204/1552
f 1551/1205/1551 1552/1204/1552 1555/1208/1555 1554/1209/1554
f 1552/1204/1552 1553/1207/1553 1556/1210/1556 1555/1208/1555
f 82/1211/82 524/1212/524 1548/1202/1548 536/1213/536
f 524/1212/524 523/1174/523 1549/1203/1549 1548/1202/1548
f 523/1174/523 522/1214/522 1550/1206/1550 1549/1203/1549
f 522/1214/522 83/1201/83 537/1215/537 1550/1206/1550
f 1550/1206/1550 537/1215/537 538/1216/538 1553/1207/1553
f 1553/1207/1553 538/1216/538 539/1217/539 1556/1210/1556
f 1556/1210/1556 539/1217/539 95/1218/95 540/1219/540
f 1555/1208/1555 1556/1210/1556 540/1219/540 541/1220/541
f 1554/1209/1554 1555/1208/1555 541/1220/541 542/1221/542
f 534/1222/534 1554/1209/1554 542/1221/542 92/1223/92
f 535/1224/535 1551/1205/1551 1554/1209/1554 534/1222/534
f 536/1213/536 1548/1202/1548 1551/1205/1551 535/1224/535
f 1557/1225/1557 1558/1226/1558 1561/1227/1561 1560/1228/1560
f 1558/1226/1558 1559/1229/1559 1562/1230/1562 1561/1227/1561
f 1560/1228/1560 1561/1227/1561 1564/1231/1564 1563/1232/1563
f 1561/1227/1561 1562/1230/1562 1565/1233/1565 1564/1231/1564
f 83/1201/83 533/1199/533 1557/1225/1557 537/1215/537
f 533/1199/533 532/1198/532 1558/1226/1558 1557/1225/1557
f 532/1198/532 531/1197/531 1559/1229/1559 1558/1226/1558
f 531/1197/531 84/1196/84 543/1234/543 1559/1229/1559
f 1559/1229/1559 543/1234/543 544/1235/544 1562/1230/1562
f 1562/1230/1562 544/1235/544 545/1236/545 1565/1233/1565
f 1565/1233/1565 545/1236/545 85/1237/85 546/1238/546
f 1564/1231/1564 1565/1233/1565 546/1238/546 547/1239/547
f 1563/1232/1563 1564/1231/1564 547/1239/547 548/1240/548
f 539/1217/539 1563/1232/1563 548/1240/548 95/1218/95
f 538/1216/538 1560/1228/1560 1563/1232/1563 539/1217/539
f 537/1215/537 1557/1225/1557 1560/1228/1560 538/1216/538
f 1566/1241/1566 1567/1242/1567 1570/1243/1570 1569/1244/1569
f 1567/1242/1567 1568/1245/1568 1571/1246/1571 1570/1243/1570
f 1569/1244/1569 1570/1243/1570 1573/1247/1573 1572/1248/1572
f 1570/1243/1570 1571/1246/1571 1574/1249/1574 1573/1247/1573
f 78/44/78 552/1250/552 1566/1241/1566 551/1251/551
f 552/1250/552 553/1252/553 1567/1242/1567 1566/1241/1566
f 553/1252/553 554/1253/554 1568/1245/1568 1567/1242/1567
f 554/1253/554 86/1254/86 555/1255/555 1568/1245/1568
f 1568/1245/1568 555/1255/555 556/1256/556 1571/1246/1571
f 1571/1246/1571 556/1256/556 557/1257/557 1574/1249/1574
f 1574/1249/1574 557/1257/557 89/1258/89 558/1259/558
f 1573/1247/1573 1574/1249/1574 558/1259/558 559/1260/559
f 1572/1248/1572 1573/1247/1573 559/1260/559 560/1261/560
f 549/1262/549 1572/1248/1572 560/1261/560 88/1263/88
f 550/1264/550 1569/1244/1569 1572/1248/1572 549/1262/549
f 551/1251/551 1566/1241/1566 1569/1244/1569 550/1264/550
f 1575/1265/1575 1576/1266/1576 1579/1267/1579 1578/1268/1578
f 1576/1266/1576 1577/1269/1577 1580/1270/1580 1579/1267/1579
f 1578/1268/1578 1579/1267/1579 1582/1271/1582 1581/1272/1581
f 1579/1267/1579 1580/1270/1580 1583/1273/1583 1582/1271/1582
f 86/1274/86 561/1275/561 1575/1265/1575 555/1276/555
f 561/1275/561 562/1277/562 1576/1266/1576 1575/1265/1575
f 562/1277/562 563/1278/563 1577/1269/1577 1576/1266/1576
f 563/1278/563 87/1279/87 564/1280/564 1577/1269/1577
f 1577/1269/1577 564/1280/564 565/1281/565 1580/1270/1580
f 1580/1270/1580 565/1281/565 566/1282/566 1583/1273/1583
f 1583/1273/1583 566/1282/566 90/1283/90 567/1284/567
f 1582/1271/1582 1583/1273/1583 567/1284/567 568/1285/568
f 1581/1272/1581 1582/1271/1582 568/1285/568 569/1286/569
f 557/1287/557 1581/1272/1581 569/1286/569 89/1288/89
f 556/1289/556 1578/1268/1578 1581/1272/1581 557/1287/557
f 555/1276/555 1575/1265/1575 1578/1268/1578 556/1289/556
f 1584/1290/1584 1585/1291/1585 1588/1292/1588 1587/1293/1587
f 1585/1291/1585 1586/1294/1586 1589/1295/1589 1588/1292/1588
f 1587/1293/1587 1588/1292/1588 1591/1296/1591 1590/1297/1590
f 1588/1292/1588 1589/1295/1589 1592/1298/1592 1591/1296/1591
f 88/1263/88 560/1299/560 1584/1290/1584 572/1300/572
f 560/1299/560 559/1301/559 1585/1291/1585 1584/1290/1584
f 559/1301/559 558/1302/558 1586/1294/1586 1585/1291/1585
f 558/1302/558 89/1288/89 573/1303/573 1586/1294/1586
f 1586/1294/1586 573/1303/573 574/1304/574 1589/1295/1589
f 1589/1295/1589 574/1304/574 575/1305/575 1592/1298/1592
f 1592/1298/1592 575/1305/575 84/1196/84 530/1306/530
f 1591/1296/1591 1592/1298/1592 530/1306/530 529/1307/529
f 1590/1297/1590 1591/1296/1591 529/1307/529 528/1308/528
f 570/1309/570 1590/1297/1590 528/1308/528 81/1310/81
f 571/1311/571 1587/1293/1587 1590/1297/1590 570/1309/570
f 572/1300/572 1584/1290/1584 1587/1293/1587 571/1311/571
f 1593/1312/1593 1594/1313/1594 1597/1314/1597 1596/1315/1596
f 1594/1313/1594 1595/1316/1595 1598/1317/1598 1597/1314/1597
f 1596/1315/1596 1597/1314/1597 1600/1318/1600 1599/1319/1599
f 1597/1314/1597 1598/1317/1598 1601/1320/1601 1600/1318/1600
f 89/1288/89 569/1286/569 1593/1312/1593 573/1303/573
f 569/1286/569 568/1285/568 1594/1313/1594 1593/1312/1593
f 568/1285/568 567/1284/567 1595/1316/1595 1594/1313/1594
f 567/1284/567 90/1283/90 576/1321/576 1595/1316/1595
f 1595/1316/1595 576/1321/576 577/1322/577 1598/1317/1598
f 1598/1317/1598 577/1322/577 578/1323/578 1601/1320/1601
f 1601/1320/1601 578/1323/578 85/1324/85 545/1325/545
f 1600/1318/1600 1601/1320/1601 545/1325/545 544/1326/544
f 1599/1319/1599 1600/1318/1600 544/1326/544 543/1327/543
f 575/1305/575 1599/1319/1599 543/1327/543 84/1196/84
f 574/1304/574 1596/1315/1596 1599/1319/1599 575/1305/575
f 573/1303/573 1593/1312/1593 1596/1315/1596 574/1304/574
f 1602/1328/1602 1603/1329/1603 1606/1330/1606 1605/1331/1605
f 1603/1329/1603 1604/1332/1604 1607/1333/1607 1606/1330/1606
f 1605/1331/1605 1606/1330/1606 1609/1334/1609 1608/1335/1608
f 1606/1330/1606 1607/1333/1607 1610/1336/1610 1609/1334/1609
f 79/1337/79 582/1338/582 1602/1328/1602 581/1339/581
f 582/1338/582 583/1340/583 1603/1329/1603 1602/1328/1602
f 583/1340/583 584/1341/584 1604/1332/1604 1603/1329/1603
f 584/1341/584 91/1342/91 585/1343/585 1604/1332/1604
f 1604/1332/1604 585/1343/585 586/1344/586 1607/1333/1607
f 1607/1333/1607 586/1344/586 587/1345/587 1610/1336/1610
f 1610/1336/1610 587/1345/587 94/1346/94 588/1347/588
f 1609/1334/1609 1610/1336/1610 588/1347/588 589/1348/589
f 1608/1335/1608 1609/1334/1609 589/1348/589 590/1349/590
f 579/1350/579 1608/1335/1608 590/1349/590 93/1351/93
f 580/1352/580 1605/1331/1605 1608/1335/1608 579/1350/579
f 581/1339/581 1602/1328/1602 1605/1331/1605 580/1352/580
f 1611/1353/1611 1612/1354/1612 1615/1355/1615 1614/1356/1614
f 1612/1354/1612 1613/1357/1613 1616/1358/1616 1615/1355/1615
f 1614/1356/1614 1615/1355/1615 1618/1359/1618 1617/1360/1617
f 1615/1355/1615 1616/1358/1616 1619/1361/1619 1618/1359/1618
f 91/1362/91 591/1363/591 1611/1353/1611 585/1364/585
f 591/1363/591 592/1365/592 1612/1354/1612 1611/1353/1611
f 592/1365/592 593/1366/593 1613/1357/1613 1612/1354/1612
f 593/1366/593 92/1367/92 542/1368/542 1613/1357/1613
f 1613/1357/1613 542/1368/542 541/1369/541 1616/1358/1616
f 1616/1358/1616 541/1369/541 540/1370/540 1619/1361/1619
f 1619/1361/1619 540/1370/540 95/1371/95 594/1372/594
f 1618/1359/1618 1619/1361/1619 594/1372/594 595/1373/595
f 1617/1360/1617 1618/1359/1618 595/1373/595 596/1374/596
f 587/1375/587 1617/1360/1617 596/1374/596 94/1376/94
f 586/1377/586 1614/1356/1614 1617/1360/1617 587/1375/587
f 585/1364/585 1611/1353/1611 1614/1356/1614 586/1377/586
f 1620/1378/1620 1621/1379/1621 1624/1380/1624 1623/1381/1623
f 1621/1379/1621 1622/1382/1622 1625/1383/1625 1624/1380/1624
f 1623/1381/1623 1624/1380/1624 1627/1384/1627 1626/1385/1626
f 1624/1380/1624 1625/1383/1625 1628/1386/1628 1627/1384/1627
f 93/1387/93 590/1388/590 1620/1378/1620 599/1389/599
f 590/1388/590 589/1348/589 1621/1379/1621 1620/1378/1620
f 589/1348/589 588/1347/588 1622/1382/1622 1621/1379/1621
f 588/1347/588 94/1376/94 600/1390/600 1622/1382/1622
f 1622/1382/1622 600/1390/600 601/1391/601 1625/1383/1625
f 1625/1383/1625 601/1391/601 602/1392/602 1628/1386/1628
f 1628/1386/1628 602/1392/602 90/1393/90 566/1394/566
f 1627/1384/1627 1628/1386/1628 566/1394/566 565/1395/565
f 1626/1385/1626 1627/1384/1627 565/1395/565 564/1396/564
f 597/1397/597 1626/1385/1626 564/1396/564 87/1398/87
f 598/1399/598 1623/1381/1623 1626/1385/1626 597/1397/597
f 599/1389/599 1620/1378/1620 1623/1381/1623 598/1399/598
f 1629/1400/1629 1630/1401/1630 1633/1402/1633 1632/1403/1632
f 1630/1401/1630 1631/1404/1631 1634/1405/1634 1633/1402/1633
f 1632/1403/1632 1633/1402/1633 1636/1406/1636 1635/1407/1635
f 1633/1402/1633 1634/1405/1634 1637/1408/1637 1636/1406/1636
f 94/1376/94 596/1374/596 1629/1400/1629 600/1390/600
f 596/1374/596 595/1373/595 1630/1401/1630 1629/1400/1629
f 595/1373/595 594/1372/594 1631/1404/1631 1630/1401/1630
f 594/1372/594 95/1371/95 548/1409/548 1631/1404/1631
f 1631/1404/1631 548/1409/548 547/1410/547 1634/1405/1634
f 1634/1405/1634 547/1410/547 546/1411/546 1637/1408/1637
f 1637/1408/1637 546/1411/546 85/1412/85 578/1413/578
f 1636/1406/1636 1637/1408/1637 578/1413/578 577/1414/577
f 1635/1407/1635 1636/1406/1636 577/1414/577 576/1415/576
f 602/1392/602 1635/1407/1635 576/1415/576 90/1393/90
f 601/1391/601 1632/1403/1632 1635/1407/1635 602/1392/602
f 600/1390/600 1629/1400/1629 1632/1403/1632 601/1391/601
f 1638/1416/1638 1639/1417/1639 1642/1418/1642 1641/1419/1641
f 1639/1417/1639 1640/1420/1640 1643/1421/1643 1642/1418/1642
f 1641/1419/1641 1642/1418/1642 1645/1422/1645 1644/1423/1644
f 1642/1418/1642 1643/1421/1643 1646/1424/1646 1645/1422/1645
f 96/1425/96 606/1426/606 1638/1416/1638 605/1427/605
f 606/1426/606 607/1428/607 1639/1417/1639 1638/1416/1638
f 607/1428/607 608/1429/608 1640/1420/1640 1639/1417/1639
f 608/1429/608 99/1430/99 609/1431/609 1640/1420/1640
f 1640/1420/1640 609/1431/609 610/1432/610 1643/1421/1643
f 1643/1421/1643 610/1432/610 611/1433/611 1646/1424/1646
f 1646/1424/1646 611/1433/611 102/1434/102 612/1435/612
f 1645/1422/1645 1646/1424/1646 612/1435/612 613/1436/613
f 1644/1423/1644 1645/1422/1645 613/1436/613 614/1437/614
f 603/1438/603 1644/1423/1644 614/1437/614 101/1439/101
f 604/1440/604 1641/1419/1641 1644/1423/1644 603/1438/603
f 605/1427/605 1638/1416/1638 1641/1419/1641 604/1440/604
f 1647/1441/1647 1648/1442/1648 1651/1443/1651 1650/1444/1650
f 1648/1442/1648 1649/1445/1649 1652/1446/1652 1651/1443/1651
f 1650/1444/1650 1651/1443/1651 1654/1447/1654 1653/1448/1653
f 1651/1443/1651 1652/1446/1652 1655/1449/1655 1654/1447/1654
f 99/1450/99 615/1451/615 1647/1441/1647 609/1452/609
f 615/1451/615 616/1453/616 1648/1442/1648 1647/1441/1647
f 616/1453/616 617/1454/617 1649/1445/1649 1648/1442/1648
f 617/1454/617 100/1455/100 618/1456/618 1649/1445/1649
f 1649/1445/1649 618/1456/618 619/1457/619 1652/1446/1652
f 1652/1446/1652 619/1457/619 620/1458/620 1655/1449/1655
f 1655/1449/1655 620/1458/620 103/1459/103 621/1460/621
f 1654/1447/1654 1655/1449/1655 621/1460/621 622/1461/622
f 1653/1448/1653 1654/1447/1654 622/1461/622 623/1462/623
f 611/1463/611 1653/1448/1653 623/1462/623 102/1464/102
f 610/1465/610 1650/1444/1650 1653/1448/1653 611/1463/611
f 609/1452/609 1647/1441/1647 1650/1444/1650 610/1465/610
f 1656/1466/1656 1657/1467/1657 1660/1468/1660 1659/1469/1659
f 1657/1467/1657 1658/1470/1658 1661/1471/1661 1660/1468/1660
f 1659/1469/1659 1660/1468/1660 1663/1472/1663 1662/1473/1662
f 1660/1468/1660 1661/1471/1661 1664/1474/1664 1663/1472/1663
f 101/1475/101 614/1476/614 1656/1466/1656 626/1477/626
f 614/1476/614 613/1478/613 1657/1467/1657 1656/1466/1656
f 613/1478/613 612/1479/612 1658/1470/1658 1657/1467/1657
f 612/1479/612 102/1464/102 627/1480/627 1658/1470/1658
f 1658/1470/1658 627/1480/627 628/1481/628 1661/1471/1661
f 1661/1471/1661 628/1481/628 629/1482/629 1664/1474/1664
f 1664/1474/1664 629/1482/629 114/1483/114 630/1484/630
f 1663/1472/1663 1664/1474/1664 630/1484/630 631/1485/631
f 1662/1473/1662 1663/1472/1663 631/1485/631 632/1486/632
f 624/1487/624 1662/1473/1662 632/1486/632 111/1488/111
f 625/1489/625 1659/1469/1659 1662/1473/1662 624/1487/624
f 626/1477/626 1656/1466/1656 1659/1469/1659 625/1489/625
f 1665/1490/1665 1666/1491/1666 1669/1492/1669 1668/1493/1668
f 1666/1491/1666 1667/1494/1667 1670/1495/1670 1669/1492/1669
f 1668/1493/1668 1669/1492/1669 1672/1496/1672 1671/1497/1671
f 1669/1492/1669 1670/1495/1670 1673/1498/1673 1672/1496/1672
f 102/1464/102 623/1462/623 1665/1490/1665 627/1480/627
f 623/1462/623 622/1461/622 1666/1491/1666 1665/1490/1665
f 622/1461/622 621/1460/621 1667/1494/1667 1666/1491/1666
f 621/1460/621 103/1459/103 633/1499/633 1667/1494/1667
f 1667/1494/1667 633/1499/633 634/1500/634 1670/1495/1670
f 1670/1495/1670 634/1500/634 635/1501/635 1673/1498/1673
f 1673/1498/1673 635/1501/635 104/1502/104 636/1503/636
f 1672/1496/1672 1673/1498/1673 636/1503/636 637/1504/637
f 1671/1497/1671 1672/1496/1672 637/1504/637 638/1505/638
f 629/1482/629 1671/1497/1671 638/1505/638 114/1483/114
f 628/1481/628 1668/1493/1668 1671/1497/1671 629/1482/629
f 627/1480/627 1665/1490/1665 1668/1493/1668 628/1481/628
f 1674/1506/1674 1675/1507/1675 1678/1508/1678 1677/1509/1677
f 1675/1507/1675 1676/1510/1676 1679/1511/1679 1678/1508/1678
f 1677/1509/1677 1678/1508/1678 1681/1512/1681 1680/1513/1680
f 1678/1508/1678 1679/1511/1679 1682/1514/1682 1681/1512/1681
f 97/1515/97 642/1516/642 1674/1506/1674 641/1517/641
f 642/1516/642 643/1518/643 1675/1507/1675 1674/1506/1674
f 643/1518/643 644/1519/644 1676/1510/1676 1675/1507/1675
f 644/1519/644 105/1520/105 645/1521/645 1676/1510/1676
f 1676/1510/1676 645/1521/645 646/1522/646 1679/1511/1679
f 1679/1511/1679 646/1522/646 647/1523/647 1682/1514/1682
f 1682/1514/1682 647/1523/647 108/1524/108 648/1525/648
f 1681/1512/1681 1682/1514/1682 648/1525/648 649/1526/649
f 1680/1513/1680 1681/1512/1681 649/1526/649 650/1527/650
f 639/1528/639 1680/1513/1680 650/1527/650 107/1529/107
f 640/1530/640 1677/1509/1677 1680/1513/1680 639/1528/639
f 641/1517/641 1674/1506/1674 1677/1509/1677 640/1530/640
f 1683/1531/1683 1684/1532/1684 1687/1533/1687 1686/1534/1686
f 1684/1532/1684 1685/1535/1685 1688/1536/1688 1687/1533/1687
f 1686/1534/1686 1687/1533/1687 1690/1537/1690 1689/1538/1689
f 1687/1533/1687 1688/1536/1688 1691/1539/1691 1690/1537/1690
f 105/1540/105 651/1541/651 1683/1531/1683 645/1542/645
f 651/1541/651 652/1543/652 1684/1532/1684 1683/1531/1683
f 652/1543/652 653/1544/653 1685/1535/1685 1684/1532/1684
f 653/1544/653 106/1545/106 654/1546/654 1685/1535/1685
f 1685/1535/1685 654/1546/654 655/1547/655 1688/1536/1688
f 1688/1536/1688 655/1547/655 656/1548/656 1691/1539/1691
f 1691/1539/1691 656/1548/656 109/1549/109 657/1550/657
f 1690/1537/1690 1691/1539/1691 657/1550/657 658/1551/658
f 1689/1538/1689 1690/1537/1690 658/1551/658 659/1552/659
f 647/1553/647 1689/1538/1689 659/1552/659 108/1554/108
f 646/1522/646 1686/1534/1686 1689/1538/1689 647/1553/647
f 645/1542/645 1683/1531/1683 1686/1534/1686 646/1522/646
f 1692/1555/1692 1693/1556/1693 1696/1557/1696 1695/1558/1695
f 1693/1556/1693 1694/1559/1694 1697/1560/1697 1696/1557/1696
f 1695/1558/1695 1696/1557/1696 1699/1561/1699 1698/1562/1698
f 1696/1557/1696 1697/1560/1697 1700/1563/1700 1699/1561/1699
f 107/1564/107 650/1565/650 1692/1555/1692 662/1566/662
f 650/1565/650 649/1567/649 1693/1556/1693 1692/1555/1692
f 649/1567/649 648/1525/648 1694/1559/1694 1693/1556/1693
f 648/1525/648 108/1554/108 663/1568/663 1694/1559/1694
f 1694/1559/1694 663/1568/663 664/1569/664 1697/1560/1697
f 1697/1560/1697 664/1569/664 665/1570/665 1700/1563/1700
f 1700/1563/1700 665/1570/665 103/1459/103 620/1458/620
f 1699/1561/1699 1700/1563/1700 620/1458/620 619/1457/619
f 1698/1562/1698 1699/1561/1699 619/1457/619 618/1456/618
f 660/1571/660 1698/1562/1698 618/1456/618 100/1572/100
f 661/1573/661 1695/1558/1695 1698/1562/1698 660/1571/660
f 662/1566/662 1692/1555/1692 1695/1558/1695 661/1573/661
f 1701/1574/1701 1702/1575/1702 1705/1576/1705 1704/1577/1704
f 1702/1575/1702 1703/1578/1703 1706/1579/1706 1705/1576/1705
f 1704/1577/1704 1705/1576/1705 1708/1580/1708 1707/1581/1707
f 1705/1576/1705 1706/1579/1706 1709/1582/1709 1708/1580/1708
f 108/1554/108 659/1552/659 1701/1574/1701 663/1568/663
f 659/1552/659 658/1551/658 1702/1575/1702 1701/1574/1701
f 658/1551/658 657/1550/657 1703/1578/1703 1702/1575/1702
f 657/1550/657 109/1549/109 666/1583/666 1703/1578/1703
f 1703/1578/1703 666/1583/666 667/1584/667 1706/1579/1706
f 1706/1579/1706 667/1584/667 668/1585/668 1709/1582/1709
f 1709/1582/1709 668/1585/668 104/1586/104 635/1587/635
f 1708/1580/1708 1709/1582/1709 635/1587/635 634/1588/634
f 1707/1581/1707 1708/1580/1708 634/1588/634 633/1589/633
f 665/1570/665 1707/1581/1707 633/1589/633 103/1459/103
f 664/1569/664 1704/1577/1704 1707/1581/1707 665/1570/665
f 663/1568/663 1701/1574/1701 1704/1577/1704 664/1569/664
f 1710/1590/1710 1711/1591/1711 1714/1592/1714 1713/1593/1713
f 1711/1591/1711 1712/1594/1712 1715/1595/1715 1714/1592/1714
f 1713/1593/1713 1714/1592/1714 1717/1596/1717 1716/1597/1716
f 1714/1592/1714 1715/1595/1715 1718/1598/1718 1717/1596/1717
f 98/1599/98 672/1600/672 1710/1590/1710 671/1601/671
f 672/1600/672 673/1602/673 1711/1591/1711 1710/1590/1710
f 673/1602/673 674/1603/674 1712/1594/1712 1711/1591/1711
f 674/1603/674 110/1604/110 675/1605/675 1712/1594/1712
f 1712/1594/1712 675/1605/675 676/1606/676 1715/1595/1715
f 1715/1595/1715 676/1606/676 677/1607/677 1718/1598/1718
f 1718/1598/1718 677/1607/677 113/1608/113 678/1609/678
f 1717/1596/1717 1718/1598/1718 678/1609/678 679/1610/679
f 1716/1597/1716 1717/1596/1717 679/1610/679 680/1611/680
f 669/1612/669 1716/1597/1716 680/1611/680 112/1613/112
f 670/1614/670 1713/1593/1713 1716/1597/1716 669/1612/669
f 671/1601/671 1710/1590/1710 1713/1593/1713 670/1614/670
f 1719/1615/1719 1720/1616/1720 1723/1617/1723 1722/1618/1722
f 1720/1616/1720 1721/1619/1721 1724/1620/1724 1723/1617/1723
f 1722/1618/1722 1723/1617/1723 1726/1621/1726 1725/1622/1725
f 1723/1617/1723 1724/1620/1724 1727/1623/1727 1726/1621/1726
f 110/1624/110 681/1625/681 1719/1615/1719 675/1605/675
f 681/1625/681 682/1626/682 1720/1616/1720 1719/1615/1719
f 682/1626/682 683/1627/683 1721/1619/1721 1720/1616/1720
f 683/1627/683 111/1628/111 632/1629/632 1721/1619/1721
f 1721/1619/1721 632/1629/632 631/1630/631 1724/1620/1724
f 1724/1620/1724 631/1630/631 630/1631/630 1727/1623/1727
f 1727/1623/1727 630/1631/630 114/1632/114 684/1633/684
f 1726/1621/1726 1727/1623/1727 684/1633/684 685/1634/685
f 1725/1622/1725 1726/1621/1726 685/1634/685 686/1635/686
f 677/1636/677 1725/1622/1725 686/1635/686 113/1608/113
f 676/1606/676 1722/1618/1722 1725/1622/1725 677/1636/677
f 675/1605/675 1719/1615/1719 1722/1618/1722 676/1606/676
f 1728/1637/1728 1729/1638/1729 1732/1639/1732 1731/1640/1731
f 1729/1638/1729 1730/1641/1730 1733/1642/1733 1732/1639/1732
f 1731/1640/1731 1732/1639/1732 1735/1643/1735 1734/1644/1734
f 1732/1639/1732 1733/1642/1733 1736/1645/1736 1735/1643/1735
f 112/1646/112 680/1611/680 1728/1637/1728 689/1647/689
f 680/1611/680 679/1610/679 1729/1638/1729 1728/1637/1728
f 679/1610/679 678/1648/678 1730/1641/1730 1729/1638/1729
f 678/1648/678 113/1608/113 690/1649/690 1730/1641/1730
f 1730/1641/1730 690/1649/690 691/1650/691 1733/1642/1733
f 1733/1642/1733 691/1650/691 692/1651/692 1736/1645/1736
f 1736/1645/1736 692/1651/692 109/1652/109 656/1653/656
f 1735/1643/1735 1736/1645/1736 656/1653/656 655/1654/655
f 1734/1644/1734 1735/1643/1735 655/1654/655 654/1655/654
f 687/1656/687 1734/1644/1734 654/1655/654 106/1657/106
f 688/1658/688 1731/1640/1731 1734/1644/1734 687/1656/687
f 689/1647/689 1728/1637/1728 1731/1640/1731 688/1658/688
f 1737/1659/1737 1738/1660/1738 1741/1661/1741 1740/1662/1740
f 1738/1660/1738 1739/1663/1739 1742/1664/1742 1741/1661/1741
f 1740/1662/1740 1741/1661/1741 1744/1665/1744 1743/1666/1743
f 1741/1661/1741 1742/1664/1742 1745/1667/1745 1744/1665/1744
f 113/1608/113 686/1635/686 1737/1659/1737 690/1649/690
f 686/1635/686 685/1634/685 1738/1660/1738 1737/1659/1737
f 685/1634/685 684/1633/684 1739/1663/1739 1738/1660/1738
f 684/1633/684 114/1632/114 638/1668/638 1739/1663/1739
f 1739/1663/1739 638/1668/638 637/1669/637 1742/1664/1742
f 1742/1664/1742 637/1669/637 636/1670/636 1745/1667/1745
f 1745/1667/1745 636/1670/636 104/1671/104 668/1672/668
f 1744/1665/1744 1745/1667/1745 668/1672/668 667/1673/667
f 1743/1666/1743 1744/1665/1744 667/1673/667 666/1674/666
f 692/1651/692 1743/1666/1743 666/1674/666 109/1652/109
f 691/1650/691 1740/1662/1740 1743/1666/1743 692/1651/692
f 690/1649/690 1737/1659/1737 1740/1662/1740 691/1650/691
f 1746/1675/1746 1747/1676/1747 1750/1677/1750 1749/1678/1749
f 1747/1676/1747 1748/1679/1748 1751/1680/1751 1750/1677/1750
f 1749/1678/1749 1750/1677/1750 1753/1681/1753 1752/1682/1752
f 1750/1677/1750 1751/1680/1751 1754/1683/1754 1753/1681/1753
f 115/1684/115 696/1685/696 1746/1675/1746 695/1686/695
f 696/1685/696 697/1687/697 1747/1676/1747 1746/1675/1746
f 697/1687/697 698/1688/698 1748/1679/1748 1747/1676/1747
f 698/1688/698 118/1689/118 699/1690/699 1748/1679/1748
f 1748/1679/1748 699/1690/699 700/1691/700 1751/1680/1751
f 1751/1680/1751 700/1691/700 701/1692/701 1754/1683/1754
f 1754/1683/1754 701/1692/701 121/1693/121 702/1694/702
f 1753/1681/1753 1754/1683/1754 702/1694/702 703/1695/703
f 1752/1682/1752 1753/1681/1753 703/1695/703 704/1696/704
f 693/1697/693 1752/1682/1752 704/1696/704 120/1698/120
f 694/1699/694 1749/1678/1749 1752/1682/1752 693/1697/693
f 695/1686/695 1746/1675/1746 1749/1678/1749 694/1699/694
f 1755/1700/1755 1756/1701/1756 1759/1702/1759 1758/1703/1758
f 1756/1701/1756 1757/1704/1757 1760/1705/1760 1759/1702/1759
f 1758/1703/1758 1759/1702/1759 1762/1706/1762 1761/1707/1761
f 1759/1702/1759 1760/1705/1760 1763/1708/1763 1762/1706/1762
f 118/1709/118 705/1710/705 1755/1700/1755 699/1711/699
f 705/1710/705 706/1712/706 1756/1701/1756 1755/1700/1755
f 706/1712/706 707/1713/707 1757/1704/1757 1756/1701/1756
f 707/1713/707 119/1714/119 708/1715/708 1757/1704/1757
f 1757/1704/1757 708/1715/708 709/1716/709 1760/1705/1760
f 1760/1705/1760 709/1716/709 710/1717/710 1763/1708/1763
f 1763/1708/1763 710/1717/710 122/1718/122 711/1719/711
f 1762/1706/1762 1763/1708/1763 711/1719/711 712/1720/712
f 1761/1707/1761 1762/1706/1762 712/1720/712 713/1721/713
f 701/1722/701 1761/1707/1761 713/1721/713 121/1723/121
f 700/1724/700 1758/1703/1758 1761/1707/1761 701/1722/701
f 699/1711/699 1755/1700/1755 1758/1703/1758 700/1724/700
f 1764/1725/1764 1765/1726/1765 1768/1727/1768 1767/1728/1767
f 1765/1726/1765 1766/1729/1766 1769/1730/1769 1768/1727/1768
f 1767/1728/1767 1768/1727/1768 1771/1731/1771 1770/1732/1770
f 1768/1727/1768 1769/1730/1769 1772/1733/1772 1771/1731/1771
f 120/1698/120 704/1696/704 1764/1725/1764 716/1734/716
f 704/1696/704 703/1735/703 1765/1726/1765 1764/1725/1764
f 703/1735/703 702/1736/702 1766/1729/1766 1765/1726/1765
f 702/1736/702 121/1723/121 717/1737/717 1766/1729/1766
f 1766/1729/1766 717/1737/717 718/1738/718 1769/1730/1769
f 1769/1730/1769 718/1738/718 719/1739/719 1772/1733/1772
f 1772/1733/1772 719/1739/719 133/1740/133 720/1741/720
f 1771/1731/1771 1772/1733/1772 720/1741/720 721/1742/721
f 1770/1732/1770 1771/1731/1771 721/1742/721 722/1743/722
f 714/1744/714 1770/1732/1770 722/1743/722 130/1745/130
f 715/1746/715 1767/1728/1767 1770/1732/1770 714/1744/714
f 716/1734/716 1764/1725/1764 1767/1728/1767 715/1746/715
f 1773/1747/1773 1774/1748/1774 1777/1749/1777 1776/1750/1776
f 1774/1748/1774 1775/1751/1775 1778/1752/1778 1777/1749/1777
f 1776/1750/1776 1777/1749/1777 1780/1753/1780 1779/1754/1779
f 1777/1749/1777 1778/1752/1778 1781/1755/1781 1780/1753/1780
f 121/1723/121 713/1721/713 1773/1747/1773 717/1737/717
f 713/1721/713 712/1720/712 1774/1748/1774 1773/1747/1773
f 712/1720/712 711/1719/711 1775/1751/1775 1774/1748/1774
f 711/1719/711 122/1718/122 723/1756/723 1775/1751/1775
f 1775/1751/1775 723/1756/723 724/1757/724 1778/1752/1778
f 1778/1752/1778 724/1757/724 725/1758/725 1781/1755/1781
f 1781/1755/1781 725/1758/725 123/1759/123 726/1760/726
f 1780/1753/1780 1781/1755/1781 726/1760/726 727/1761/727
f 1779/1754/1779 1780/1753/1780 727/1761/727 728/1762/728
f 719/1739/719 1779/1754/1779 728/1762/728 133/1740/133
f 718/1738/718 1776/1750/1776 1779/1754/1779 719/1739/719
f 717/1737/717 1773/1747/1773 1776/1750/1776 718/1738/718
f 1782/1763/1782 1783/1764/1783 1786/1765/1786 1785/1766/1785
f 1783/1764/1783 1784/1767/1784 1787/1768/1787 1786/1765/1786
f 1785/1766/1785 1786/1765/1786 1789/1769/1789 1788/1770/1788
f 1786/1765/1786 1787/1768/1787 1790/1771/1790 1789/1769/1789
f 116/69/116 732/1772/732 1782/1763/1782 731/1773/731
f 732/1772/732 733/1774/733 1783/1764/1783 1782/1763/1782
f 733/1774/733 734/1775/734 1784/1767/1784 1783/1764/1783
f 734/1775/734 124/1776/124 735/1777/735 1784/1767/1784
f 1784/1767/1784 735/1777/735 736/1778/736 1787/1768/1787
f 1787/1768/1787 736/1778/736 737/1779/737 1790/1771/1790
f 1790/1771/1790 737/1779/737 127/1780/127 738/1781/738
f 1789/1769/1789 1790/1771/1790 738/1781/738 739/1782/739
f 1788/1770/1788 1789/1769/1789 739/1782/739 740/1783/740
f 729/1784/729 1788/1770/1788 740/1783/740 126/1785/126
f 730/1786/730 1785/1766/1785 1788/1770/1788 729/1784/729
f 731/1773/731 1782/1763/1782 1785/1766/1785 730/1786/730
f 1791/1787/1791 1792/1788/1792 1795/1789/1795 1794/1790/1794
f 1792/1788/1792 1793/1791/1793 1796/1792/1796 1795/1789/1795
f 1794/1790/1794 1795/1789/1795 1798/1793/1798 1797/1794/1797
f 1795/1789/1795 1796/1792/1796 1799/1795/1799 1798/1793/1798
f 124/1796/124 741/1797/741 1791/1787/1791 735/1798/735
f 741/1797/741 742/1799/742 1792/1788/1792 1791/1787/1791
f 742/1799/742 743/1800/743 1793/1791/1793 1792/1788/1792
f 743/1800/743 125/1801/125 744/1802/744 1793/1791/1793
f 1793/1791/1793 744/1802/744 745/1803/745 1796/1792/1796
f 1796/1792/1796 745/1803/745 746/1804/746 1799/1795/1799
f 1799/1795/1799 746/1804/746 128/1805/128 747/1806/747
f 1798/1793/1798 1799/1795/1799 747/1806/747 748/1807/748
f 1797/1794/1797 1798/1793/1798 748/1807/748 749/1808/749
f 737/1809/737 1797/1794/1797 749/1808/749 127/1810/127
f 736/1811/736 1794/1790/1794 1797/1794/1797 737/1809/737
f 735/1798/735 1791/1787/1791 1794/1790/1794 736/1811/736
f 1800/1812/1800 1801/1813/1801 1804/1814/1804 1803/1815/1803
f 1801/1813/1801 1802/1816/1802 1805/1817/1805 1804/1814/1804
f 1803/1815/1803 1804/1814/1804 1807/1818/1807 1806/1819/1806
f 1804/1814/1804 1805/1817/1805 1808/1820/1808 1807/1818/1807
f 126/1785/126 740/1821/740 1800/1812/1800 752/1822/752
f 740/1821/740 739/1823/739 1801/1813/1801 1800/1812/1800
f 739/1823/739 738/1824/738 1802/1816/1802 1801/1813/1801
f 738/1824/738 127/1810/127 753/1825/753 1802/1816/1802
f 1802/1816/1802 753/1825/753 754/1826/754 1805/1817/1805
f 1805/1817/1805 754/1826/754 755/1827/755 1808/1820/1808
f 1808/1820/1808 755/1827/755 122/1828/122 710/1829/710
f 1807/1818/1807 1808/1820/1808 710/1829/710 709/1830/709
f 1806/1819/1806 1807/1818/1807 709/1830/709 708/1831/708
f 750/1832/750 1806/1819/1806 708/1831/708 119/1833/119
f 751/1834/751 1803/1815/1803 1806/1819/1806 750/1832/750
f 752/1822/752 1800/1812/1800 1803/1815/1803 751/1834/751
f 1809/1835/1809 1810/1836/1810 1813/1837/1813 1812/1838/1812
f 1810/1836/1810 1811/1839/1811 1814/1840/1814 1813/1837/1813
f 1812/1838/1812 1813/1837/1813 1816/1841/1816 1815/1842/1815
f 1813/1837/1813 1814/1840/1814 1817/1843/1817 1816/1841/1816
f 127/1810/127 749/1808/749 1809/1835/1809 753/1825/753
f 749/1808/749 748/1807/748 1810/1836/1810 1809/1835/1809
f 748/1807/748 747/1806/747 1811/1839/1811 1810/1836/1810
f 747/1806/747 128/1805/128 756/1844/756 1811/1839/1811
f 1811/1839/1811 756/1844/756 757/1845/757 1814/1840/1814
f 1814/1840/1814 757/1845/757 758/1846/758 1817/1843/1817
f 1817/1843/1817 758/1846/758 123/1847/123 725/1848/725
f 1816/1841/1816 1817/1843/1817 725/1848/725 724/1849/724
f 1815/1842/1815 1816/1841/1816 724/1849/724 723/1850/723
f 755/1827/755 1815/1842/1815 723/1850/723 122/1828/122
f 754/1826/754 1812/1838/1812 1815/1842/1815 755/1827/755
f 753/1825/753 1809/1835/1809 1812/1838/1812 754/1826/754
f 1818/1851/1818 1819/1852/1819 1822/1853/1822 1821/1854/1821
f 1819/1852/1819 1820/1855/1820 1823/1856/1823 1822/1853/1822
f 1821/1854/1821 1822/1853/1822 1825/1857/1825 1824/1858/1824
f 1822/1853/1822 1823/1856/1823 1826/1859/1826 1825/1857/1825
f 117/94/117 762/1860/762 1818/1851/1818 761/1861/761
f 762/1860/762 763/1862/763 1819/1852/1819 1818/1851/1818
f 763/1862/763 764/1863/764 1820/1855/1820 1819/1852/1819
f 764/1863/764 129/1864/129 765/1865/765 1820/1855/1820
f 1820/1855/1820 765/1865/765 766/1866/766 1823/1856/1823
f 1823/1856/1823 766/1866/766 767/1867/767 1826/1859/1826
f 1826/1859/1826 767/1867/767 132/1868/132 768/1869/768
f 1825/1857/1825 1826/1859/1826 768/1869/768 769/1870/769
f 1824/1858/1824 1825/1857/1825 769/1870/769 770/1871/770
f 759/1872/759 1824/1858/1824 770/1871/770 131/1873/131
f 760/1874/760 1821/1854/1821 1824/1858/1824 759/1872/759
f 761/1861/761 1818/1851/1818 1821/1854/1821 760/1874/760
f 1827/1875/1827 1828/1876/1828 1831/1877/1831 1830/1878/1830
f 1828/1876/1828 1829/1879/1829 1832/1880/1832 1831/1877/1831
f 1830/1878/1830 1831/1877/1831 1834/1881/1834 1833/1882/1833
f 1831/1877/1831 1832/1880/1832 1835/1883/1835 1834/1881/1834
f 129/1884/129 771/1885/771 1827/1875/1827 765/1886/765
f 771/1885/771 772/1887/772 1828/1876/1828 1827/1875/1827
f 772/1887/772 773/1888/773 1829/1879/1829 1828/1876/1828
f 773/1888/773 130/1889/130 722/1890/722 1829/1879/1829
f 1829/1879/1829 722/1890/722 721/1891/721 1832/1880/1832
f 1832/1880/1832 721/1891/721 720/1892/720 1835/1883/1835
f 1835/1883/1835 720/1892/720 133/1893/133 774/1894/774
f 1834/1881/1834 1835/1883/1835 774/1894/774 775/1895/775
f 1833/1882/1833 1834/1881/1834 775/1895/775 776/1896/776
f 767/1897/767 1833/1882/1833 776/1896/776 132/1898/132
f 766/1866/766 1830/1878/1830 1833/1882/1833 767/1897/767
f 765/1886/765 1827/1875/1827 1830/1878/1830 766/1866/766
f 1836/1899/1836 1837/1900/1837 1840/1901/1840 1839/1902/1839
f 1837/1900/1837 1838/1903/1838 1841/1904/1841 1840/1901/1840
f 1839/1902/1839 1840/1901/1840 1843/1905/1843 1842/1906/1842
f 1840/1901/1840 1841/1904/1841 1844/1907/1844 1843/1905/1843
f 131/1908/131 770/1909/770 1836/1899/1836 779/1910/779
f 770/1909/770 769/1870/769 1837/1900/1837 1836/1899/1836
f 769/1870/769 768/1911/768 1838/1903/1838 1837/1900/1837
f 768/1911/768 132/1898/132 780/1912/780 1838/1903/1838
f 1838/1903/1838 780/1912/780 781/1913/781 1841/1904/1841
f 1841/1904/1841 781/1913/781 782/1914/782 1844/1907/1844
f 1844/1907/1844 782/1914/782 128/1915/128 746/1916/746
f 1843/1905/1843 1844/1907/1844 746/1916/746 745/1917/745
f 1842/1906/1842 1843/1905/1843 745/1917/745 744/1918/744
f 777/1919/777 1842/1906/1842 744/1918/744 125/1920/125
f 778/1921/778 1839/1902/1839 1842/1906/1842 777/1919/777
f 779/1910/779 1836/1899/1836 1839/1902/1839 778/1921/778
f 1845/1922/1845 1846/1923/1846 1849/1924/1849 1848/1925/1848
f 1846/1923/1846 1847/1926/1847 1850/1927/1850 1849/1924/1849
f 1848/1925/1848 1849/1924/1849 1852/1928/1852 1851/1929/1851
f 1849/1924/1849 1850/1927/1850 1853/1930/1853 1852/1928/1852
f 132/1898/132 776/1896/776 1845/1922/1845 780/1912/780
f 776/1896/776 775/1895/775 1846/1923/1846 1845/1922/1845
f 775/1895/775 774/1894/774 1847/1926/1847 1846/1923/1846
f 774/1894/774 133/1893/133 728/1931/728 1847/1926/1847
f 1847/1926/1847 728/1931/728 727/1932/727 1850/1927/1850
f 1850/1927/1850 727/1932/727 726/1933/726 1853/1930/1853
f 1853/1930/1853 726/1933/726 123/1934/123 758/1935/758
f 1852/1928/1852 1853/1930/1853 758/1935/758 757/1936/757
f 1851/1929/1851 1852/1928/1852 757/1936/757 756/1937/756
f 782/1914/782 1851/1929/1851 756/1937/756 128/1915/128
f 781/1913/781 1848/1925/1848 1851/1929/1851 782/1914/782
f 780/1912/780 1845/1922/1845 1848/1925/1848 781/1913/781
f 1854/1938/1854 1855/1939/1855 1858/1940/1858 1857/1941/1857
f 1855/1939/1855 1856/1942/1856 1859/1943/1859 1858/1940/1858
f 1857/1941/1857 1858/1940/1858 1861/1944/1861 1860/1945/1860
f 1858/1940/1858 1859/1943/1859 1862/1946/1862 1861/1944/1861
f 134/24/134 786/1947/786 1854/1938/1854 785/1948/785
f 786/1947/786 787/1949/787 1855/1939/1855 1854/1938/1854
f 787/1949/787 788/1950/788 1856/1942/1856 1855/1939/1855
f 788/1950/788 137/1951/137 789/1952/789 1856/1942/1856
f 1856/1942/1856 789/1952/789 790/1953/790 1859/1943/1859
f 1859/1943/1859 790/1953/790 791/1954/791 1862/1946/1862
f 1862/1946/1862 791/1954/791 140/1955/140 792/1956/792
f 1861/1944/1861 1862/1946/1862 792/1956/792 793/1957/793
f 1860/1945/1860 1861/1944/1861 793/1957/793 794/1958/794
f 783/1959/783 1860/1945/1860 794/1958/794 139/1960/139
f 784/1961/784 1857/1941/1857 1860/1945/1860 783/1959/783
f 785/1948/785 1854/1938/1854 1857/1941/1857 784/1961/784
f 1863/1962/1863 1864/1963/1864 1867/1964/1867 1866/1965/1866
f 1864/1963/1864 1865/1966/1865 1868/1967/1868 1867/1964/1867
f 1866/1965/1866 1867/1964/1867 1870/1968/1870 1869/1969/1869
f 1867/1964/1867 1868/1967/1868 1871/1970/1871 1870/1968/1870
f 137/1971/137 795/1972/795 1863/1962/1863 789/1973/789
f 795/1972/795 796/1974/796 1864/1963/1864 1863/1962/1863
f 796/1974/796 797/1975/797 1865/1966/1865 1864/1963/1864
f 797/1975/797 138/1976/138 798/1977/798 1865/1966/1865
f 1865/1966/1865 798/1977/798 799/1978/799 1868/1967/1868
f 1868/1967/1868 799/1978/799 800/1979/800 1871/1970/1871
f 1871/1970/1871 800/1979/800 141/1980/141 801/1981/801
f 1870/1968/1870 1871/1970/1871 801/1981/801 802/1982/802
f 1869/1969/1869 1870/1968/1870 802/1982/802 803/1983/803
f 791/1984/791 1869/1969/1869 803/1983/803 140/1985/140
f 790/1986/790 1866/1965/1866 1869/1969/1869 791/1984/791
f 789/1973/789 1863/1962/1863 1866/1965/1866 790/1986/790
f 1872/1987/1872 1873/1988/1873 1876/1989/1876 1875/1990/1875
f 1873/1988/1873 1874/1991/1874 1877/1992/1877 1876/1989/1876
f 1875/1990/1875 1876/1989/1876 1879/1993/1879 1878/1994/1878
f 1876/1989/1876 1877/1992/1877 1880/1995/1880 1879/1993/1879
f 139/1996/139 794/1958/794 1872/1987/1872 806/1997/806
f 794/1958/794 793/1998/793 1873/1988/1873 1872/1987/1872
f 793/1998/793 792/1956/792 1874/1991/1874 1873/1988/1873
f 792/1956/792 140/1985/140 807/1999/807 1874/1991/1874
f 1874/1991/1874 807/1999/807 808/2000/808 1877/1992/1877
f 1877/1992/1877 808/2000/808 809/2001/809 1880/1995/1880
f 1880/1995/1880 809/2001/809 152/2002/152 810/2003/810
f 1879/1993/1879 1880/1995/1880 810/2003/810 811/2004/811
f 1878/1994/1878 1879/1993/1879 811/2004/811 812/2005/812
f 804/2006/804 1878/1994/1878 812/2005/812 149/2007/149
f 805/2008/805 1875/1990/1875 1878/1994/1878 804/2006/804
f 806/1997/806 1872/1987/1872 1875/1990/1875 805/2008/805
f 1881/2009/1881 1882/2010/1882 1885/2011/1885 1884/2012/1884
f 1882/2010/1882 1883/2013/1883 1886/2014/1886 1885/2011/1885
f 1884/2012/1884 1885/2011/1885 1888/2015/1888 1887/2016/1887
f 1885/2011/1885 1886/2014/1886 1889/2017/1889 1888/2015/1888
f 140/1985/140 803/1983/803 1881/2009/1881 807/1999/807
f 803/1983/803 802/1982/802 1882/2010/1882 1881/2009/1881
f 802/1982/802 801/1981/801 1883/2013/1883 1882/2010/1882
f 801/1981/801 141/1980/141 813/2018/813 1883/2013/1883
f 1883/2013/1883 813/2018/813 814/2019/814 1886/2014/1886
f 1886/2014/1886 814/2019/814 815/2020/815 1889/2017/1889
f 1889/2017/1889 815/2020/815 142/2021/142 816/2022/816
f 1888/2015/1888 1889/2017/1889 816/2022/816 817/2023/817
f 1887/2016/1887 1888/2015/1888 817/2023/817 818/2024/818
f 809/2001/809 1887/2016/1887 818/2024/818 152/2002/152
f 808/2000/808 1884/2012/1884 1887/2016/1887 809/2001/809
f 807/1999/807 1881/2009/1881 1884/2012/1884 808/2000/808
f 1890/2025/1890 1891/2026/1891 1894/2027/1894 1893/2028/1893
f 1891/2026/1891 1892/2029/1892 1895/2030/1895 1894/2027/1894
f 1893/2028/1893 1894/2027/1894 1897/2031/1897 1896/2032/1896
f 1894/2027/1894 1895/2030/1895 1898/2033/1898 1897/2031/1897
f 135/2034/135 822/2035/822 1890/2025/1890 821/2036/821
f 822/2035/822 823/2037/823 1891/2026/1891 1890/2025/1890
f 823/2037/823 824/2038/824 1892/2029/1892 1891/2026/1891
f 824/2038/824 143/2039/143 825/2040/825 1892/2029/1892
f 1892/2029/1892 825/2040/825 826/2041/826 1895/2030/1895
f 1895/2030/1895 826/2041/826 827/2042/827 1898/2033/1898
f 1898/2033/1898 827/2042/827 146/2043/146 828/2044/828
f 1897/2031/1897 1898/2033/1898 828/2044/828 829/2045/829
f 1896/2032/1896 1897/2031/1897 829/2045/829 830/2046/830
f 819/2047/819 1896/2032/1896 830/2046/830 145/2048/145
f 820/2049/820 1893/2028/1893 1896/2032/1896 819/2047/819
f 821/2036/821 1890/2025/1890 1893/2028/1893 820/2049/820
f 1899/2050/1899 1900/2051/1900 1903/2052/1903 1902/2053/1902
f 1900/2051/1900 1901/2054/1901 1904/2055/1904 1903/2052/1903
f 1902/2053/1902 1903/2052/1903 1906/2056/1906 1905/2057/1905
f 1903/2052/1903 1904/2055/1904 1907/2058/1907 1906/2056/1906
f 143/2059/143 831/2060/831 1899/2050/1899 825/2061/825
f 831/2060/831 832/2062/832 1900/2051/1900 1899/2050/1899
f 832/2062/832 833/2063/833 1901/2054/1901 1900/2051/1900
f 833/2063/833 144/2064/144 834/2065/834 1901/2054/1901
f 1901/2054/1901 834/2065/834 835/2066/835 1904/2055/1904
f 1904/2055/1904 835/2066/835 836/2067/836 1907/2058/1907
f 1907/2058/1907 836/2067/836 147/2068/147 837/2069/837
f 1906/2056/1906 1907/2058/1907 837/2069/837 838/2070/838
f 1905/2057/1905 1906/2056/1906 838/2070/838 839/2071/839
f 827/2072/827 1905/2057/1905 839/2071/839 146/2073/146
f 826/2074/826 1902/2053/1902 1905/2057/1905 827/2072/827
f 825/2061/825 1899/2050/1899 1902/2053/1902 826/2074/826
f 1908/2075/1908 1909/2076/1909 1912/2077/1912 1911/2078/1911
f 1909/2076/1909 1910/2079/1910 1913/2080/1913 1912/2077/1912
f 1911/2078/1911 1912/2077/1912 1915/2081/1915 1914/2082/1914
f 1912/2077/1912 1913/2080/1913 1916/2083/1916 1915/2081/1915
f 145/2084/145 830/2085/830 1908/2075/1908 842/2086/842
f 830/2085/830 829/2087/829 1909/2076/1909 1908/2075/1908
f 829/2087/829 828/2088/828 1910/2079/1910 1909/2076/1909
f 828/2088/828 146/2073/146 843/2089/843 1910/2079/1910
f 1910/2079/1910 843/2089/843 844/2090/844 1913/2080/1913
f 1913/2080/1913 844/2090/844 845/2091/845 1916/2083/1916
f 1916/2083/1916 845/2091/845 141/2092/141 800/2093/800
f 1915/2081/1915 1916/2083/1916 800/2093/800 799/2094/799
f 1914/2082/1914 1915/2081/1915 799/2094/799 798/2095/798
f 840/2096/840 1914/2082/1914 798/2095/798 138/2097/138
f 841/2098/841 1911/2078/1911 1914/2082/1914 840/2096/840
f 842/2086/842 1908/2075/1908 1911/2078/1911 841/2098/841
f 1917/2099/1917 1918/2100/1918 1921/2101/1921 1920/2102/1920
f 1918/2100/1918 1919/2103/1919 1922/2104/1922 1921/2101/1921
f 1920/2102/1920 1921/2101/1921 1924/2105/1924 1923/2106/1923
f 1921/2101/1921 1922/2104/1922 1925/2107/1925 1924/2105/1924
f 146/2073/146 839/2071/839 1917/2099/1917 843/2089/843
f 839/2071/839 838/2070/838 1918/2100/1918 1917/2099/1917
f 838/2070/838 837/2069/837 1919/2103/1919 1918/2100/1918
f 837/2069/837 147/2068/147 846/2108/846 1919/2103/1919
f 1919/2103/1919 846/2108/846 847/2109/847 1922/2104/1922
f 1922/2104/1922 847/2109/847 848/2110/848 1925/2107/1925
f 1925/2107/1925 848/2110/848 142/2111/142 815/2112/815
f 1924/2105/1924 1925/2107/1925 815/2112/815 814/2113/814
f 1923/2106/1923 1924/2105/1924 814/2113/814 813/2114/813
f 845/2091/845 1923/2106/1923 813/2114/813 141/2092/141
f 844/2090/844 1920/2102/1920 1923/2106/1923 845/2091/845
f 843/2089/843 1917/2099/1917 1920/2102/1920 844/2090/844
f 1926/2115/1926 1927/2116/1927 1930/2117/1930 1929/2118/1929
f 1927/2116/1927 1928/2119/1928 1931/2120/1931 1930/2117/1930
f 1929/2118/1929 1930/2117/1930 1933/2121/1933 1932/2122/1932
f 1930/2117/1930 1931/2120/1931 1934/2123/1934 1933/2121/1933
f 136/35/136 852/2124/852 1926/2115/1926 851/2125/851
f 852/2124/852 853/2126/853 1927/2116/1927 1926/2115/1926
f 853/2126/853 854/2127/854 1928/2119/1928 1927/2116/1927
f 854/2127/854 148/2128/148 855/2129/855 1928/2119/1928
f 1928/2119/1928 855/2129/855 856/2130/856 1931/2120/1931
f 1931/2120/1931 856/2130/856 857/2131/857 1934/2123/1934
f 1934/2123/1934 857/2131/857 151/2132/151 858/2133/858
f 1933/2121/1933 1934/2123/1934 858/2133/858 859/2134/859
f 1932/2122/1932 1933/2121/1933 859/2134/859 860/2135/860
f 849/2136/849 1932/2122/1932 860/2135/860 150/2137/150
f 850/2138/850 1929/2118/1929 1932/2122/1932 849/2136/849
f 851/2125/851 1926/2115/1926 1929/2118/1929 850/2138/850
f 1935/2139/1935 1936/2140/1936 1939/2141/1939 1938/2142/1938
f 1936/2140/1936 1937/2143/1937 1940/2144/1940 1939/2141/1939
f 1938/2142/1938 1939/2141/1939 1942/2145/1942 1941/2146/1941
f 1939/2141/1939 1940/2144/1940 1943/2147/1943 1942/2145/1942
f 148/2148/148 861/2149/861 1935/2139/1935 855/2150/855
f 861/2149/861 862/2151/862 1936/2140/1936 1935/2139/1935
f 862/2151/862 863/2152/863 1937/2143/1937 1936/2140/1936
f 863/2152/863 149/2153/149 812/2154/812 1937/2143/1937
f 1937/2143/1937 812/2154/812 811/2155/811 1940/2144/1940
f 1940/2144/1940 811/2155/811 810/2156/810 1943/2147/1943
f 1943/2147/1943 810/2156/810 152/2157/152 864/2158/864
f 1942/2145/1942 1943/2147/1943 864/2158/864 865/2159/865
f 1941/2146/1941 1942/2145/1942 865/2159/865 866/2160/866
f 857/2161/857 1941/2146/1941 866/2160/866 151/2162/151
f 856/2163/856 1938/2142/1938 1941/2146/1941 857/2161/857
f 855/2150/855 1935/2139/1935 1938/2142/1938 856/2163/856
f 1944/2164/1944 1945/2165/1945 1948/2166/1948 1947/2167/1947
f 1945/2165/1945 1946/2168/1946 1949/2169/1949 1948/2166/1948
f 1947/2167/1947 1948/2166/1948 1951/2170/1951 1950/2171/1950
f 1948/2166/1948 1949/2169/1949 1952/2172/1952 1951/2170/1951
f 150/2173/150 860/2174/860 1944/2164/1944 869/2175/869
f 860/2174/860 859/2176/859 1945/2165/1945 1944/2164/1944
f 859/2176/859 858/2133/858 1946/2168/1946 1945/2165/1945
f 858/2133/858 151/2162/151 870/2177/870 1946/2168/1946
f 1946/2168/1946 870/2177/870 871/2178/871 1949/2169/1949
f 1949/2169/1949 871/2178/871 872/2179/872 1952/2172/1952
f 1952/2172/1952 872/2179/872 147/2180/147 836/2181/836
f 1951/2170/1951 1952/2172/1952 836/2181/836 835/2182/835
f 1950/2171/1950 1951/2170/1951 835/2182/835 834/2183/834
f 867/2184/867 1950/2171/1950 834/2183/834 144/2185/144
f 868/2186/868 1947/2167/1947 1950/2171/1950 867/2184/867
f 869/2175/869 1944/2164/1944 1947/2167/1947 868/2186/868
f 1953/2187/1953 1954/2188/1954 1957/2189/1957 1956/2190/1956
f 1954/2188/1954 1955/2191/1955 1958/2192/1958 1957/2189/1957
f 1956/2190/1956 1957/2189/1957 1960/2193/1960 1959/2194/1959
f 1957/2189/1957 1958/2192/1958 1961/2195/1961 1960/2193/1960
f 151/2162/151 866/2160/866 1953/2187/1953 870/2177/870
f 866/2160/866 865/2159/865 1954/2188/1954 1953/2187/1953
f 865/2159/865 864/2158/864 1955/2191/1955 1954/2188/1954
f 864/2158/864 152/2157/152 818/2196/818 1955/2191/1955
f 1955/2191/1955 818/2196/818 817/2197/817 1958/2192/1958
f 1958/2192/1958 817/2197/817 816/2198/816 1961/2195/1961
f 1961/2195/1961 816/2198/816 142/2199/142 848/2200/848
f 1960/2193/1960 1961/2195/1961 848/2200/848 847/2201/847
f 1959/2194/1959 1960/2193/1960 847/2201/847 846/2202/846
f 872/2179/872 1959/2194/1959 846/2202/846 147/2180/147
f 871/2178/871 1956/2190/1956 1959/2194/1959 872/2179/872
f 870/2177/870 1953/2187/1953 1956/2190/1956 871/2178/871
f 1962/2203/1962 1963/2204/1963 1966/2205/1966 1965/2206/1965
f 1963/2204/1963 1964/2207/1964 1967/2208/1967 1966/2205/1966
f 1965/2206/1965 1966/2205/1966 1969/2209/1969 1968/2210/1968
f 1966/2205/1966 1967/2208/1967 1970/2211/1970 1969/2209/1969
f 98/2212/98 873/2213/873 1962/2203/1962 672/2214/672
f 873/2213/873 874/2215/874 1963/2204/1963 1962/2203/1962
f 874/2215/874 875/2216/875 1964/2207/1964 1963/2204/1963
f 875/2216/875 134/24/134 785/1948/785 1964/2207/1964
f 1964/2207/1964 785/1948/785 784/1961/784 1967/2208/1967
f 1967/2208/1967 784/1961/784 783/1959/783 1970/2211/1970
f 1970/2211/1970 783/1959/783 139/1960/139 876/2217/876
f 1969/2209/1969 1970/2211/1970 876/2217/876 877/2218/877
f 1968/2210/1968 1969/2209/1969 877/2218/877 878/2219/878
f 674/1603/674 1968/2210/1968 878/2219/878 110/2220/110
f 673/2221/673 1965/2206/1965 1968/2210/1968 674/1603/674
f 672/2214/672 1962/2203/1962 1965/2206/1965 673/2221/673
f 1971/2222/1971 1972/2223/1972 1975/2224/1975 1974/2225/1974
f 1972/2223/1972 1973/2226/1973 1976/2227/1976 1975/2224/1975
f 1974/2225/1974 1975/2224/1975 1978/2228/1978 1977/2229/1977
f 1975/2224/1975 1976/2227/1976 1979/2230/1979 1978/2228/1978
f 110/1624/110 878/2231/878 1971/2222/1971 681/2232/681
f 878/2231/878 877/2233/877 1972/2223/1972 1971/2222/1971
f 877/2233/877 876/2234/876 1973/2226/1973 1972/2223/1972
f 876/2234/876 139/1996/139 806/1997/806 1973/2226/1973
f 1973/2226/1973 806/1997/806 805/2008/805 1976/2227/1976
f 1976/2227/1976 805/2008/805 804/2006/804 1979/2230/1979
f 1979/2230/1979 804/2006/804 149/2007/149 879/2235/879
f 1978/2228/1978 1979/2230/1979 879/2235/879 880/2236/880
f 1977/2229/1977 1978/2228/1978 880/2236/880 881/2237/881
f 683/1627/683 1977/2229/1977 881/2237/881 111/1628/111
f 682/2238/682 1974/2225/1974 1977/2229/1977 683/1627/683
f 681/2232/681 1971/2222/1971 1974/2225/1974 682/2238/682
f 1980/2239/1980 1981/2240/1981 1984/2241/1984 1983/2242/1983
f 1981/2240/1981 1982/2243/1982 1985/2244/1985 1984/2241/1984
f 1983/2242/1983 1984/2241/1984 1987/2245/1987 1986/2246/1986
f 1984/2241/1984 1985/2244/1985 1988/2247/1988 1987/2245/1987
f 111/1488/111 881/2248/881 1980/2239/1980 624/2249/624
f 881/2248/881 880/2250/880 1981/2240/1981 1980/2239/1980
f 880/2250/880 879/2251/879 1982/2243/1982 1981/2240/1981
f 879/2251/879 149/2153/149 863/2252/863 1982/2243/1982
f 1982/2243/1982 863/2252/863 862/2253/862 1985/2244/1985
f 1985/2244/1985 862/2253/862 861/2254/861 1988/2247/1988
f 1988/2247/1988 861/2254/861 148/2255/148 882/2256/882
f 1987/2245/1987 1988/2247/1988 882/2256/882 883/2257/883
f 1986/2246/1986 1987/2245/1987 883/2257/883 884/2258/884
f 626/2259/626 1986/2246/1986 884/2258/884 101/2260/101
f 625/2261/625 1983/2242/1983 1986/2246/1986 626/2259/626
f 624/2249/624 1980/2239/1980 1983/2242/1983 625/2261/625
f 1989/2262/1989 1990/2263/1990 1993/2264/1993 1992/2265/1992
f 1990/2263/1990 1991/2266/1991 1994/2267/1994 1993/2264/1993
f 1992/2265/1992 1993/2264/1993 1996/2268/1996 1995/2269/1995
f 1993/2264/1993 1994/2267/1994 1997/2270/1997 1996/2268/1996
f 101/2271/101 884/2258/884 1989/2262/1989 603/2272/603
f 884/2258/884 883/2257/883 1990/2263/1990 1989/2262/1989
f 883/2257/883 882/2273/882 1991/2266/1991 1990/2263/1990
f 882/2273/882 148/2274/148 854/2275/854 1991/2266/1991
f 1991/2266/1991 854/2275/854 853/2276/853 1994/2267/1994
f 1994/2267/1994 853/2276/853 852/2277/852 1997/2270/1997
f 1997/2270/1997 852/2277/852 136/2278/136 885/37/885
f 1996/2268/1996 1997/2270/1997 885/37/885 886/50/886
f 1995/2269/1995 1996/2268/1996 886/50/886 887/2279/887
f 605/2280/605 1995/2269/1995 887/2279/887 96/2281/96
f 604/2282/604 1992/2265/1992 1995/2269/1995 605/2280/605
f 603/2272/603 1989/2262/1989 1992/2265/1992 604/2282/604
f 1998/2283/1998 1999/2284/1999 2002/2285/2002 2001/2286/2001
f 1999/2284/1999 2000/2287/2000 2003/2288/2003 2002/2285/2002
f 2001/2286/2001 2002/2285/2002 2005/2289/2005 2004/2290/2004
f 2002/2285/2002 2003/2288/2003 2006/2291/2006 2005/2289/2005
f 20/15/20 888/14/888 1998/2283/1998 246/2292/246
f 888/14/888 889/2293/889 1999/2284/1999 1998/2283/1998
f 889/2293/889 890/2294/890 2000/2287/2000 1999/2284/1999
f 890/2294/890 98/1599/98 671/1601/671 2000/2287/2000
f 2000/2287/2000 671/1601/671 670/1614/670 2003/2288/2003
f 2003/2288/2003 670/1614/670 669/1612/669 2006/2291/2006
f 2006/2291/2006 669/1612/669 112/1613/112 891/2295/891
f 2005/2289/2005 2006/2291/2006 891/2295/891 892/2296/892
f 2004/2290/2004 2005/2289/2005 892/2296/892 893/2297/893
f 248/2298/248 2004/2290/2004 893/2297/893 23/391/23
f 247/2299/247 2001/2286/2001 2004/2290/2004 248/2298/248
f 246/2292/246 1998/2283/1998 2001/2286/2001 247/2299/247
f 2007/2300/2007 2008/2301/2008 2011/2302/2011 2010/2303/2010
f 2008/2301/2008 2009/2304/2009 2012/2305/2012 2011/2302/2011
f 2010/2303/2010 2011/2302/2011 2014/2306/2014 2013/2307/2013
f 2011/2302/2011 2012/2305/2012 2015/2308/2015 2014/2306/2014
f 23/411/23 893/2309/893 2007/2300/2007 255/2310/255
f 893/2309/893 892/2311/892 2008/2301/2008 2007/2300/2007
f 892/2311/892 891/2295/891 2009/2304/2009 2008/2301/2008
f 891/2295/891 112/1646/112 689/1647/689 2009/2304/2009
f 2009/2304/2009 689/1647/689 688/1658/688 2012/2305/2012
f 2012/2305/2012 688/1658/688 687/1656/687 2015/2308/2015
f 2015/2308/2015 687/1656/687 106/1657/106 894/2312/894
f 2014/2306/2014 2015/2308/2015 894/2312/894 895/2313/895
f 2013/2307/2013 2014/2306/2014 895/2313/895 896/2314/896
f 257/2315/257 2013/2307/2013 896/2314/896 24/416/24
f 256/414/256 2010/2303/2010 2013/2307/2013 257/2315/257
f 255/2310/255 2007/2300/2007 2010/2303/2010 256/414/256
f 2016/2316/2016 2017/2317/2017 2020/2318/2020 2019/2319/2019
f 2017/2317/2017 2018/2320/2018 2021/2321/2021 2020/2318/2020
f 2019/2319/2019 2020/2318/2020 2023/2322/2023 2022/2323/2022
f 2020/2318/2020 2021/2321/2021 2024/2324/2024 2023/2322/2023
f 24/534/24 896/2325/896 2016/2316/2016 300/2326/300
f 896/2325/896 895/2327/895 2017/2317/2017 2016/2316/2016
f 895/2327/895 894/2328/894 2018/2320/2018 2017/2317/2017
f 894/2328/894 106/1545/106 653/1544/653 2018/2320/2018
f 2018/2320/2018 653/1544/653 652/2329/652 2021/2321/2021
f 2021/2321/2021 652/2329/652 651/1541/651 2024/2324/2024
f 2024/2324/2024 651/1541/651 105/2330/105 897/2331/897
f 2023/2322/2023 2024/2324/2024 897/2331/897 898/2332/898
f 2022/2323/2022 2023/2322/2023 898/2332/898 899/2333/899
f 302/2334/302 2022/2323/2022 899/2333/899 31/2335/31
f 301/2336/301 2019/2319/2019 2022/2323/2022 302/2334/302
f 300/2326/300 2016/2316/2016 2019/2319/2019 301/2336/301
f 2025/2337/2025 2026/2338/2026 2029/2339/2029 2028/2340/2028
f 2026/2338/2026 2027/2341/2027 2030/2342/2030 2029/2339/2029
f 2028/2340/2028 2029/2339/2029 2032/2343/2032 2031/2344/2031
f 2029/2339/2029 2030/2342/2030 2033/2345/2033 2032/2343/2032
f 31/2346/31 899/2347/899 2025/2337/2025 279/2348/279
f 899/2347/899 898/2349/898 2026/2338/2026 2025/2337/2025
f 898/2349/898 897/2350/897 2027/2341/2027 2026/2338/2026
f 897/2350/897 105/2351/105 644/2352/644 2027/2341/2027
f 2027/2341/2027 644/2352/644 643/2353/643 2030/2342/2030
f 2030/2342/2030 643/2353/643 642/2354/642 2033/2345/2033
f 2033/2345/2033 642/2354/642 97/2355/97 900/2356/900
f 2032/2343/2032 2033/2345/2033 900/2356/900 901/2357/901
f 2031/2344/2031 2032/2343/2032 901/2357/901 902/2358/902
f 281/2359/281 2031/2344/2031 902/2358/902 21/2360/21
f 280/2361/280 2028/2340/2028 2031/2344/2031 281/2359/281
f 279/2348/279 2025/2337/2025 2028/2340/2028 280/2361/280
f 2034/2362/2034 2035/2363/2035 2038/2364/2038 2037/2365/2037
f 2035/2363/2035 2036/2366/2036 2039/2367/2039 2038/2364/2038
f 2037/2365/2037 2038/2364/2038 2041/2368/2041 2040/2369/2040
f 2038/2364/2038 2039/2367/2039 2042/2370/2042 2041/2368/2041
f 3/115/3 903/2371/903 2034/2362/2034 222/2372/222
f 903/2371/903 904/2373/904 2035/2363/2035 2034/2362/2034
f 904/2373/904 905/2374/905 2036/2366/2036 2035/2363/2035
f 905/2374/905 22/110/22 311/565/311 2036/2366/2036
f 2036/2366/2036 311/565/311 310/578/310 2039/2367/2039
f 2039/2367/2039 310/578/310 309/576/309 2042/2370/2042
f 2042/2370/2042 309/576/309 36/577/36 906/2375/906
f 2041/2368/2041 2042/2370/2042 906/2375/906 907/2376/907
f 2040/2369/2040 2041/2368/2041 907/2376/907 908/2377/908
f 224/2378/224 2040/2369/2040 908/2377/908 15/313/15
f 223/2379/223 2037/2365/2037 2040/2369/2040 224/2378/224
f 222/2372/222 2034/2362/2034 2037/2365/2037 223/2379/223
f 2043/2380/2043 2044/2381/2044 2047/2382/2047 2046/2383/2046
f 2044/2381/2044 2045/2384/2045 2048/2385/2048 2047/2382/2047
f 2046/2383/2046 2047/2382/2047 2050/2386/2050 2049/2387/2049
f 2047/2382/2047 2048/2385/2048 2051/2388/2051 2050/2386/2050
f 15/313/15 908/2377/908 2043/2380/2043 231/2389/231
f 908/2377/908 907/2376/907 2044/2381/2044 2043/2380/2043
f 907/2376/907 906/2375/906 2045/2384/2045 2044/2381/2044
f 906/2375/906 36/577/36 329/605/329 2045/2384/2045
f 2045/2384/2045 329/605/329 328/613/328 2048/2385/2048
f 2048/2385/2048 328/613/328 327/611/327 2051/2388/2051
f 2051/2388/2051 327/611/327 30/612/30 909/2390/909
f 2050/2386/2050 2051/2388/2051 909/2390/909 910/2391/910
f 2049/2387/2049 2050/2386/2050 910/2391/910 911/2392/911
f 233/2393/233 2049/2387/2049 911/2392/911 16/2394/16
f 232/2395/232 2046/2383/2046 2049/2387/2049 233/2393/233
f 231/2389/231 2043/2380/2043 2046/2383/2046 232/2395/232
f 2052/2396/2052 2053/2397/2053 2056/2398/2056 2055/2399/2055
f 2053/2397/2053 2054/2400/2054 2057/2401/2057 2056/2398/2056
f 2055/2399/2055 2056/2398/2056 2059/2402/2059 2058/2403/2058
f 2056/2398/2056 2057/2401/2057 2060/2404/2060 2059/2402/2059
f 16/2394/16 911/2392/911 2052/2396/2052 174/2405/174
f 911/2392/911 910/2391/910 2053/2397/2053 2052/2396/2052
f 910/2391/910 909/2390/909 2054/2400/2054 2053/2397/2053
f 909/2390/909 30/612/30 293/2406/293 2054/2400/2054
f 2054/2400/2054 293/2406/293 292/2407/292 2057/2401/2057
f 2057/2401/2057 292/2407/292 291/500/291 2060/2404/2060
f 2060/2404/2060 291/500/291 29/2408/29 912/2409/912
f 2059/2402/2059 2060/2404/2060 912/2409/912 913/2410/913
f 2058/2403/2058 2059/2402/2059 913/2410/913 914/2411/914
f 176/2412/176 2058/2403/2058 914/2411/914 6/149/6
f 175/2413/175 2055/2399/2055 2058/2403/2058 176/2412/176
f 174/2405/174 2052/2396/2052 2055/2399/2055 175/2413/175
f 2061/2414/2061 2062/2415/2062 2065/2416/2065 2064/2417/2064
f 2062/2415/2062 2063/2418/2063 2066/2419/2066 2065/2416/2065
f 2064/2417/2064 2065/2416/2065 2068/2420/2068 2067/2421/2067
f 2065/2416/2065 2066/2419/2066 2069/2422/2069 2068/2420/2068
f 6/149/6 914/2411/914 2061/2414/2061 153/2423/153
f 914/2411/914 913/2410/913 2062/2415/2062 2061/2414/2061
f 913/2410/913 912/2409/912 2063/2418/2063 2062/2415/2062
f 912/2409/912 29/2408/29 284/2424/284 2063/2418/2063
f 2063/2418/2063 284/2424/284 283/2425/283 2066/2419/2066
f 2066/2419/2066 283/2425/283 282/2426/282 2069/2422/2069
f 2069/2422/2069 282/2426/282 21/2427/21 915/2428/915
f 2068/2420/2068 2069/2422/2069 915/2428/915 916/2429/916
f 2067/2421/2067 2068/2420/2068 916/2429/916 917/2430/917
f 155/2431/155 2067/2421/2067 917/2430/917 1/2432/1
f 154/2433/154 2064/2417/2064 2067/2421/2067 155/2431/155
f 153/2423/153 2061/2414/2061 2064/2417/2064 154/2433/154
f 2070/2434/2070 2071/2435/2071 2074/2436/2074 2073/2437/2073
f 2071/2435/2071 2072/2438/2072 2075/2439/2075 2074/2436/2074
f 2073/2437/2073 2074/2436/2074 2077/2440/2077 2076/2441/2076
f 2074/2436/2074 2075/2439/2075 2078/2442/2078 2077/2440/2077
f 135/74/135 918/72/918 2070/2434/2070 822/2035/822
f 918/72/918 919/71/919 2071/2435/2071 2070/2434/2070
f 919/71/919 920/70/920 2072/2438/2072 2071/2435/2071
f 920/70/920 116/69/116 731/1773/731 2072/2438/2072
f 2072/2438/2072 731/1773/731 730/1786/730 2075/2439/2075
f 2075/2439/2075 730/1786/730 729/1784/729 2078/2442/2078
f 2078/2442/2078 729/1784/729 126/1785/126 921/2443/921
f 2077/2440/2077 2078/2442/2078 921/2443/921 922/2444/922
f 2076/2441/2076 2077/2440/2077 922/2444/922 923/2445/923
f 824/2038/824 2076/2441/2076 923/2445/923 143/2446/143
f 823/2037/823 2073/2437/2073 2076/2441/2076 824/2038/824
f 822/2035/822 2070/2434/2070 2073/2437/2073 823/2037/823
f 2079/2447/2079 2080/2448/2080 2083/2449/2083 2082/2450/2082
f 2080/2448/2080 2081/2451/2081 2084/2452/2084 2083/2449/2083
f 2082/2450/2082 2083/2449/2083 2086/2453/2086 2085/2454/2085
f 2083/2449/2083 2084/2452/2084 2087/2455/2087 2086/2453/2086
f 143/2059/143 923/2456/923 2079/2447/2079 831/2060/831
f 923/2456/923 922/2457/922 2080/2448/2080 2079/2447/2079
f 922/2457/922 921/2458/921 2081/2451/2081 2080/2448/2080
f 921/2458/921 126/1785/126 752/1822/752 2081/2451/2081
f 2081/2451/2081 752/1822/752 751/1834/751 2084/2452/2084
f 2084/2452/2084 751/1834/751 750/1832/750 2087/2455/2087
f 2087/2455/2087 750/1832/750 119/1833/119 924/2459/924
f 2086/2453/2086 2087/2455/2087 924/2459/924 925/2460/925
f 2085/2454/2085 2086/2453/2086 925/2460/925 926/2461/926
f 833/2462/833 2085/2454/2085 926/2461/926 144/2064/144
f 832/2062/832 2082/2450/2082 2085/2454/2085 833/2462/833
f 831/2060/831 2079/2447/2079 2082/2450/2082 832/2062/832
f 2088/2463/2088 2089/2464/2089 2092/2465/2092 2091/2466/2091
f 2089/2464/2089 2090/2467/2090 2093/2468/2093 2092/2465/2092
f 2091/2466/2091 2092/2465/2092 2095/2469/2095 2094/2470/2094
f 2092/2465/2092 2093/2468/2093 2096/2471/2096 2095/2469/2095
f 144/2185/144 926/2472/926 2088/2463/2088 867/2473/867
f 926/2472/926 925/2474/925 2089/2464/2089 2088/2463/2088
f 925/2474/925 924/2475/924 2090/2467/2090 2089/2464/2089
f 924/2475/924 119/1714/119 707/2476/707 2090/2467/2090
f 2090/2467/2090 707/2476/707 706/1712/706 2093/2468/2093
f 2093/2468/2093 706/1712/706 705/1710/705 2096/2471/2096
f 2096/2471/2096 705/1710/705 118/1709/118 927/2477/927
f 2095/2469/2095 2096/2471/2096 927/2477/927 928/2478/928
f 2094/2470/2094 2095/2469/2095 928/2478/928 929/2479/929
f 869/2175/869 2094/2470/2094 929/2479/929 150/2137/150
f 868/2480/868 2091/2466/2091 2094/2470/2094 869/2175/869
f 867/2473/867 2088/2463/2088 2091/2466/2091 868/2480/868
f 2097/2481/2097 2098/2482/2098 2101/2483/2101 2100/2484/2100
f 2098/2482/2098 2099/2485/2099 2102/2486/2102 2101/2483/2101
f 2100/2484/2100 2101/2483/2101 2104/2487/2104 2103/2488/2103
f 2101/2483/2101 2102/2486/2102 2105/2489/2105 2104/2487/2104
f 150/2490/150 929/2491/929 2097/2481/2097 849/2492/849
f 929/2491/929 928/2493/928 2098/2482/2098 2097/2481/2097
f 928/2493/928 927/2477/927 2099/2485/2099 2098/2482/2098
f 927/2477/927 118/1689/118 698/1688/698 2099/2485/2099
f 2099/2485/2099 698/1688/698 697/2494/697 2102/2486/2102
f 2102/2486/2102 697/2494/697 696/2495/696 2105/2489/2105
f 2105/2489/2105 696/2495/696 115/40/115 930/39/930
f 2104/2487/2104 2105/2489/2105 930/39/930 931/38/931
f 2103/2488/2103 2104/2487/2104 931/38/931 932/36/932
f 851/2496/851 2103/2488/2103 932/36/932 136/35/136
f 850/2138/850 2100/2484/2100 2103/2488/2103 851/2496/851
f 849/2492/849 2097/2481/2097 2100/2484/2100 850/2138/850
f 2106/2497/2106 2107/2498/2107 2110/2499/2110 2109/2500/2109
f 2107/2498/2107 2108/2501/2108 2111/2502/2111 2110/2499/2110
f 2109/2500/2109 2110/2499/2110 2113/2503/2113 2112/2504/2112
f 2110/2499/2110 2111/2502/2111 2114/2505/2114 2113/2503/2113
f 41/815/41 933/2506/933 2106/2497/2106 402/2507/402
f 933/2506/933 934/2508/934 2107/2498/2107 2106/2497/2106
f 934/2508/934 935/2509/935 2108/2501/2108 2107/2498/2107
f 935/2509/935 59/991/59 461/993/461 2108/2501/2108
f 2108/2501/2108 461/993/461 460/1006/460 2111/2502/2111
f 2111/2502/2111 460/1006/460 459/1004/459 2114/2505/2114
f 2114/2505/2114 459/1004/459 69/1005/69 936/2510/936
f 2113/2503/2113 2114/2505/2114 936/2510/936 937/2511/937
f 2112/2504/2112 2113/2503/2113 937/2511/937 938/2512/938
f 404/2513/404 2112/2504/2112 938/2512/938 53/820/53
f 403/2514/403 2109/2500/2109 2112/2504/2112 404/2513/404
f 402/2507/402 2106/2497/2106 2109/2500/2109 403/2514/403
f 2115/2515/2115 2116/2516/2116 2119/2517/2119 2118/2518/2118
f 2116/2516/2116 2117/2519/2117 2120/2520/2120 2119/2517/2119
f 2118/2518/2118 2119/2517/2119 2122/2521/2122 2121/2522/2121
f 2119/2517/2119 2120/2520/2120 2123/2523/2123 2122/2521/2122
f 53/820/53 938/2512/938 2115/2515/2115 411/2524/411
f 938/2512/938 937/2511/937 2116/2516/2116 2115/2515/2115
f 937/2511/937 936/2510/936 2117/2519/2117 2116/2516/2116
f 936/2510/936 69/1005/69 482/1041/482 2117/2519/2117
f 2117/2519/2117 482/1041/482 481/1049/481 2120/2520/2120
f 2120/2520/2120 481/1049/481 480/1047/480 2123/2523/2123
f 2123/2523/2123 480/1047/480 62/1048/62 939/2525/939
f 2122/2521/2122 2123/2523/2123 939/2525/939 940/2526/940
f 2121/2522/2121 2122/2521/2122 940/2526/940 941/2527/941
f 413/2528/413 2121/2522/2121 941/2527/941 54/696/54
f 412/2529/412 2118/2518/2118 2121/2522/2121 413/2528/413
f 411/2524/411 2115/2515/2115 2118/2518/2118 412/2529/412
f 2124/2530/2124 2125/2531/2125 2128/2532/2128 2127/2533/2127
f 2125/2531/2125 2126/2534/2126 2129/2535/2129 2128/2532/2128
f 2127/2533/2127 2128/2532/2128 2131/2536/2131 2130/2537/2130
f 2128/2532/2128 2129/2535/2129 2132/2538/2132 2131/2536/2131
f 54/696/54 941/2527/941 2124/2530/2124 354/2539/354
f 941/2527/941 940/2526/940 2125/2531/2125 2124/2530/2124
f 940/2526/940 939/2525/939 2126/2534/2126 2125/2531/2125
f 939/2525/939 62/1048/62 437/2540/437 2126/2534/2126
f 2126/2534/2126 437/2540/437 436/2541/436 2129/2535/2129
f 2129/2535/2129 436/2541/436 435/926/435 2132/2538/2132
f 2132/2538/2132 435/926/435 61/2542/61 942/2543/942
f 2131/2536/2131 2132/2538/2132 942/2543/942 943/2544/943
f 2130/2537/2130 2131/2536/2131 943/2544/943 944/2545/944
f 356/2546/356 2130/2537/2130 944/2545/944 44/2547/44
f 355/697/355 2127/2533/2127 2130/2537/2130 356/2546/356
f 354/2539/354 2124/2530/2124 2127/2533/2127 355/697/355
f 2133/2548/2133 2134/2549/2134 2137/2550/2137 2136/2551/2136
f 2134/2549/2134 2135/2552/2135 2138/2553/2138 2137/2550/2137
f 2136/2551/2136 2137/2550/2137 2140/2554/2140 2139/2555/2139
f 2137/2550/2137 2138/2553/2138 2141/2556/2141 2140/2554/2140
f 44/2547/44 944/2545/944 2133/2548/2133 333/2557/333
f 944/2545/944 943/2544/943 2134/2549/2134 2133/2548/2133
f 943/2544/943 942/2543/942 2135/2552/2135 2134/2549/2134
f 942/2543/942 61/2542/61 428/905/428 2135/2552/2135
f 2135/2552/2135 428/905/428 427/2558/427 2138/2553/2138
f 2138/2553/2138 427/2558/427 426/2559/426 2141/2556/2141
f 2141/2556/2141 426/2559/426 58/2560/58 945/2561/945
f 2140/2554/2140 2141/2556/2141 945/2561/945 946/121/946
f 2139/2555/2139 2140/2554/2140 946/121/946 947/120/947
f 335/2562/335 2139/2555/2139 947/120/947 39/2563/39
f 334/2564/334 2136/2551/2136 2139/2555/2139 335/2562/335
f 333/2557/333 2133/2548/2133 2136/2551/2136 334/2564/334
f 2142/2565/2142 2143/2566/2143 2146/2567/2146 2145/2568/2145
f 2143/2566/2143 2144/2569/2144 2147/2570/2147 2146/2567/2146
f 2145/2568/2145 2146/2567/2146 2149/2571/2149 2148/2572/2148
f 2146/2567/2146 2147/2570/2147 2150/2573/2150 2149/2571/2149
f 77/1163/77 948/2574/948 2142/2565/2142 516/2575/516
f 948/2574/948 949/2576/949 2143/2566/2143 2142/2565/2142
f 949/2576/949 950/2577/950 2144/2569/2144 2143/2566/2143
f 950/2577/950 97/1515/97 641/1517/641 2144/2569/2144
f 2144/2569/2144 641/1517/641 640/1530/640 2147/2570/2147
f 2147/2570/2147 640/1530/640 639/1528/639 2150/2573/2150
f 2150/2573/2150 639/1528/639 107/1529/107 951/2578/951
f 2149/2571/2149 2150/2573/2150 951/2578/951 952/2579/952
f 2148/2572/2148 2149/2571/2149 952/2579/952 953/2580/953
f 518/2581/518 2148/2572/2148 953/2580/953 80/1168/80
f 517/2582/517 2145/2568/2145 2148/2572/2148 518/2581/518
f 516/2575/516 2142/2565/2142 2145/2568/2145 517/2582/517
f 2151/2583/2151 2152/2584/2152 2155/2585/2155 2154/2586/2154
f 2152/2584/2152 2153/2587/2153 2156/2588/2156 2155/2585/2155
f 2154/2586/2154 2155/2585/2155 2158/2589/2158 2157/2590/2157
f 2155/2585/2155 2156/2588/2156 2159/2591/2159 2158/2589/2158
f 80/1168/80 953/2580/953 2151/2583/2151 525/2592/525
f 953/2580/953 952/2579/952 2152/2584/2152 2151/2583/2151
f 952/2579/952 951/2578/951 2153/2587/2153 2152/2584/2152
f 951/2578/951 107/1529/107 662/2593/662 2153/2587/2153
f 2153/2587/2153 662/2593/662 661/2594/661 2156/2588/2156
f 2156/2588/2156 661/2594/661 660/2595/660 2159/2591/2159
f 2159/2591/2159 660/2595/660 100/2596/100 954/2597/954
f 2158/2589/2158 2159/2591/2159 954/2597/954 955/2598/955
f 2157/2590/2157 2158/2589/2158 955/2598/955 956/2599/956
f 527/1191/527 2157/2590/2157 956/2599/956 81/1310/81
f 526/2600/526 2154/2586/2154 2157/2590/2157 527/1191/527
f 525/2592/525 2151/2583/2151 2154/2586/2154 526/2600/526
f 2160/2601/2160 2161/2602/2161 2164/2603/2164 2163/2604/2163
f 2161/2602/2161 2162/2605/2162 2165/2606/2165 2164/2603/2164
f 2163/2604/2163 2164/2603/2164 2167/2607/2167 2166/2608/2166
f 2164/2603/2164 2165/2606/2165 2168/2609/2168 2167/2607/2167
f 81/1310/81 956/2599/956 2160/2601/2160 570/2610/570
f 956/2599/956 955/2598/955 2161/2602/2161 2160/2601/2160
f 955/2598/955 954/2597/954 2162/2605/2162 2161/2602/2161
f 954/2597/954 100/2596/100 617/2611/617 2162/2605/2162
f 2162/2605/2162 617/2611/617 616/2612/616 2165/2606/2165
f 2165/2606/2165 616/2612/616 615/2613/615 2168/2609/2168
f 2168/2609/2168 615/2613/615 99/2614/99 957/2615/957
f 2167/2607/2167 2168/2609/2168 957/2615/957 958/2616/958
f 2166/2608/2166 2167/2607/2167 958/2616/958 959/2617/959
f 572/1300/572 2166/2608/2166 959/2617/959 88/2618/88
f 571/1311/571 2163/2604/2163 2166/2608/2166 572/1300/572
f 570/2610/570 2160/2601/2160 2163/2604/2163 571/1311/571
f 2169/2619/2169 2170/2620/2170 2173/2621/2173 2172/2622/2172
f 2170/2620/2170 2171/2623/2171 2174/2624/2174 2173/2621/2173
f 2172/2622/2172 2173/2621/2173 2176/2625/2176 2175/2626/2175
f 2173/2621/2173 2174/2624/2174 2177/2627/2177 2176/2625/2176
f 88/2618/88 959/2617/959 2169/2619/2169 549/2628/549
f 959/2617/959 958/2616/958 2170/2620/2170 2169/2619/2169
f 958/2616/958 957/2615/957 2171/2623/2171 2170/2620/2170
f 957/2615/957 99/2614/99 608/2629/608 2171/2623/2171
f 2171/2623/2171 608/2629/608 607/2630/607 2174/2624/2174
f 2174/2624/2174 607/2630/607 606/1426/606 2177/2627/2177
f 2177/2627/2177 606/1426/606 96/2631/96 960/2632/960
f 2176/2625/2176 2177/2627/2177 960/2632/960 961/2633/961
f 2175/2626/2175 2176/2625/2176 961/2633/961 962/45/962
f 551/2634/551 2175/2626/2175 962/45/962 78/2635/78
f 550/2636/550 2172/2622/2172 2175/2626/2175 551/2634/551
f 549/2628/549 2169/2619/2169 2172/2622/2172 550/2636/550
f 2178/2637/2178 2179/2638/2179 2182/2639/2182 2181/2640/2181
f 2179/2638/2179 2180/2641/2180 2183/2642/2183 2182/2639/2182
f 2181/2640/2181 2182/2639/2182 2185/2643/2185 2184/2644/2184
f 2182/2639/2182 2183/2642/2183 2186/2645/2186 2185/2643/2185
f 40/99/40 963/97/963 2178/2637/2178 372/731/372
f 963/97/963 964/96/964 2179/2638/2179 2178/2637/2178
f 964/96/964 965/95/965 2180/2641/2180 2179/2638/2179
f 965/95/965 117/94/117 761/1861/761 2180/2641/2180
f 2180/2641/2180 761/1861/761 760/1874/760 2183/2642/2183
f 2183/2642/2183 760/1874/760 759/1872/759 2186/2645/2186
f 2186/2645/2186 759/1872/759 131/1873/131 966/2646/966
f 2185/2643/2185 2186/2645/2186 966/2646/966 967/2647/967
f 2184/2644/2184 2185/2643/2185 967/2647/967 968/2648/968
f 374/2649/374 2184/2644/2184 968/2648/968 48/2650/48
f 373/2651/373 2181/2640/2181 2184/2644/2184 374/2649/374
f 372/731/372 2178/2637/2178 2181/2640/2181 373/2651/373
f 2187/2652/2187 2188/2653/2188 2191/2654/2191 2190/2655/2190
f 2188/2653/2188 2189/2656/2189 2192/2657/2192 2191/2654/2191
f 2190/2655/2190 2191/2654/2191 2194/2658/2194 2193/2659/2193
f 2191/2654/2191 2192/2657/2192 2195/2660/2195 2194/2658/2194
f 48/735/48 968/2661/968 2187/2652/2187 381/2662/381
f 968/2661/968 967/2663/967 2188/2653/2188 2187/2652/2187
f 967/2663/967 966/2664/966 2189/2656/2189 2188/2653/2188
f 966/2664/966 131/1908/131 779/1910/779 2189/2656/2189
f 2189/2656/2189 779/1910/779 778/1921/778 2192/2657/2192
f 2192/2657/2192 778/1921/778 777/1919/777 2195/2660/2195
f 2195/2660/2195 777/1919/777 125/1920/125 969/2665/969
f 2194/2658/2194 2195/2660/2195 969/2665/969 970/2666/970
f 2193/2659/2193 2194/2658/2194 970/2666/970 971/2667/971
f 383/2668/383 2193/2659/2193 971/2667/971 49/760/49
f 382/2669/382 2190/2655/2190 2193/2659/2193 383/2668/383
f 381/2662/381 2187/2652/2187 2190/2655/2190 382/2669/382
f 2196/2670/2196 2197/2671/2197 2200/2672/2200 2199/2673/2199
f 2197/2671/2197 2198/2674/2198 2201/2675/2201 2200/2672/2200
f 2199/2673/2199 2200/2672/2200 2203/2676/2203 2202/2677/2202
f 2200/2672/2200 2201/2675/2201 2204/2678/2204 2203/2676/2203
f 49/872/49 971/2679/971 2196/2670/2196 417/2680/417
f 971/2679/971 970/2681/970 2197/2671/2197 2196/2670/2196
f 970/2681/970 969/2682/969 2198/2674/2198 2197/2671/2197
f 969/2682/969 125/1801/125 743/2683/743 2198/2674/2198
f 2198/2674/2198 743/2683/743 742/2684/742 2201/2675/2201
f 2201/2675/2201 742/2684/742 741/2685/741 2204/2678/2204
f 2204/2678/2204 741/2685/741 124/1796/124 972/2686/972
f 2203/2676/2203 2204/2678/2204 972/2686/972 973/2687/973
f 2202/2677/2202 2203/2676/2203 973/2687/973 974/2688/974
f 419/860/419 2202/2677/2202 974/2688/974 55/2689/55
f 418/2690/418 2199/2673/2199 2202/2677/2202 419/860/419
f 417/2680/417 2196/2670/2196 2199/2673/2199 418/2690/418
f 2205/2691/2205 2206/2692/2206 2209/2693/2209 2208/2694/2208
f 2206/2692/2206 2207/2695/2207 2210/2696/2210 2209/2693/2209
f 2208/2694/2208 2209/2693/2209 2212/2697/2212 2211/2698/2211
f 2209/2693/2209 2210/2696/2210 2213/2699/2213 2212/2697/2212
f 55/2700/55 974/2701/974 2205/2691/2205 399/2702/399
f 974/2701/974 973/2703/973 2206/2692/2206 2205/2691/2205
f 973/2703/973 972/2704/972 2207/2695/2207 2206/2692/2206
f 972/2704/972 124/1776/124 734/2705/734 2207/2695/2207
f 2207/2695/2207 734/2705/734 733/2706/733 2210/2696/2210
f 2210/2696/2210 733/2706/733 732/1772/732 2213/2699/2213
f 2213/2699/2213 732/1772/732 116/2707/116 975/2708/975
f 2212/2697/2212 2213/2699/2213 975/2708/975 976/2709/976
f 2211/2698/2211 2212/2697/2212 976/2709/976 977/66/977
f 401/2710/401 2211/2698/2211 977/66/977 41/815/41
f 400/2711/400 2208/2694/2208 2211/2698/2211 401/2710/401
f 399/2702/399 2205/2691/2205 2208/2694/2208 400/2711/400
f 2214/2712/2214 2215/2713/2215 2218/2714/2218 2217/2715/2217
f 2215/2713/2215 2216/2716/2216 2219/2717/2219 2218/2714/2218
f 2217/2715/2217 2218/2714/2218 2221/2718/2221 2220/2719/2220
f 2218/2714/2218 2219/2717/2219 2222/2720/2222 2221/2718/2221
f 2/2721/2 978/2722/978 2214/2712/2214 192/223/192
f 978/2722/978 979/2723/979 2215/2713/2215 2214/2712/2214
f 979/2723/979 980/2724/980 2216/2716/2216 2215/2713/2215
f 980/2724/980 40/99/40 371/732/371 2216/2716/2216
f 2216/2716/2216 371/732/371 370/745/370 2219/2717/2219
f 2219/2717/2219 370/745/370 369/743/369 2222/2720/2222
f 2222/2720/2222 369/743/369 50/744/50 981/2725/981
f 2221/2718/2221 2222/2720/2222 981/2725/981 982/2726/982
f 2220/2719/2220 2221/2718/2221 982/2726/982 983/2727/983
f 194/226/194 2220/2719/2220 983/2727/983 10/2728/10
f 193/2729/193 2217/2715/2217 2220/2719/2220 194/226/194
f 192/223/192 2214/2712/2214 2217/2715/2217 193/2729/193
f 2223/2730/2223 2224/2731/2224 2227/2732/2227 2226/2733/2226
f 2224/2731/2224 2225/2734/2225 2228/2735/2228 2227/2732/2227
f 2226/2733/2226 2227/2732/2227 2230/2736/2230 2229/2737/2229
f 2227/2732/2227 2228/2735/2228 2231/2738/2231 2230/2736/2230
f 10/2728/10 983/2727/983 2223/2730/2223 201/2739/201
f 983/2727/983 982/2726/982 2224/2731/2224 2223/2730/2223
f 982/2726/982 981/2725/981 2225/2734/2225 2224/2731/2224
f 981/2725/981 50/744/50 392/780/392 2225/2734/2225
f 2225/2734/2225 392/780/392 391/787/391 2228/2735/2228
f 2228/2735/2228 391/787/391 390/786/390 2231/2738/2231
f 2231/2738/2231 390/786/390 43/670/43 984/2740/984
f 2230/2736/2230 2231/2738/2231 984/2740/984 985/2741/985
f 2229/2737/2229 2230/2736/2230 985/2741/985 986/2742/986
f 203/2743/203 2229/2737/2229 986/2742/986 11/250/11
f 202/248/202 2226/2733/2226 2229/2737/2229 203/2743/203
f 201/2739/201 2223/2730/2223 2226/2733/2226 202/248/202
f 2232/2744/2232 2233/2745/2233 2236/2746/2236 2235/2747/2235
f 2233/2745/2233 2234/2748/2234 2237/2749/2237 2236/2746/2236
f 2235/2747/2235 2236/2746/2236 2239/2750/2239 2238/2751/2238
f 2236/2746/2236 2237/2749/2237 2240/2752/2240 2239/2750/2239
f 11/250/11 986/2742/986 2232/2744/2232 237/358/237
f 986/2742/986 985/2741/985 2233/2745/2233 2232/2744/2232
f 985/2741/985 984/2740/984 2234/2748/2234 2233/2745/2233
f 984/2740/984 43/670/43 347/2753/347 2234/2748/2234
f 2234/2748/2234 347/2753/347 346/668/346 2237/2749/2237
f 2237/2749/2237 346/668/346 345/2754/345 2240/2752/2240
f 2240/2752/2240 345/2754/345 42/647/42 987/2755/987
f 2239/2750/2239 2240/2752/2240 987/2755/987 988/2756/988
f 2238/2751/2238 2239/2750/2239 988/2756/988 989/2757/989
f 239/2758/239 2238/2751/2238 989/2757/989 17/2759/17
f 238/2760/238 2235/2747/2235 2238/2751/2238 239/2758/239
f 237/358/237 2232/2744/2232 2235/2747/2235 238/2760/238
f 2241/2761/2241 2242/2762/2242 2245/2763/2245 2244/2764/2244
f 2242/2762/2242 2243/2765/2243 2246/2766/2246 2245/2763/2245
f 2244/2764/2244 2245/2763/2245 2248/2767/2248 2247/2768/2247
f 2245/2763/2245 2246/2766/2246 2249/2769/2249 2248/2767/2248
f 17/2759/17 989/2757/989 2241/2761/2241 219/2770/219
f 989/2757/989 988/2756/988 2242/2762/2242 2241/2761/2241
f 988/2756/988 987/2755/987 2243/2765/2243 2242/2762/2242
f 987/2755/987 42/647/42 338/2771/338 2243/2765/2243
f 2243/2765/2243 338/2771/338 337/2772/337 2246/2766/2246
f 2246/2766/2246 337/2772/337 336/2773/336 2249/2769/2249
f 2249/2769/2249 336/2773/336 39/119/39 990/2774/990
f 2248/2767/2248 2249/2769/2249 990/2774/990 991/2775/991
f 2247/2768/2247 2248/2767/2248 991/2775/991 992/116/992
f 221/2776/221 2247/2768/2247 992/116/992 3/115/3
f 220/2777/220 2244/2764/2244 2247/2768/2247 221/2776/221
f 219/2770/219 2241/2761/2241 2244/2764/2244 220/2777/220
f 2250/2778/2250 2251/2779/2251 2254/2780/2254 2253/2781/2253
f 2251/2779/2251 2252/2782/2252 2255/2783/2255 2254/2780/2254
f 2253/2781/2253 2254/2780/2254 2257/2784/2257 2256/2785/2256
f 2254/2780/2254 2255/2783/2255 2258/2786/2258 2257/2784/2257
f 134/24/134 993/22/993 2250/2778/2250 786/2787/786
f 993/22/993 994/21/994 2251/2779/2251 2250/2778/2250
f 994/21/994 995/20/995 2252/2782/2252 2251/2779/2251
f 995/20/995 60/19/60 491/1078/491 2252/2782/2252
f 2252/2782/2252 491/1078/491 490/1091/490 2255/2783/2255
f 2255/2783/2255 490/1091/490 489/1089/489 2258/2786/2258
f 2258/2786/2258 489/1089/489 74/1090/74 996/2788/996
f 2257/2784/2257 2258/2786/2258 996/2788/996 997/2789/997
f 2256/2785/2256 2257/2784/2257 997/2789/997 998/2790/998
f 788/2791/788 2256/2785/2256 998/2790/998 137/1951/137
f 787/2792/787 2253/2781/2253 2256/2785/2256 788/2791/788
f 786/2787/786 2250/2778/2250 2253/2781/2253 787/2792/787
f 2259/2793/2259 2260/2794/2260 2263/2795/2263 2262/2796/2262
f 2260/2794/2260 2261/2797/2261 2264/2798/2264 2263/2795/2263
f 2262/2796/2262 2263/2795/2263 2266/2799/2266 2265/2800/2265
f 2263/2795/2263 2264/2798/2264 2267/2801/2267 2266/2799/2266
f 137/1951/137 998/2802/998 2259/2793/2259 795/2803/795
f 998/2802/998 997/2804/997 2260/2794/2260 2259/2793/2259
f 997/2804/997 996/2805/996 2261/2797/2261 2260/2794/2260
f 996/2805/996 74/1121/74 509/1123/509 2261/2797/2261
f 2261/2797/2261 509/1123/509 508/1136/508 2264/2798/2264
f 2264/2798/2264 508/1136/508 507/1134/507 2267/2801/2267
f 2267/2801/2267 507/1134/507 68/1135/68 999/2806/999
f 2266/2799/2266 2267/2801/2267 999/2806/999 1000/2807/1000
f 2265/2800/2265 2266/2799/2266 1000/2807/1000 1001/2808/1001
f 797/2809/797 2265/2800/2265 1001/2808/1001 138/1976/138
f 796/2810/796 2262/2796/2262 2265/2800/2265 797/2809/797
f 795/2803/795 2259/2793/2259 2262/2796/2262 796/2810/796
f 2268/2811/2268 2269/2812/2269 2272/2813/2272 2271/2814/2271
f 2269/2812/2269 2270/2815/2270 2273/2816/2273 2272/2813/2272
f 2271/2814/2271 2272/2813/2272 2275/2817/2275 2274/2818/2274
f 2272/2813/2272 2273/2816/2273 2276/2819/2276 2275/2817/2275
f 138/2097/138 1001/2820/1001 2268/2811/2268 840/2821/840
f 1001/2820/1001 1000/2822/1000 2269/2812/2269 2268/2811/2268
f 1000/2822/1000 999/2823/999 2270/2815/2270 2269/2812/2269
f 999/2823/999 68/1021/68 473/2824/473 2270/2815/2270
f 2270/2815/2270 473/2824/473 472/2825/472 2273/2816/2273
f 2273/2816/2273 472/2825/472 471/2826/471 2276/2819/2276
f 2276/2819/2276 471/2826/471 67/2827/67 1002/2828/1002
f 2275/2817/2275 2276/2819/2276 1002/2828/1002 1003/2829/1003
f 2274/2818/2274 2275/2817/2275 1003/2829/1003 1004/2830/1004
f 842/2831/842 2274/2818/2274 1004/2830/1004 145/2832/145
f 841/2098/841 2271/2814/2271 2274/2818/2274 842/2831/842
f 840/2821/840 2268/2811/2268 2271/2814/2271 841/2098/841
f 2277/2833/2277 2278/2834/2278 2281/2835/2281 2280/2836/2280
f 2278/2834/2278 2279/2837/2279 2282/2838/2282 2281/2835/2281
f 2280/2836/2280 2281/2835/2281 2284/2839/2284 2283/2840/2283
f 2281/2835/2281 2282/2838/2282 2285/2841/2285 2284/2839/2284
f 145/2084/145 1004/2842/1004 2277/2833/2277 819/2843/819
f 1004/2842/1004 1003/2844/1003 2278/2834/2278 2277/2833/2277
f 1003/2844/1003 1002/2845/1002 2279/2837/2279 2278/2834/2278
f 1002/2845/1002 67/2846/67 464/2847/464 2279/2837/2279
f 2279/2837/2279 464/2847/464 463/2848/463 2282/2838/2282
f 2282/2838/2282 463/2848/463 462/2849/462 2285/2841/2285
f 2285/2841/2285 462/2849/462 59/2850/59 1005/62/1005
f 2284/2839/2284 2285/2841/2285 1005/62/1005 1006/75/1006
f 2283/2840/2283 2284/2839/2284 1006/75/1006 1007/2851/1007
f 821/2852/821 2283/2840/2283 1007/2851/1007 135/74/135
f 820/2853/820 2280/2836/2280 2283/2840/2283 821/2852/821
f 819/2843/819 2277/2833/2277 2280/2836/2280 820/2853/820
f 2286/2854/2286 2287/2855/2287 2290/2856/2290 2289/2857/2289
f 2287/2855/2287 2288/2858/2288 2291/2859/2291 2290/2856/2290
f 2289/2857/2289 2290/2856/2290 2293/2860/2293 2292/2861/2292
f 2290/2856/2290 2291/2859/2291 2294/2862/2294 2293/2860/2293
f 117/2863/117 1008/2864/1008 2286/2854/2286 762/2865/762
f 1008/2864/1008 1009/2866/1009 2287/2855/2287 2286/2854/2286
f 1009/2866/1009 1010/91/1010 2288/2858/2288 2287/2855/2287
f 1010/91/1010 79/1337/79 581/1339/581 2288/2858/2288
f 2288/2858/2288 581/1339/581 580/1352/580 2291/2859/2291
f 2291/2859/2291 580/1352/580 579/1350/579 2294/2862/2294
f 2294/2862/2294 579/1350/579 93/1351/93 1011/2867/1011
f 2293/2860/2293 2294/2862/2294 1011/2867/1011 1012/2868/1012
f 2292/2861/2292 2293/2860/2293 1012/2868/1012 1013/2869/1013
f 764/2870/764 2292/2861/2292 1013/2869/1013 129/2871/129
f 763/1862/763 2289/2857/2289 2292/2861/2292 764/2870/764
f 762/2865/762 2286/2854/2286 2289/2857/2289 763/1862/763
f 2295/2872/2295 2296/2873/2296 2299/2874/2299 2298/2875/2298
f 2296/2873/2296 2297/2876/2297 2300/2877/2300 2299/2874/2299
f 2298/2875/2298 2299/2874/2299 2302/2878/2302 2301/2879/2301
f 2299/2874/2299 2300/2877/2300 2303/2880/2303 2302/2878/2302
f 129/1884/129 1013/2881/1013 2295/2872/2295 771/2882/771
f 1013/2881/1013 1012/2883/1012 2296/2873/2296 2295/2872/2295
f 1012/2883/1012 1011/2884/1011 2297/2876/2297 2296/2873/2296
f 1011/2884/1011 93/1387/93 599/1389/599 2297/2876/2297
f 2297/2876/2297 599/1389/599 598/1399/598 2300/2877/2300
f 2300/2877/2300 598/1399/598 597/1397/597 2303/2880/2303
f 2303/2880/2303 597/1397/597 87/1398/87 1014/2885/1014
f 2302/2878/2302 2303/2880/2303 1014/2885/1014 1015/2886/1015
f 2301/2879/2301 2302/2878/2302 1015/2886/1015 1016/2887/1016
f 773/2888/773 2301/2879/2301 1016/2887/1016 130/1889/130
f 772/2889/772 2298/2875/2298 2301/2879/2301 773/2888/773
f 771/2882/771 2295/2872/2295 2298/2875/2298 772/2889/772
f 2304/2890/2304 2305/2891/2305 2308/2892/2308 2307/2893/2307
f 2305/2891/2305 2306/2894/2306 2309/2895/2309 2308/2892/2308
f 2307/2893/2307 2308/2892/2308 2311/2896/2311 2310/2897/2310
f 2308/2892/2308 2309/2895/2309 2312/2898/2312 2311/2896/2311
f 130/1745/130 1016/2899/1016 2304/2890/2304 714/2900/714
f 1016/2899/1016 1015/2901/1015 2305/2891/2305 2304/2890/2304
f 1015/2901/1015 1014/2902/1014 2306/2894/2306 2305/2891/2305
f 1014/2902/1014 87/1279/87 563/2903/563 2306/2894/2306
f 2306/2894/2306 563/2903/563 562/2904/562 2309/2895/2309
f 2309/2895/2309 562/2904/562 561/1275/561 2312/2898/2312
f 2312/2898/2312 561/1275/561 86/2905/86 1017/2906/1017
f 2311/2896/2311 2312/2898/2312 1017/2906/1017 1018/2907/1018
f 2310/2897/2310 2311/2896/2311 1018/2907/1018 1019/2908/1019
f 716/2909/716 2310/2897/2310 1019/2908/1019 120/2910/120
f 715/2911/715 2307/2893/2307 2310/2897/2310 716/2909/716
f 714/2900/714 2304/2890/2304 2307/2893/2307 715/2911/715
f 2313/2912/2313 2314/2913/2314 2317/2914/2317 2316/2915/2316
f 2314/2913/2314 2315/2916/2315 2318/2917/2318 2317/2914/2317
f 2316/2915/2316 2317/2914/2317 2320/2918/2320 2319/2919/2319
f 2317/2914/2317 2318/2917/2318 2321/2920/2321 2320/2918/2320
f 120/2921/120 1019/2922/1019 2313/2912/2313 693/2923/693
f 1019/2922/1019 1018/2924/1018 2314/2913/2314 2313/2912/2313
f 1018/2924/1018 1017/2925/1017 2315/2916/2315 2314/2913/2314
f 1017/2925/1017 86/1254/86 554/2926/554 2315/2916/2315
f 2315/2916/2315 554/2926/554 553/2927/553 2318/2917/2318
f 2318/2917/2318 553/2927/553 552/2928/552 2321/2920/2321
f 2321/2920/2321 552/2928/552 78/44/78 1020/2929/1020
f 2320/2918/2320 2321/2920/2321 1020/2929/1020 1021/2930/1021
f 2319/2919/2319 2320/2918/2320 1021/2930/1021 1022/2931/1022
f 695/2932/695 2319/2919/2319 1022/2931/1022 115/2933/115
f 694/1699/694 2316/2915/2316 2319/2919/2319 695/2932/695
f 693/2923/693 2313/2912/2313 2316/2915/2316 694/1699/694
f 2322/2934/2322 2323/2935/2323 2326/2936/2326 2325/2937/2325
f 2323/2935/2323 2324/2938/2324 2327/2939/2327 2326/2936/2326
f 2325/2937/2325 2326/2936/2326 2329/2940/2329 2328/2941/2328
f 2326/2936/2326 2327/2939/2327 2330/2942/2330 2329/2940/2329
f 79/90/79 1023/2943/1023 2322/2934/2322 582/2944/582
f 1023/2943/1023 1024/2945/1024 2323/2935/2323 2322/2934/2322
f 1024/2945/1024 1025/2946/1025 2324/2938/2324 2323/2935/2323
f 1025/2946/1025 2/85/2 191/224/191 2324/2938/2324
f 2324/2938/2324 191/224/191 190/237/190 2327/2939/2327
f 2327/2939/2327 190/237/190 189/235/189 2330/2942/2330
f 2330/2942/2330 189/235/189 12/236/12 1026/2947/1026
f 2329/2940/2329 2330/2942/2330 1026/2947/1026 1027/2948/1027
f 2328/2941/2328 2329/2940/2329 1027/2948/1027 1028/2949/1028
f 584/2950/584 2328/2941/2328 1028/2949/1028 91/1362/91
f 583/2951/583 2325/2937/2325 2328/2941/2328 584/2950/584
f 582/2944/582 2322/2934/2322 2325/2937/2325 583/2951/583
f 2331/2952/2331 2332/2953/2332 2335/2954/2335 2334/2955/2334
f 2332/2953/2332 2333/2956/2333 2336/2957/2336 2335/2954/2335
f 2334/2955/2334 2335/2954/2335 2338/2958/2338 2337/2959/2337
f 2335/2954/2335 2336/2957/2336 2339/2960/2339 2338/2958/2338
f 91/1342/91 1028/2961/1028 2331/2952/2331 591/1363/591
f 1028/2961/1028 1027/2962/1027 2332/2953/2332 2331/2952/2331
f 1027/2962/1027 1026/2963/1026 2333/2956/2333 2332/2953/2332
f 1026/2963/1026 12/267/12 212/269/212 2333/2956/2333
f 2333/2956/2333 212/269/212 211/281/211 2336/2957/2336
f 2336/2957/2336 211/281/211 210/279/210 2339/2960/2339
f 2339/2960/2339 210/279/210 5/280/5 1029/2964/1029
f 2338/2958/2338 2339/2960/2339 1029/2964/1029 1030/2965/1030
f 2337/2959/2337 2338/2958/2338 1030/2965/1030 1031/2966/1031
f 593/2967/593 2337/2959/2337 1031/2966/1031 92/1367/92
f 592/2968/592 2334/2955/2334 2337/2959/2337 593/2967/593
f 591/1363/591 2331/2952/2331 2334/2955/2334 592/2968/592
f 2340/2969/2340 2341/2970/2341 2344/2971/2344 2343/2972/2343
f 2341/2970/2341 2342/2973/2342 2345/2974/2345 2344/2971/2344
f 2343/2972/2343 2344/2971/2344 2347/2975/2347 2346/2976/2346
f 2344/2971/2344 2345/2974/2345 2348/2977/2348 2347/2975/2347
f 92/1223/92 1031/2978/1031 2340/2969/2340 534/2979/534
f 1031/2978/1031 1030/2980/1030 2341/2970/2341 2340/2969/2340
f 1030/2980/1030 1029/2981/1029 2342/2973/2342 2341/2970/2341
f 1029/2981/1029 5/165/5 167/2982/167 2342/2973/2342
f 2342/2973/2342 167/2982/167 166/2983/166 2345/2974/2345
f 2345/2974/2345 166/2983/166 165/161/165 2348/2977/2348
f 2348/2977/2348 165/161/165 4/160/4 1032/2984/1032
f 2347/2975/2347 2348/2977/2348 1032/2984/1032 1033/2985/1033
f 2346/2976/2346 2347/2975/2347 1033/2985/1033 1034/2986/1034
f 536/1213/536 2346/2976/2346 1034/2986/1034 82/2987/82
f 535/2988/535 2343/2972/2343 2346/2976/2346 536/1213/536
f 534/2979/534 2340/2969/2340 2343/2972/2343 535/2988/535
f 2349/2989/2349 2350/2990/2350 2353/2991/2353 2352/2992/2352
f 2350/2990/2350 2351/2993/2351 2354/2994/2354 2353/2991/2353
f 2352/2992/2352 2353/2991/2353 2356/2995/2356 2355/2996/2355
f 2353/2991/2353 2354/2994/2354 2357/2997/2357 2356/2995/2356
f 82/2998/82 1034/2999/1034 2349/2989/2349 513/3000/513
f 1034/2999/1034 1033/3001/1033 2350/2990/2350 2349/2989/2349
f 1033/3001/1033 1032/3002/1032 2351/2993/2351 2350/2990/2350
f 1032/3002/1032 4/3003/4 158/139/158 2351/2993/2351
f 2351/2993/2351 158/139/158 157/3004/157 2354/2994/2354
f 2354/2994/2354 157/3004/157 156/3005/156 2357/2997/2357
f 2357/2997/2357 156/3005/156 1/3006/1 1035/3007/1035
f 2356/2995/2356 2357/2997/2357 1035/3007/1035 1036/3008/1036
f 2355/2996/2355 2356/2995/2356 1036/3008/1036 1037/3009/1037
f 515/3010/515 2355/2996/2355 1037/3009/1037 77/3011/77
f 514/1178/514 2352/2992/2352 2355/2996/2355 515/3010/515
f 513/3000/513 2349/2989/2349 2352/2992/2352 514/1178/514
f 2358/3012/2358 2359/3013/2359 2362/3014/2362 2361/3015/2361
f 2359/3013/2359 2360/3016/2360 2363/3017/2363 2362/3014/2362
f 2361/3015/2361 2362/3014/2362 2365/3018/2365 2364/3019/2364
f 2362/3014/2362 2363/3017/2363 2366/3020/2366 2365/3018/2365
f 60/3021/60 1038/3022/1038 2358/3012/2358 492/3023/492
f 1038/3022/1038 1039/3024/1039 2359/3013/2359 2358/3012/2358
f 1039/3024/1039 1040/16/1040 2360/3016/2360 2359/3013/2359
f 1040/16/1040 20/15/20 245/388/245 2360/3016/2360
f 2360/3016/2360 245/388/245 244/401/244 2363/3017/2363
f 2363/3017/2363 244/401/244 243/399/243 2366/3020/2366
f 2366/3020/2366 243/399/243 25/400/25 1041/3025/1041
f 2365/3018/2365 2366/3020/2366 1041/3025/1041 1042/3026/1042
f 2364/3019/2364 2365/3018/2365 1042/3026/1042 1043/3027/1043
f 494/3028/494 2364/3019/2364 1043/3027/1043 72/3029/72
f 493/3030/493 2361/3015/2361 2364/3019/2364 494/3028/494
f 492/3023/492 2358/3012/2358 2361/3015/2361 493/3030/493
f 2367/3031/2367 2368/3032/2368 2371/3033/2371 2370/3034/2370
f 2368/3032/2368 2369/3035/2369 2372/3036/2372 2371/3033/2371
f 2370/3034/2370 2371/3033/2371 2374/3037/2374 2373/3038/2373
f 2371/3033/2371 2372/3036/2372 2375/3039/2375 2374/3037/2374
f 72/3029/72 1043/3027/1043 2367/3031/2367 501/3040/501
f 1043/3027/1043 1042/3026/1042 2368/3032/2368 2367/3031/2367
f 1042/3026/1042 1041/3025/1041 2369/3035/2369 2368/3032/2368
f 1041/3025/1041 25/400/25 266/435/266 2369/3035/2369
f 2369/3035/2369 266/435/266 265/445/265 2372/3036/2372
f 2372/3036/2372 265/445/265 264/443/264 2375/3039/2375
f 2375/3039/2375 264/443/264 35/444/35 1044/3041/1044
f 2374/3037/2374 2375/3039/2375 1044/3041/1044 1045/3042/1045
f 2373/3038/2373 2374/3037/2374 1045/3042/1045 1046/3043/1046
f 503/3044/503 2373/3038/2373 1046/3043/1046 73/3045/73
f 502/3046/502 2370/3034/2370 2373/3038/2373 503/3044/503
f 501/3040/501 2367/3031/2367 2370/3034/2370 502/3046/502
f 2376/3047/2376 2377/3048/2377 2380/3049/2380 2379/3050/2379
f 2377/3048/2377 2378/3051/2378 2381/3052/2381 2380/3049/2380
f 2379/3050/2379 2380/3049/2380 2383/3053/2383 2382/3054/2382
f 2380/3049/2380 2381/3052/2381 2384/3055/2384 2383/3053/2383
f 73/3045/73 1046/3043/1046 2376/3047/2376 444/3056/444
f 1046/3043/1046 1045/3042/1045 2377/3048/2377 2376/3047/2376
f 1045/3042/1045 1044/3041/1044 2378/3051/2378 2377/3048/2377
f 1044/3041/1044 35/444/35 323/3057/323 2378/3051/2378
f 2378/3051/2378 323/3057/323 322/3058/322 2381/3052/2381
f 2381/3052/2381 322/3058/322 321/588/321 2384/3055/2384
f 2384/3055/2384 321/588/321 34/3059/34 1047/3060/1047
f 2383/3053/2383 2384/3055/2384 1047/3060/1047 1048/3061/1048
f 2382/3054/2382 2383/3053/2383 1048/3061/1048 1049/3062/1049
f 446/3063/446 2382/3054/2382 1049/3062/1049 63/3064/63
f 445/3065/445 2379/3050/2379 2382/3054/2382 446/3063/446
f 444/3056/444 2376/3047/2376 2379/3050/2379 445/3065/445
f 2385/3066/2385 2386/3067/2386 2389/3068/2389 2388/3069/2388
f 2386/3067/2386 2387/3070/2387 2390/3071/2390 2389/3068/2389
f 2388/3069/2388 2389/3068/2389 2392/3072/2392 2391/3073/2391
f 2389/3068/2389 2390/3071/2390 2393/3074/2393 2392/3072/2392
f 63/3064/63 1049/3062/1049 2385/3066/2385 423/3075/423
f 1049/3062/1049 1048/3061/1048 2386/3067/2386 2385/3066/2385
f 1048/3061/1048 1047/3060/1047 2387/3070/2387 2386/3067/2386
f 1047/3060/1047 34/3059/34 314/3076/314 2387/3070/2387
f 2387/3070/2387 314/3076/314 313/3077/313 2390/3071/2390
f 2390/3071/2390 313/3077/313 312/3078/312 2393/3074/2393
f 2393/3074/2393 312/3078/312 22/3079/22 1050/112/1050
f 2392/3072/2392 2393/3074/2393 1050/112/1050 1051/125/1051
f 2391/3073/2391 2392/3072/2392 1051/125/1051 1052/3080/1052
f 425/3081/425 2391/3073/2391 1052/3080/1052 58/124/58
f 424/3082/424 2388/3069/2388 2391/3073/2391 425/3081/425
f 423/3075/423 2385/3066/2385 2388/3069/2388 424/3082/424
f 2394/3083/2394 2395/3084/2395 2398/3085/2398 2397/3086/2397
f 2395/3084/2395 2396/3087/2396 2399/3088/2399 2398/3085/2398
f 2397/3086/2397 2398/3085/2398 2401/3089/2401 2400/3090/2400
f 2398/3085/2398 2399/3088/2399 2402/3091/2402 2401/3089/2401
f 97/1515/97 950/3092/950 2394/3083/2394 900/3093/900
f 950/3092/950 949/3094/949 2395/3084/2395 2394/3083/2394
f 949/3094/949 948/3095/948 2396/3087/2396 2395/3084/2395
f 948/3095/948 77/3011/77 1037/3009/1037 2396/3087/2396
f 2396/3087/2396 1037/3009/1037 1036/3096/1036 2399/3088/2399
f 2399/3088/2399 1036/3096/1036 1035/3097/1035 2402/3091/2402
f 2402/3091/2402 1035/3097/1035 1/135/1 917/2430/917
f 2401/3089/2401 2402/3091/2402 917/2430/917 916/3098/916
f 2400/3090/2400 2401/3089/2401 916/3098/916 915/3099/915
f 902/3100/902 2400/3090/2400 915/3099/915 21/3101/21
f 901/3102/901 2397/3086/2397 2400/3090/2400 902/3100/902
f 900/3093/900 2394/3083/2394 2397/3086/2397 901/3102/901
